# https://github.com/mikedh/trimesh
mtllib material.mtl

o Body1_001-mesh
usemtl material_0
v -0.00274547 -0.00616643 -0.00700000
v -0.00271405 -0.00609586 -0.00698776
v -0.00174703 -0.00652000 -0.00700000
v -0.00172703 -0.00644538 -0.00698776
v -0.00174703 -0.00652000 -0.00700000
v -0.00172703 -0.00644538 -0.00698776
v -0.00070557 -0.00671303 -0.00700000
v -0.00069749 -0.00663619 -0.00698776
v 0.00035327 -0.00674075 -0.00700000
v 0.00034922 -0.00666360 -0.00698776
v 0.00140340 -0.00660250 -0.00700000
v 0.00138734 -0.00652693 -0.00698776
v 0.00241898 -0.00630167 -0.00700000
v 0.00239130 -0.00622955 -0.00698776
v 0.00337500 -0.00584567 -0.00700000
v 0.00333637 -0.00577877 -0.00698776
v 0.00424791 -0.00524574 -0.00700000
v 0.00419929 -0.00518570 -0.00698776
v 0.00501623 -0.00451663 -0.00700000
v 0.00495882 -0.00446494 -0.00698776
v 0.00566103 -0.00367631 -0.00700000
v 0.00559623 -0.00363424 -0.00698776
v 0.00616643 -0.00274547 -0.00700000
v 0.00609586 -0.00271405 -0.00698776
v 0.00652000 -0.00174703 -0.00700000
v 0.00644538 -0.00172704 -0.00698776
v 0.00671302 -0.00070557 -0.00700000
v 0.00663619 -0.00069749 -0.00698776
v 0.00674075 0.00035326 -0.00700000
v 0.00666360 0.00034922 -0.00698776
v 0.00660250 0.00140340 -0.00700000
v 0.00652693 0.00138734 -0.00698776
v 0.00630167 0.00241898 -0.00700000
v 0.00622954 0.00239130 -0.00698776
v 0.00584567 0.00337500 -0.00700000
v 0.00577877 0.00333637 -0.00698777
v 0.00524573 0.00424791 -0.00700000
v 0.00518570 0.00419929 -0.00698777
v 0.00451663 0.00501622 -0.00700000
v 0.00446494 0.00495881 -0.00698777
v 0.00367631 0.00566102 -0.00700000
v 0.00363424 0.00559623 -0.00698777
v 0.00274547 0.00616643 -0.00700000
v 0.00271405 0.00609585 -0.00698777
v 0.00174703 0.00652000 -0.00700000
v 0.00172703 0.00644538 -0.00698777
v 0.00070557 0.00671302 -0.00700000
v 0.00069749 0.00663619 -0.00698777
v -0.00035327 0.00674075 -0.00700000
v -0.00034922 0.00666360 -0.00698777
v -0.00140340 0.00660249 -0.00700000
v -0.00138734 0.00652693 -0.00698777
v -0.00241898 0.00630167 -0.00700000
v -0.00239130 0.00622954 -0.00698777
v -0.00337500 0.00584567 -0.00700000
v -0.00333637 0.00577877 -0.00698777
v -0.00424791 0.00524573 -0.00700000
v -0.00419929 0.00518570 -0.00698777
v -0.00501623 0.00451663 -0.00700000
v -0.00495882 0.00446494 -0.00698777
v -0.00566103 0.00367631 -0.00700000
v -0.00559623 0.00363424 -0.00698777
v -0.00616643 0.00274547 -0.00700000
v -0.00609586 0.00271405 -0.00698776
v -0.00652000 0.00174703 -0.00700000
v -0.00644538 0.00172703 -0.00698776
v -0.00671302 0.00070556 -0.00700000
v -0.00663619 0.00069749 -0.00698776
v -0.00674075 -0.00035327 -0.00700000
v -0.00666360 -0.00034923 -0.00698776
v -0.00660250 -0.00140341 -0.00700000
v -0.00652693 -0.00138734 -0.00698776
v -0.00630167 -0.00241899 -0.00700000
v -0.00622954 -0.00239130 -0.00698776
v -0.00584567 -0.00337500 -0.00700000
v -0.00577877 -0.00333638 -0.00698776
v -0.00524573 -0.00424792 -0.00700000
v -0.00518570 -0.00419930 -0.00698776
v -0.00451663 -0.00501623 -0.00700000
v -0.00446494 -0.00495882 -0.00698776
v -0.00367631 -0.00566103 -0.00700000
v -0.00363424 -0.00559624 -0.00698776
v -0.00065339 -0.00646708 -0.00675000
v -0.00068071 -0.00647656 -0.00682725
v -0.00168232 -0.00627852 -0.00675000
v -0.00168549 -0.00629034 -0.00682725
v -0.00168232 -0.00627852 -0.00675000
v -0.00168549 -0.00629034 -0.00682725
v -0.00264877 -0.00594923 -0.00682725
v -0.00169468 -0.00632464 -0.00689694
v -0.00266321 -0.00598167 -0.00689694
v -0.00170900 -0.00637806 -0.00695225
v -0.00268570 -0.00603219 -0.00695225
v 0.00034082 -0.00650331 -0.00682725
v 0.00039246 -0.00648814 -0.00675000
v 0.00135397 -0.00636993 -0.00682725
v 0.00142815 -0.00634117 -0.00675000
v 0.00233378 -0.00607970 -0.00682725
v 0.00242685 -0.00602996 -0.00675000
v 0.00325612 -0.00563976 -0.00682725
v 0.00336270 -0.00556258 -0.00675000
v 0.00409828 -0.00506096 -0.00682725
v 0.00421145 -0.00495113 -0.00675000
v 0.00483953 -0.00435754 -0.00682725
v 0.00495113 -0.00421145 -0.00675000
v 0.00546162 -0.00354682 -0.00682725
v 0.00556258 -0.00336270 -0.00675000
v 0.00594922 -0.00264877 -0.00682725
v 0.00602996 -0.00242685 -0.00675000
v 0.00629034 -0.00168549 -0.00682725
v 0.00634117 -0.00142815 -0.00675000
v 0.00647656 -0.00068072 -0.00682725
v 0.00648814 -0.00039246 -0.00675000
v 0.00650331 0.00034082 -0.00682725
v 0.00646708 0.00065339 -0.00675000
v 0.00636993 0.00135397 -0.00682725
v 0.00627852 0.00168232 -0.00675000
v 0.00607970 0.00233377 -0.00682725
v 0.00592735 0.00266768 -0.00675000
v 0.00563976 0.00325612 -0.00682726
v 0.00542266 0.00358395 -0.00675000
v 0.00506096 0.00409828 -0.00682726
v 0.00477754 0.00440739 -0.00675000
v 0.00435754 0.00483953 -0.00682726
v 0.00400867 0.00511669 -0.00675000
v 0.00354682 0.00546162 -0.00682726
v 0.00313599 0.00569347 -0.00675000
v 0.00264877 0.00594922 -0.00682726
v 0.00218208 0.00612279 -0.00675000
v 0.00168549 0.00629033 -0.00682726
v 0.00117166 0.00639353 -0.00675000
v 0.00068071 0.00647656 -0.00682726
v 0.00013089 0.00649868 -0.00675000
v -0.00034082 0.00650331 -0.00682726
v -0.00091327 0.00643552 -0.00675000
v -0.00135397 0.00636993 -0.00682726
v -0.00193377 0.00620568 -0.00675000
v -0.00233378 0.00607969 -0.00682726
v -0.00290419 0.00581512 -0.00675000
v -0.00325612 0.00563976 -0.00682726
v -0.00379939 0.00527395 -0.00675000
v -0.00409828 0.00506096 -0.00682726
v -0.00459619 0.00459619 -0.00675000
v -0.00483953 0.00435753 -0.00682726
v -0.00527396 0.00379939 -0.00675000
v -0.00546162 0.00354682 -0.00682726
v -0.00581512 0.00290419 -0.00675000
v -0.00594922 0.00264876 -0.00682725
v -0.00620569 0.00193377 -0.00675000
v -0.00629034 0.00168549 -0.00682725
v -0.00643552 0.00091326 -0.00675000
v -0.00647656 0.00068071 -0.00682725
v -0.00649868 -0.00013089 -0.00675000
v -0.00650331 -0.00034083 -0.00682725
v -0.00639353 -0.00117166 -0.00675000
v -0.00636993 -0.00135397 -0.00682725
v -0.00612279 -0.00218208 -0.00675000
v -0.00607970 -0.00233378 -0.00682725
v -0.00569347 -0.00313599 -0.00675000
v -0.00563976 -0.00325612 -0.00682725
v -0.00511669 -0.00400867 -0.00675000
v -0.00506096 -0.00409829 -0.00682725
v -0.00440740 -0.00477754 -0.00675000
v -0.00435754 -0.00483954 -0.00682725
v -0.00358395 -0.00542267 -0.00675000
v -0.00354682 -0.00546162 -0.00682725
v -0.00266768 -0.00592735 -0.00675000
v -0.00170900 -0.00637806 -0.00695225
v -0.00069021 -0.00656688 -0.00695225
v 0.00034558 -0.00659401 -0.00695225
v 0.00137285 -0.00645876 -0.00695225
v 0.00236632 -0.00616448 -0.00695225
v 0.00330153 -0.00571841 -0.00695225
v 0.00415544 -0.00513154 -0.00695225
v 0.00490702 -0.00441831 -0.00695225
v 0.00553779 -0.00359628 -0.00695225
v 0.00603219 -0.00268571 -0.00695225
v 0.00637806 -0.00170900 -0.00695225
v 0.00656688 -0.00069021 -0.00695225
v 0.00659401 0.00034557 -0.00695225
v 0.00645876 0.00137285 -0.00695225
v 0.00616448 0.00236632 -0.00695225
v 0.00571841 0.00330152 -0.00695226
v 0.00513154 0.00415543 -0.00695226
v 0.00441830 0.00490702 -0.00695226
v 0.00359628 0.00553778 -0.00695226
v 0.00268570 0.00603219 -0.00695226
v 0.00170900 0.00637806 -0.00695226
v 0.00069021 0.00656688 -0.00695226
v -0.00034558 0.00659400 -0.00695226
v -0.00137285 0.00645876 -0.00695226
v -0.00236632 0.00616448 -0.00695226
v -0.00330153 0.00571841 -0.00695226
v -0.00415544 0.00513153 -0.00695226
v -0.00490702 0.00441830 -0.00695226
v -0.00553779 0.00359628 -0.00695226
v -0.00603219 0.00268570 -0.00695225
v -0.00637806 0.00170899 -0.00695225
v -0.00656688 0.00069020 -0.00695225
v -0.00659401 -0.00034558 -0.00695225
v -0.00645876 -0.00137285 -0.00695225
v -0.00616448 -0.00236632 -0.00695225
v -0.00571841 -0.00330153 -0.00695225
v -0.00513154 -0.00415544 -0.00695225
v -0.00441830 -0.00490703 -0.00695225
v -0.00359628 -0.00553779 -0.00695225
v -0.00169468 -0.00632464 -0.00689694
v -0.00068443 -0.00651188 -0.00689694
v 0.00034268 -0.00653878 -0.00689694
v 0.00136135 -0.00640466 -0.00689694
v 0.00234650 -0.00611285 -0.00689694
v 0.00327387 -0.00567052 -0.00689695
v 0.00412063 -0.00508856 -0.00689695
v 0.00486592 -0.00438130 -0.00689695
v 0.00549140 -0.00356616 -0.00689695
v 0.00598166 -0.00266321 -0.00689695
v 0.00632464 -0.00169468 -0.00689695
v 0.00651188 -0.00068443 -0.00689695
v 0.00653877 0.00034268 -0.00689695
v 0.00640466 0.00136135 -0.00689695
v 0.00611285 0.00234650 -0.00689695
v 0.00567051 0.00327387 -0.00689695
v 0.00508855 0.00412063 -0.00689695
v 0.00438130 0.00486592 -0.00689695
v 0.00356616 0.00549140 -0.00689695
v 0.00266321 0.00598166 -0.00689695
v 0.00169468 0.00632463 -0.00689695
v 0.00068443 0.00651187 -0.00689695
v -0.00034268 0.00653877 -0.00689695
v -0.00136135 0.00640466 -0.00689695
v -0.00234650 0.00611284 -0.00689695
v -0.00327387 0.00567051 -0.00689695
v -0.00412063 0.00508855 -0.00689695
v -0.00486592 0.00438129 -0.00689695
v -0.00549140 0.00356616 -0.00689695
v -0.00598166 0.00266321 -0.00689695
v -0.00632464 0.00169468 -0.00689695
v -0.00651188 0.00068442 -0.00689695
v -0.00653877 -0.00034268 -0.00689695
v -0.00640466 -0.00136136 -0.00689695
v -0.00611285 -0.00234650 -0.00689695
v -0.00567051 -0.00327388 -0.00689695
v -0.00508855 -0.00412063 -0.00689695
v -0.00438130 -0.00486592 -0.00689695
v -0.00356616 -0.00549140 -0.00689695
v -0.01023753 -0.00944641 -0.00700000
v -0.01294870 -0.00871044 -0.00700000
v -0.00954379 -0.00923667 -0.00700000
v -0.01344116 -0.00817870 -0.00700000
v -0.01380354 -0.00755104 -0.00700000
v -0.01235065 -0.00911982 -0.00700000
v -0.01096050 -0.00949719 -0.00700000
v -0.01167675 -0.00938649 -0.00700000
v -0.01401781 -0.00685869 -0.00700000
v -0.01407332 -0.00613607 -0.00700000
v -0.01396731 -0.00541912 -0.00700000
v -0.01370505 -0.00474348 -0.00700000
v -0.01329959 -0.00414276 -0.00700000
v -0.01277109 -0.00364683 -0.00700000
v -0.00908550 -0.00911029 -0.00700000
v -0.01243249 -0.00331313 -0.00700000
v -0.00584567 -0.00337500 -0.00700000
v -0.01219621 -0.00290062 -0.00700000
v -0.00630167 -0.00241899 -0.00700000
v -0.01207966 -0.00243973 -0.00700000
v -0.00660250 -0.00140341 -0.00700000
v -0.01209146 -0.00196449 -0.00700000
v -0.00674075 -0.00035327 -0.00700000
v -0.01223124 -0.00067765 -0.00700000
v -0.01223446 0.00061676 -0.00700000
v -0.00671302 0.00070556 -0.00700000
v -0.01210108 0.00190427 -0.00700000
v -0.00652000 0.00174703 -0.00700000
v -0.01183259 0.00317053 -0.00700000
v -0.01143198 0.00440139 -0.00700000
v -0.00616643 0.00274547 -0.00700000
v -0.01090374 0.00558310 -0.00700000
v -0.00566103 0.00367631 -0.00700000
v -0.01025374 0.00670248 -0.00700000
v -0.00948927 0.00774702 -0.00700000
v -0.00501623 0.00451663 -0.00700000
v -0.00924143 0.00815270 -0.00700000
v -0.00424791 0.00524573 -0.00700000
v -0.00911192 0.00861011 -0.00700000
v -0.00337500 0.00584567 -0.00700000
v -0.00911029 0.00908550 -0.00700000
v -0.00331313 0.01243249 -0.00700000
v -0.00923667 0.00954379 -0.00700000
v -0.00364683 0.01277109 -0.00700000
v -0.00944640 0.01023753 -0.00700000
v -0.00949719 0.01096050 -0.00700000
v -0.00938649 0.01167675 -0.00700000
v -0.00911982 0.01235065 -0.00700000
v -0.00871043 0.01294870 -0.00700000
v -0.00817869 0.01344116 -0.00700000
v -0.00755104 0.01380354 -0.00700000
v -0.00685869 0.01401781 -0.00700000
v -0.00414276 0.01329959 -0.00700000
v -0.00613607 0.01407332 -0.00700000
v -0.00474348 0.01370505 -0.00700000
v -0.00541911 0.01396731 -0.00700000
v -0.00290062 0.01219621 -0.00700000
v -0.00241898 0.00630167 -0.00700000
v -0.00243973 0.01207966 -0.00700000
v -0.00140340 0.00660249 -0.00700000
v -0.00196448 0.01209146 -0.00700000
v -0.00035327 0.00674075 -0.00700000
v -0.00067765 0.01223124 -0.00700000
v 0.00061676 0.01223446 -0.00700000
v 0.00070557 0.00671302 -0.00700000
v 0.00190428 0.01210108 -0.00700000
v 0.00174703 0.00652000 -0.00700000
v 0.00317053 0.01183259 -0.00700000
v 0.00440139 0.01143198 -0.00700000
v 0.00274547 0.00616643 -0.00700000
v 0.00558310 0.01090374 -0.00700000
v 0.00367631 0.00566102 -0.00700000
v 0.00670248 0.01025374 -0.00700000
v 0.00774702 0.00948926 -0.00700000
v 0.00451663 0.00501622 -0.00700000
v 0.00815270 0.00924142 -0.00700000
v 0.00524573 0.00424791 -0.00700000
v 0.00861011 0.00911191 -0.00700000
v 0.00584567 0.00337500 -0.00700000
v 0.00908550 0.00911029 -0.00700000
v 0.01243249 0.00331313 -0.00700000
v 0.01277109 0.00364683 -0.00700000
v 0.00954379 0.00923667 -0.00700000
v 0.01329959 0.00414276 -0.00700000
v 0.01370505 0.00474347 -0.00700000
v 0.01396731 0.00541911 -0.00700000
v 0.01407332 0.00613607 -0.00700000
v 0.01401781 0.00685869 -0.00700000
v 0.01380354 0.00755104 -0.00700000
v 0.01344116 0.00817869 -0.00700000
v 0.01294870 0.00871043 -0.00700000
v 0.01023753 0.00944640 -0.00700000
v 0.01235065 0.00911982 -0.00700000
v 0.01096050 0.00949718 -0.00700000
v 0.01167675 0.00938649 -0.00700000
v 0.01219621 0.00290062 -0.00700000
v 0.00630167 0.00241898 -0.00700000
v 0.01207966 0.00243973 -0.00700000
v 0.00660250 0.00140340 -0.00700000
v 0.01209146 0.00196448 -0.00700000
v 0.00674075 0.00035326 -0.00700000
v 0.01223124 0.00067764 -0.00700000
v 0.01223446 -0.00061676 -0.00700000
v 0.00671302 -0.00070557 -0.00700000
v 0.01210108 -0.00190428 -0.00700000
v 0.00652000 -0.00174703 -0.00700000
v 0.01183259 -0.00317054 -0.00700000
v 0.01143198 -0.00440139 -0.00700000
v 0.00616643 -0.00274547 -0.00700000
v 0.01090374 -0.00558310 -0.00700000
v 0.00566103 -0.00367631 -0.00700000
v 0.01025374 -0.00670248 -0.00700000
v 0.00948927 -0.00774702 -0.00700000
v 0.00501623 -0.00451663 -0.00700000
v 0.00924143 -0.00815270 -0.00700000
v 0.00424791 -0.00524574 -0.00700000
v 0.00911192 -0.00861012 -0.00700000
v 0.00337500 -0.00584567 -0.00700000
v 0.00911029 -0.00908551 -0.00700000
v 0.00331313 -0.01243249 -0.00700000
v 0.00923667 -0.00954379 -0.00700000
v 0.00364683 -0.01277109 -0.00700000
v 0.00414276 -0.01329959 -0.00700000
v 0.00474348 -0.01370505 -0.00700000
v 0.00541911 -0.01396731 -0.00700000
v 0.00613607 -0.01407332 -0.00700000
v 0.00685869 -0.01401781 -0.00700000
v 0.00755104 -0.01380354 -0.00700000
v 0.00817869 -0.01344116 -0.00700000
v 0.00871043 -0.01294870 -0.00700000
v 0.00911982 -0.01235065 -0.00700000
v 0.00938649 -0.01167675 -0.00700000
v 0.00949719 -0.01096050 -0.00700000
v 0.00944640 -0.01023753 -0.00700000
v 0.00290062 -0.01219621 -0.00700000
v 0.00241898 -0.00630167 -0.00700000
v 0.00243973 -0.01207966 -0.00700000
v 0.00140340 -0.00660250 -0.00700000
v 0.00196448 -0.01209146 -0.00700000
v 0.00035327 -0.00674075 -0.00700000
v 0.00067765 -0.01223124 -0.00700000
v -0.00061676 -0.01223446 -0.00700000
v -0.00070557 -0.00671303 -0.00700000
v -0.00190428 -0.01210108 -0.00700000
v -0.00174703 -0.00652000 -0.00700000
v -0.00317053 -0.01183259 -0.00700000
v -0.00440139 -0.01143198 -0.00700000
v -0.00274547 -0.00616643 -0.00700000
v -0.00558310 -0.01090374 -0.00700000
v -0.00367631 -0.00566103 -0.00700000
v -0.00670248 -0.01025374 -0.00700000
v -0.00774702 -0.00948927 -0.00700000
v -0.00451663 -0.00501623 -0.00700000
v -0.00815270 -0.00924143 -0.00700000
v -0.00524573 -0.00424792 -0.00700000
v -0.00861011 -0.00911192 -0.00700000
v 0.00646708 -0.00065339 0.01100000
v 0.00634117 -0.00142815 -0.00675000
v 0.00627852 -0.00168232 0.01100000
v 0.00602996 -0.00242685 -0.00675000
v 0.00592735 -0.00266768 0.01100000
v 0.00556258 -0.00336270 -0.00675000
v 0.00542266 -0.00358395 0.01100000
v 0.00495113 -0.00421145 -0.00675000
v 0.00477754 -0.00440739 0.01100000
v 0.00421145 -0.00495113 -0.00675000
v 0.00400867 -0.00511669 0.01100000
v 0.00336270 -0.00556258 -0.00675000
v 0.00313599 -0.00569347 0.01100000
v 0.00242685 -0.00602996 -0.00675000
v 0.00218208 -0.00612278 0.01100000
v 0.00142815 -0.00634117 -0.00675000
v 0.00117166 -0.00639353 0.01100000
v 0.00039246 -0.00648814 -0.00675000
v 0.00013089 -0.00649868 0.01100000
v -0.00065339 -0.00646708 -0.00675000
v -0.00091327 -0.00643552 0.01100000
v -0.00168232 -0.00627852 -0.00675000
v -0.00193377 -0.00620568 0.01100000
v -0.00266768 -0.00592735 -0.00675000
v -0.00290419 -0.00581512 0.01100000
v -0.00358395 -0.00542267 -0.00675000
v -0.00379939 -0.00527395 0.01100000
v -0.00440740 -0.00477754 -0.00675000
v -0.00459619 -0.00459619 0.01100000
v -0.00511669 -0.00400867 -0.00675000
v -0.00527396 -0.00379939 0.01100000
v -0.00569347 -0.00313599 -0.00675000
v -0.00581512 -0.00290419 0.01100000
v -0.00612279 -0.00218208 -0.00675000
v -0.00620569 -0.00193377 0.01100000
v -0.00639353 -0.00117166 -0.00675000
v -0.00643552 -0.00091326 0.01100000
v -0.00649868 -0.00013089 -0.00675000
v -0.00649868 0.00013089 0.01100000
v -0.00643552 0.00091326 -0.00675000
v -0.00639353 0.00117166 0.01100000
v -0.00639353 0.00117166 0.01100000
v -0.00643552 0.00091326 -0.00675000
v -0.00620569 0.00193377 -0.00675000
v -0.00612279 0.00218208 0.01100000
v -0.00581512 0.00290419 -0.00675000
v -0.00569347 0.00313599 0.01100000
v -0.00527396 0.00379939 -0.00675000
v -0.00511669 0.00400868 0.01100000
v -0.00459619 0.00459619 -0.00675000
v -0.00440740 0.00477754 0.01100000
v -0.00379939 0.00527395 -0.00675000
v -0.00358395 0.00542267 0.01100000
v -0.00290419 0.00581512 -0.00675000
v -0.00266768 0.00592735 0.01100000
v -0.00193377 0.00620568 -0.00675000
v -0.00168232 0.00627852 0.01100000
v -0.00091327 0.00643552 -0.00675000
v -0.00065339 0.00646708 0.01100000
v 0.00013089 0.00649868 -0.00675000
v 0.00039246 0.00648814 0.01100000
v 0.00117166 0.00639353 -0.00675000
v 0.00142815 0.00634117 0.01100000
v 0.00218208 0.00612279 -0.00675000
v 0.00242685 0.00602996 0.01100000
v 0.00313599 0.00569347 -0.00675000
v 0.00336270 0.00556258 0.01100000
v 0.00400867 0.00511669 -0.00675000
v 0.00421145 0.00495113 0.01100000
v 0.00477754 0.00440739 -0.00675000
v 0.00495113 0.00421145 0.01100000
v 0.00542266 0.00358395 -0.00675000
v 0.00556258 0.00336270 0.01100000
v 0.00592735 0.00266768 -0.00675000
v 0.00602996 0.00242685 0.01100000
v 0.00627852 0.00168232 -0.00675000
v 0.00634117 0.00142815 0.01100000
v 0.00646708 0.00065339 -0.00675000
v 0.00648814 0.00039246 0.01100000
v 0.00648814 -0.00039246 -0.00675000
v -0.01292076 -0.00344659 -0.00675000
v -0.01291343 -0.00345639 -0.00682725
v -0.01345336 -0.00393842 -0.00675000
v -0.01348060 -0.00398860 -0.00682725
v -0.01387321 -0.00452943 -0.00675000
v -0.01391573 -0.00463326 -0.00682725
v -0.01416229 -0.00519426 -0.00675000
v -0.01419717 -0.00535833 -0.00682725
v -0.01430821 -0.00590438 -0.00675000
v -0.01431094 -0.00612774 -0.00682725
v -0.01430470 -0.00662933 -0.00675000
v -0.01425137 -0.00690322 -0.00682725
v -0.01415191 -0.00733801 -0.00675000
v -0.01402142 -0.00764622 -0.00682725
v -0.01385641 -0.00800000 -0.00675000
v -0.01363253 -0.00831979 -0.00682725
v -0.01343086 -0.00858692 -0.00675000
v -0.01310405 -0.00889044 -0.00682725
v -0.01289352 -0.00907357 -0.00675000
v -0.01246224 -0.00932977 -0.00682725
v -0.01226745 -0.00943909 -0.00675000
v -0.01173903 -0.00961595 -0.00682725
v -0.01157950 -0.00966778 -0.00675000
v -0.01097039 -0.00973475 -0.00682725
v -0.01085921 -0.00974984 -0.00675000
v -0.01019453 -0.00968025 -0.00682725
v -0.01013745 -0.00968174 -0.00675000
v -0.00945004 -0.00945517 -0.00682725
v -0.00944521 -0.00946642 -0.00675000
v -0.01289217 -0.00348483 -0.00689695
v -0.01345357 -0.00401162 -0.00689695
v -0.01388427 -0.00464972 -0.00689695
v -0.01416284 -0.00536741 -0.00689695
v -0.01427545 -0.00612898 -0.00689694
v -0.01421648 -0.00689657 -0.00689694
v -0.01398888 -0.00763201 -0.00689694
v -0.01360395 -0.00829872 -0.00689694
v -0.01308085 -0.00886355 -0.00689694
v -0.01244558 -0.00929841 -0.00689694
v -0.01172973 -0.00958168 -0.00689694
v -0.01096891 -0.00969927 -0.00689694
v -0.01020095 -0.00964533 -0.00689694
v -0.00946404 -0.00942254 -0.00689694
v -0.01021095 -0.00959093 -0.00695225
v -0.00948585 -0.00937171 -0.00695225
v -0.01022356 -0.00952239 -0.00698776
v -0.00951333 -0.00930767 -0.00698776
v -0.01023753 -0.00944641 -0.00700000
v -0.00954379 -0.00923667 -0.00700000
v -0.01285906 -0.00352913 -0.00695225
v -0.01341146 -0.00404748 -0.00695225
v -0.01383526 -0.00467536 -0.00695225
v -0.01410937 -0.00538155 -0.00695225
v -0.01422018 -0.00613092 -0.00695225
v -0.01416215 -0.00688621 -0.00695225
v -0.01393819 -0.00760987 -0.00695225
v -0.01355944 -0.00826590 -0.00695225
v -0.01304471 -0.00882168 -0.00695225
v -0.01241962 -0.00924958 -0.00695225
v -0.01171524 -0.00952831 -0.00695225
v -0.01096661 -0.00964401 -0.00695225
v -0.01281734 -0.00358495 -0.00698776
v -0.01335841 -0.00409267 -0.00698776
v -0.01377351 -0.00470767 -0.00698776
v -0.01404200 -0.00539937 -0.00698776
v -0.01415053 -0.00613336 -0.00698776
v -0.01409370 -0.00687316 -0.00698776
v -0.01387433 -0.00758197 -0.00698776
v -0.01350334 -0.00822454 -0.00698776
v -0.01299918 -0.00876892 -0.00698776
v -0.01238691 -0.00918804 -0.00698776
v -0.01169698 -0.00946105 -0.00698776
v -0.01096371 -0.00957438 -0.00698776
v -0.01277109 -0.00364683 -0.00700000
v -0.01329959 -0.00414276 -0.00700000
v -0.01370505 -0.00474348 -0.00700000
v -0.01396731 -0.00541912 -0.00700000
v -0.01407332 -0.00613607 -0.00700000
v -0.01401781 -0.00685869 -0.00700000
v -0.01380354 -0.00755104 -0.00700000
v -0.01344116 -0.00817870 -0.00700000
v -0.01294870 -0.00871044 -0.00700000
v -0.01235065 -0.00911982 -0.00700000
v -0.01167675 -0.00938649 -0.00700000
v -0.01096050 -0.00949719 -0.00700000
v -0.00774702 -0.00948927 -0.00700000
v -0.00779588 -0.00954911 -0.00698776
v -0.00815270 -0.00924143 -0.00700000
v -0.00818365 -0.00931221 -0.00698776
v -0.00861011 -0.00911192 -0.00700000
v -0.00862087 -0.00918842 -0.00698776
v -0.00908550 -0.00911029 -0.00700000
v -0.00907527 -0.00918687 -0.00698776
v -0.00954379 -0.00923667 -0.00700000
v -0.00951333 -0.00930767 -0.00698776
v -0.00906604 -0.00925594 -0.00695225
v -0.00948585 -0.00937171 -0.00695225
v -0.00905872 -0.00931076 -0.00689694
v -0.00946404 -0.00942254 -0.00689694
v -0.00905402 -0.00934596 -0.00682725
v -0.00945004 -0.00945517 -0.00682725
v -0.00905239 -0.00935809 -0.00675000
v -0.00944521 -0.00946642 -0.00675000
v -0.00783995 -0.00960310 -0.00695225
v -0.00821157 -0.00937607 -0.00695225
v -0.00863057 -0.00925743 -0.00695225
v -0.00787493 -0.00964594 -0.00689694
v -0.00823372 -0.00942675 -0.00689694
v -0.00863827 -0.00931220 -0.00689694
v -0.00789738 -0.00967345 -0.00682725
v -0.00824795 -0.00945928 -0.00682725
v -0.00864321 -0.00934737 -0.00682725
v -0.00790512 -0.00968293 -0.00675000
v -0.00825285 -0.00947049 -0.00675000
v -0.00864492 -0.00935948 -0.00675000
v 0.00196448 -0.01209146 -0.00700000
v 0.00197687 -0.01216771 -0.00698776
v 0.00067765 -0.01223124 -0.00700000
v 0.00068192 -0.01230838 -0.00698776
v -0.00061676 -0.01223446 -0.00700000
v -0.00062065 -0.01231162 -0.00698776
v -0.00190428 -0.01210108 -0.00700000
v -0.00191629 -0.01217740 -0.00698776
v -0.00317053 -0.01183259 -0.00700000
v -0.00319053 -0.01190721 -0.00698776
v -0.00440139 -0.01143198 -0.00700000
v -0.00442915 -0.01150408 -0.00698776
v -0.00558310 -0.01090374 -0.00700000
v -0.00561831 -0.01097250 -0.00698776
v -0.00670248 -0.01025374 -0.00700000
v -0.00674475 -0.01031841 -0.00698776
v -0.00774702 -0.00948927 -0.00700000
v -0.00779588 -0.00954911 -0.00698776
v -0.00678288 -0.01037674 -0.00695225
v -0.00783995 -0.00960310 -0.00695225
v -0.00681314 -0.01042304 -0.00689694
v -0.00787493 -0.00964594 -0.00689694
v -0.00683257 -0.01045276 -0.00682725
v -0.00789738 -0.00967345 -0.00682725
v -0.00683927 -0.01046300 -0.00675000
v -0.00790512 -0.00968293 -0.00675000
v 0.00198805 -0.01223650 -0.00695225
v 0.00068577 -0.01237796 -0.00695225
v -0.00062416 -0.01238122 -0.00695225
v -0.00192712 -0.01224624 -0.00695225
v -0.00320857 -0.01197453 -0.00695225
v -0.00445419 -0.01156912 -0.00695225
v -0.00565008 -0.01103453 -0.00695225
v 0.00199692 -0.01229109 -0.00689694
v 0.00068883 -0.01243319 -0.00689694
v -0.00062694 -0.01243646 -0.00689694
v -0.00193572 -0.01230088 -0.00689694
v -0.00322288 -0.01202795 -0.00689694
v -0.00447406 -0.01162073 -0.00689694
v -0.00567528 -0.01108376 -0.00689694
v 0.00200261 -0.01232614 -0.00682725
v 0.00069080 -0.01246864 -0.00682725
v -0.00062873 -0.01247193 -0.00682725
v -0.00194124 -0.01233596 -0.00682725
v -0.00323207 -0.01206225 -0.00682725
v -0.00448682 -0.01165387 -0.00682725
v -0.00569147 -0.01111537 -0.00682725
v 0.00200458 -0.01233822 -0.00675000
v 0.00069148 -0.01248086 -0.00675000
v -0.00062935 -0.01248415 -0.00675000
v -0.00194314 -0.01234804 -0.00675000
v -0.00323524 -0.01207407 -0.00675000
v -0.00449121 -0.01166529 -0.00675000
v -0.00569704 -0.01112626 -0.00675000
v 0.00364683 -0.01277109 -0.00700000
v 0.00358495 -0.01281734 -0.00698776
v 0.00331313 -0.01243249 -0.00700000
v 0.00326598 -0.01249369 -0.00698776
v 0.00290062 -0.01219621 -0.00700000
v 0.00287168 -0.01226784 -0.00698776
v 0.00243973 -0.01207966 -0.00700000
v 0.00243114 -0.01215644 -0.00698776
v 0.00196448 -0.01209146 -0.00700000
v 0.00197687 -0.01216771 -0.00698776
v 0.00242339 -0.01222570 -0.00695225
v 0.00198805 -0.01223650 -0.00695225
v 0.00241724 -0.01228066 -0.00689694
v 0.00199692 -0.01229109 -0.00689694
v 0.00241329 -0.01231595 -0.00682725
v 0.00200261 -0.01232614 -0.00682725
v 0.00241193 -0.01232811 -0.00675000
v 0.00200458 -0.01233822 -0.00675000
v 0.00352913 -0.01285906 -0.00695225
v 0.00322345 -0.01254890 -0.00695225
v 0.00284558 -0.01233246 -0.00695225
v 0.00348483 -0.01289217 -0.00689694
v 0.00318970 -0.01259272 -0.00689694
v 0.00282486 -0.01238374 -0.00689694
v 0.00345639 -0.01291343 -0.00682725
v 0.00316803 -0.01262085 -0.00682725
v 0.00281156 -0.01241666 -0.00682725
v 0.00344659 -0.01292076 -0.00675000
v 0.00316056 -0.01263054 -0.00675000
v 0.00280698 -0.01242801 -0.00675000
v 0.00923667 -0.00954379 -0.00700000
v 0.00930766 -0.00951333 -0.00698776
v 0.00944640 -0.01023753 -0.00700000
v 0.00952239 -0.01022356 -0.00698776
v 0.00949719 -0.01096050 -0.00700000
v 0.00957437 -0.01096371 -0.00698776
v 0.00938649 -0.01167675 -0.00700000
v 0.00946105 -0.01169698 -0.00698776
v 0.00911982 -0.01235065 -0.00700000
v 0.00918804 -0.01238691 -0.00698776
v 0.00871043 -0.01294870 -0.00700000
v 0.00876892 -0.01299918 -0.00698776
v 0.00817869 -0.01344116 -0.00700000
v 0.00822454 -0.01350334 -0.00698776
v 0.00755104 -0.01380354 -0.00700000
v 0.00758197 -0.01387433 -0.00698776
v 0.00685869 -0.01401781 -0.00700000
v 0.00687316 -0.01409370 -0.00698776
v 0.00613607 -0.01407332 -0.00700000
v 0.00613336 -0.01415053 -0.00698776
v 0.00541911 -0.01396731 -0.00700000
v 0.00539936 -0.01404200 -0.00698776
v 0.00474348 -0.01370505 -0.00700000
v 0.00470767 -0.01377351 -0.00698776
v 0.00414276 -0.01329959 -0.00700000
v 0.00409267 -0.01335841 -0.00698776
v 0.00358495 -0.01281734 -0.00698776
v 0.00404748 -0.01341146 -0.00695225
v 0.00352913 -0.01285906 -0.00695225
v 0.00401162 -0.01345357 -0.00689694
v 0.00348483 -0.01289217 -0.00689694
v 0.00398860 -0.01348060 -0.00682725
v 0.00345639 -0.01291343 -0.00682725
v 0.00393842 -0.01345336 -0.00675000
v 0.00344659 -0.01292076 -0.00675000
v 0.00937171 -0.00948585 -0.00695225
v 0.00959093 -0.01021095 -0.00695225
v 0.00964401 -0.01096661 -0.00695225
v 0.00952830 -0.01171524 -0.00695225
v 0.00924957 -0.01241962 -0.00695225
v 0.00882168 -0.01304471 -0.00695225
v 0.00826590 -0.01355944 -0.00695225
v 0.00760987 -0.01393819 -0.00695225
v 0.00688621 -0.01416215 -0.00695225
v 0.00613092 -0.01422018 -0.00695225
v 0.00538154 -0.01410937 -0.00695225
v 0.00467536 -0.01383526 -0.00695225
v 0.00942253 -0.00946404 -0.00689694
v 0.00964532 -0.01020095 -0.00689694
v 0.00969927 -0.01096891 -0.00689694
v 0.00958168 -0.01172973 -0.00689694
v 0.00929841 -0.01244558 -0.00689694
v 0.00886355 -0.01308085 -0.00689694
v 0.00829872 -0.01360395 -0.00689694
v 0.00763201 -0.01398888 -0.00689694
v 0.00689657 -0.01421648 -0.00689694
v 0.00612898 -0.01427545 -0.00689694
v 0.00536741 -0.01416284 -0.00689694
v 0.00464972 -0.01388427 -0.00689694
v 0.00945517 -0.00945004 -0.00682725
v 0.00968025 -0.01019453 -0.00682725
v 0.00973475 -0.01097039 -0.00682725
v 0.00961595 -0.01173903 -0.00682725
v 0.00932977 -0.01246224 -0.00682725
v 0.00889043 -0.01310405 -0.00682725
v 0.00831979 -0.01363253 -0.00682725
v 0.00764622 -0.01402142 -0.00682725
v 0.00690322 -0.01425137 -0.00682725
v 0.00612773 -0.01431094 -0.00682725
v 0.00535833 -0.01419717 -0.00682725
v 0.00463326 -0.01391573 -0.00682725
v 0.00946641 -0.00944521 -0.00675000
v 0.00968174 -0.01013745 -0.00675000
v 0.00974984 -0.01085921 -0.00675000
v 0.00966778 -0.01157950 -0.00675000
v 0.00943908 -0.01226745 -0.00675000
v 0.00907357 -0.01289352 -0.00675000
v 0.00858692 -0.01343086 -0.00675000
v 0.00800000 -0.01385641 -0.00675000
v 0.00733800 -0.01415191 -0.00675000
v 0.00662933 -0.01430470 -0.00675000
v 0.00590438 -0.01430821 -0.00675000
v 0.00519426 -0.01416229 -0.00675000
v 0.00452943 -0.01387321 -0.00675000
v 0.00948927 -0.00774702 -0.00700000
v 0.00954911 -0.00779588 -0.00698776
v 0.00924143 -0.00815270 -0.00700000
v 0.00931221 -0.00818365 -0.00698776
v 0.00911192 -0.00861012 -0.00700000
v 0.00918842 -0.00862087 -0.00698776
v 0.00911029 -0.00908551 -0.00700000
v 0.00918686 -0.00907527 -0.00698776
v 0.00923667 -0.00954379 -0.00700000
v 0.00930766 -0.00951333 -0.00698776
v 0.00925594 -0.00906604 -0.00695225
v 0.00937171 -0.00948585 -0.00695225
v 0.00931076 -0.00905872 -0.00689694
v 0.00942253 -0.00946404 -0.00689694
v 0.00934596 -0.00905402 -0.00682725
v 0.00945517 -0.00945004 -0.00682725
v 0.00935809 -0.00905240 -0.00675000
v 0.00946641 -0.00944521 -0.00675000
v 0.00960309 -0.00783995 -0.00695225
v 0.00937607 -0.00821157 -0.00695225
v 0.00925743 -0.00863057 -0.00695225
v 0.00964594 -0.00787493 -0.00689694
v 0.00942674 -0.00823372 -0.00689694
v 0.00931220 -0.00863827 -0.00689694
v 0.00967345 -0.00789739 -0.00682725
v 0.00945928 -0.00824795 -0.00682725
v 0.00934736 -0.00864321 -0.00682725
v 0.00968292 -0.00790513 -0.00675000
v 0.00947049 -0.00825285 -0.00675000
v 0.00935948 -0.00864492 -0.00675000
v 0.01209146 0.00196448 -0.00700000
v 0.01216771 0.00197687 -0.00698776
v 0.01223124 0.00067764 -0.00700000
v 0.01230838 0.00068192 -0.00698776
v 0.01223446 -0.00061676 -0.00700000
v 0.01231162 -0.00062065 -0.00698776
v 0.01210108 -0.00190428 -0.00700000
v 0.01217740 -0.00191629 -0.00698776
v 0.01183259 -0.00317054 -0.00700000
v 0.01190721 -0.00319053 -0.00698776
v 0.01143198 -0.00440139 -0.00700000
v 0.01150408 -0.00442915 -0.00698776
v 0.01090374 -0.00558310 -0.00700000
v 0.01097250 -0.00561832 -0.00698776
v 0.01025374 -0.00670248 -0.00700000
v 0.01031841 -0.00674475 -0.00698776
v 0.00948927 -0.00774702 -0.00700000
v 0.00954911 -0.00779588 -0.00698776
v 0.01037674 -0.00678288 -0.00695225
v 0.00960309 -0.00783995 -0.00695225
v 0.01042304 -0.00681314 -0.00689694
v 0.00964594 -0.00787493 -0.00689694
v 0.01045276 -0.00683257 -0.00682725
v 0.00967345 -0.00789739 -0.00682725
v 0.01046300 -0.00683927 -0.00675000
v 0.00968292 -0.00790513 -0.00675000
v 0.01223650 0.00198805 -0.00695225
v 0.01237796 0.00068577 -0.00695225
v 0.01238122 -0.00062416 -0.00695225
v 0.01224624 -0.00192712 -0.00695225
v 0.01197453 -0.00320857 -0.00695225
v 0.01156912 -0.00445419 -0.00695225
v 0.01103453 -0.00565008 -0.00695225
v 0.01229109 0.00199692 -0.00689695
v 0.01243319 0.00068883 -0.00689695
v 0.01243646 -0.00062694 -0.00689695
v 0.01230088 -0.00193572 -0.00689695
v 0.01202795 -0.00322288 -0.00689695
v 0.01162073 -0.00447406 -0.00689695
v 0.01108376 -0.00567529 -0.00689695
v 0.01232614 0.00200261 -0.00682725
v 0.01246864 0.00069080 -0.00682725
v 0.01247193 -0.00062873 -0.00682725
v 0.01233596 -0.00194124 -0.00682725
v 0.01206225 -0.00323207 -0.00682725
v 0.01165387 -0.00448682 -0.00682725
v 0.01111537 -0.00569147 -0.00682725
v 0.01233822 0.00200457 -0.00675000
v 0.01248086 0.00069147 -0.00675000
v 0.01248415 -0.00062935 -0.00675000
v 0.01234804 -0.00194314 -0.00675000
v 0.01207407 -0.00323524 -0.00675000
v 0.01166529 -0.00449122 -0.00675000
v 0.01112626 -0.00569705 -0.00675000
v 0.01277109 0.00364683 -0.00700000
v 0.01281734 0.00358495 -0.00698777
v 0.01243249 0.00331313 -0.00700000
v 0.01249369 0.00326598 -0.00698777
v 0.01219621 0.00290062 -0.00700000
v 0.01226784 0.00287168 -0.00698776
v 0.01207966 0.00243973 -0.00700000
v 0.01215644 0.00243114 -0.00698776
v 0.01209146 0.00196448 -0.00700000
v 0.01216771 0.00197687 -0.00698776
v 0.01222570 0.00242339 -0.00695225
v 0.01223650 0.00198805 -0.00695225
v 0.01228066 0.00241724 -0.00689695
v 0.01229109 0.00199692 -0.00689695
v 0.01231595 0.00241329 -0.00682725
v 0.01232614 0.00200261 -0.00682725
v 0.01232811 0.00241193 -0.00675000
v 0.01233822 0.00200457 -0.00675000
v 0.01285906 0.00352913 -0.00695226
v 0.01254890 0.00322345 -0.00695226
v 0.01233246 0.00284557 -0.00695225
v 0.01289217 0.00348483 -0.00689695
v 0.01259272 0.00318970 -0.00689695
v 0.01238374 0.00282486 -0.00689695
v 0.01291343 0.00345639 -0.00682726
v 0.01262085 0.00316802 -0.00682726
v 0.01241666 0.00281156 -0.00682726
v 0.01292076 0.00344658 -0.00675000
v 0.01263054 0.00316056 -0.00675000
v 0.01242801 0.00280697 -0.00675000
v 0.00954379 0.00923667 -0.00700000
v 0.00951333 0.00930766 -0.00698777
v 0.01023753 0.00944640 -0.00700000
v 0.01022356 0.00952238 -0.00698777
v 0.01096050 0.00949718 -0.00700000
v 0.01096371 0.00957437 -0.00698777
v 0.01167675 0.00938649 -0.00700000
v 0.01169698 0.00946104 -0.00698777
v 0.01235065 0.00911982 -0.00700000
v 0.01238691 0.00918803 -0.00698777
v 0.01294870 0.00871043 -0.00700000
v 0.01299918 0.00876892 -0.00698777
v 0.01344116 0.00817869 -0.00700000
v 0.01350334 0.00822454 -0.00698777
v 0.01380354 0.00755104 -0.00700000
v 0.01387433 0.00758197 -0.00698777
v 0.01401781 0.00685869 -0.00700000
v 0.01409370 0.00687316 -0.00698777
v 0.01407332 0.00613607 -0.00700000
v 0.01415053 0.00613336 -0.00698777
v 0.01396731 0.00541911 -0.00700000
v 0.01404200 0.00539936 -0.00698777
v 0.01370505 0.00474347 -0.00700000
v 0.01377351 0.00470766 -0.00698777
v 0.01329959 0.00414276 -0.00700000
v 0.01335841 0.00409267 -0.00698777
v 0.01281734 0.00358495 -0.00698777
v 0.01341146 0.00404748 -0.00695226
v 0.01285906 0.00352913 -0.00695226
v 0.01345357 0.00401162 -0.00689695
v 0.01289217 0.00348483 -0.00689695
v 0.01348060 0.00398859 -0.00682726
v 0.01291343 0.00345639 -0.00682726
v 0.01345336 0.00393842 -0.00675000
v 0.01292076 0.00344658 -0.00675000
v 0.00948585 0.00937171 -0.00695226
v 0.01021095 0.00959093 -0.00695226
v 0.01096661 0.00964400 -0.00695226
v 0.01171524 0.00952830 -0.00695226
v 0.01241962 0.00924957 -0.00695226
v 0.01304471 0.00882168 -0.00695226
v 0.01355944 0.00826590 -0.00695226
v 0.01393819 0.00760986 -0.00695226
v 0.01416215 0.00688621 -0.00695226
v 0.01422018 0.00613091 -0.00695226
v 0.01410937 0.00538154 -0.00695226
v 0.01383526 0.00467536 -0.00695226
v 0.00946404 0.00942253 -0.00689695
v 0.01020095 0.00964532 -0.00689695
v 0.01096891 0.00969926 -0.00689695
v 0.01172973 0.00958168 -0.00689695
v 0.01244558 0.00929841 -0.00689695
v 0.01308085 0.00886355 -0.00689695
v 0.01360395 0.00829872 -0.00689695
v 0.01398888 0.00763201 -0.00689695
v 0.01421648 0.00689657 -0.00689695
v 0.01427545 0.00612898 -0.00689695
v 0.01416284 0.00536740 -0.00689695
v 0.01388427 0.00464972 -0.00689695
v 0.00945004 0.00945517 -0.00682726
v 0.01019453 0.00968025 -0.00682726
v 0.01097039 0.00973474 -0.00682726
v 0.01173903 0.00961595 -0.00682726
v 0.01246224 0.00932977 -0.00682726
v 0.01310405 0.00889043 -0.00682726
v 0.01363253 0.00831979 -0.00682726
v 0.01402142 0.00764622 -0.00682726
v 0.01425137 0.00690322 -0.00682726
v 0.01431094 0.00612773 -0.00682726
v 0.01419717 0.00535832 -0.00682726
v 0.01391573 0.00463326 -0.00682726
v 0.00944521 0.00946641 -0.00675000
v 0.01013745 0.00968174 -0.00675000
v 0.01085921 0.00974983 -0.00675000
v 0.01157950 0.00966778 -0.00675000
v 0.01226745 0.00943908 -0.00675000
v 0.01289352 0.00907357 -0.00675000
v 0.01343086 0.00858691 -0.00675000
v 0.01385641 0.00800000 -0.00675000
v 0.01415191 0.00733800 -0.00675000
v 0.01430470 0.00662933 -0.00675000
v 0.01430821 0.00590438 -0.00675000
v 0.01416229 0.00519426 -0.00675000
v 0.01387321 0.00452943 -0.00675000
v 0.00774702 0.00948926 -0.00700000
v 0.00779588 0.00954911 -0.00698777
v 0.00815270 0.00924142 -0.00700000
v 0.00818365 0.00931221 -0.00698777
v 0.00861011 0.00911191 -0.00700000
v 0.00862087 0.00918842 -0.00698777
v 0.00908550 0.00911029 -0.00700000
v 0.00907527 0.00918686 -0.00698777
v 0.00954379 0.00923667 -0.00700000
v 0.00951333 0.00930766 -0.00698777
v 0.00906604 0.00925594 -0.00695226
v 0.00948585 0.00937171 -0.00695226
v 0.00905872 0.00931076 -0.00689695
v 0.00946404 0.00942253 -0.00689695
v 0.00905402 0.00934596 -0.00682726
v 0.00945004 0.00945517 -0.00682726
v 0.00905239 0.00935809 -0.00675000
v 0.00944521 0.00946641 -0.00675000
v 0.00783995 0.00960309 -0.00695226
v 0.00821157 0.00937607 -0.00695226
v 0.00863057 0.00925743 -0.00695226
v 0.00787493 0.00964594 -0.00689695
v 0.00823372 0.00942674 -0.00689695
v 0.00863827 0.00931220 -0.00689695
v 0.00789738 0.00967344 -0.00682726
v 0.00824795 0.00945928 -0.00682726
v 0.00864321 0.00934736 -0.00682726
v 0.00790512 0.00968292 -0.00675000
v 0.00825285 0.00947049 -0.00675000
v 0.00864492 0.00935948 -0.00675000
v -0.00196448 0.01209146 -0.00700000
v -0.00197687 0.01216771 -0.00698777
v -0.00067765 0.01223124 -0.00700000
v -0.00068192 0.01230838 -0.00698777
v 0.00061676 0.01223446 -0.00700000
v 0.00062065 0.01231162 -0.00698777
v 0.00190428 0.01210108 -0.00700000
v 0.00191629 0.01217740 -0.00698777
v 0.00317053 0.01183259 -0.00700000
v 0.00319053 0.01190721 -0.00698777
v 0.00440139 0.01143198 -0.00700000
v 0.00442915 0.01150408 -0.00698777
v 0.00558310 0.01090374 -0.00700000
v 0.00561831 0.01097250 -0.00698777
v 0.00670248 0.01025374 -0.00700000
v 0.00674475 0.01031841 -0.00698777
v 0.00774702 0.00948926 -0.00700000
v 0.00779588 0.00954911 -0.00698777
v 0.00678288 0.01037674 -0.00695226
v 0.00783995 0.00960309 -0.00695226
v 0.00681314 0.01042304 -0.00689695
v 0.00787493 0.00964594 -0.00689695
v 0.00683257 0.01045276 -0.00682726
v 0.00789738 0.00967344 -0.00682726
v 0.00683927 0.01046300 -0.00675000
v 0.00790512 0.00968292 -0.00675000
v -0.00198805 0.01223650 -0.00695226
v -0.00068577 0.01237796 -0.00695226
v 0.00062416 0.01238122 -0.00695226
v 0.00192712 0.01224624 -0.00695226
v 0.00320857 0.01197453 -0.00695226
v 0.00445419 0.01156912 -0.00695226
v 0.00565008 0.01103453 -0.00695226
v -0.00199692 0.01229109 -0.00689695
v -0.00068883 0.01243319 -0.00689695
v 0.00062694 0.01243646 -0.00689695
v 0.00193572 0.01230088 -0.00689695
v 0.00322288 0.01202795 -0.00689695
v 0.00447406 0.01162073 -0.00689695
v 0.00567528 0.01108376 -0.00689695
v -0.00200261 0.01232614 -0.00682726
v -0.00069080 0.01246864 -0.00682726
v 0.00062873 0.01247193 -0.00682726
v 0.00194124 0.01233596 -0.00682726
v 0.00323207 0.01206225 -0.00682726
v 0.00448682 0.01165387 -0.00682726
v 0.00569147 0.01111537 -0.00682726
v -0.00200458 0.01233822 -0.00675000
v -0.00069148 0.01248086 -0.00675000
v 0.00062935 0.01248415 -0.00675000
v 0.00194314 0.01234804 -0.00675000
v 0.00323524 0.01207407 -0.00675000
v 0.00449121 0.01166529 -0.00675000
v 0.00569704 0.01112626 -0.00675000
v -0.00364683 0.01277109 -0.00700000
v -0.00358495 0.01281734 -0.00698777
v -0.00331313 0.01243249 -0.00700000
v -0.00326598 0.01249369 -0.00698777
v -0.00290062 0.01219621 -0.00700000
v -0.00287168 0.01226784 -0.00698777
v -0.00243973 0.01207966 -0.00700000
v -0.00243114 0.01215644 -0.00698777
v -0.00196448 0.01209146 -0.00700000
v -0.00197687 0.01216771 -0.00698777
v -0.00242339 0.01222570 -0.00695226
v -0.00198805 0.01223650 -0.00695226
v -0.00241724 0.01228066 -0.00689695
v -0.00199692 0.01229109 -0.00689695
v -0.00241329 0.01231595 -0.00682726
v -0.00200261 0.01232614 -0.00682726
v -0.00241193 0.01232811 -0.00675000
v -0.00200458 0.01233822 -0.00675000
v -0.00352913 0.01285906 -0.00695226
v -0.00322345 0.01254890 -0.00695226
v -0.00284558 0.01233246 -0.00695226
v -0.00348483 0.01289217 -0.00689695
v -0.00318970 0.01259272 -0.00689695
v -0.00282486 0.01238374 -0.00689695
v -0.00345639 0.01291343 -0.00682726
v -0.00316803 0.01262085 -0.00682726
v -0.00281156 0.01241666 -0.00682726
v -0.00344659 0.01292076 -0.00675000
v -0.00316056 0.01263054 -0.00675000
v -0.00280698 0.01242801 -0.00675000
v -0.00923667 0.00954379 -0.00700000
v -0.00930766 0.00951333 -0.00698777
v -0.00944640 0.01023753 -0.00700000
v -0.00952239 0.01022356 -0.00698777
v -0.00949719 0.01096050 -0.00700000
v -0.00957437 0.01096371 -0.00698777
v -0.00938649 0.01167675 -0.00700000
v -0.00946105 0.01169698 -0.00698777
v -0.00911982 0.01235065 -0.00700000
v -0.00918804 0.01238691 -0.00698777
v -0.00871043 0.01294870 -0.00700000
v -0.00876892 0.01299918 -0.00698777
v -0.00817869 0.01344116 -0.00700000
v -0.00822454 0.01350334 -0.00698777
v -0.00755104 0.01380354 -0.00700000
v -0.00758197 0.01387433 -0.00698777
v -0.00685869 0.01401781 -0.00700000
v -0.00687316 0.01409370 -0.00698777
v -0.00613607 0.01407332 -0.00700000
v -0.00613336 0.01415053 -0.00698777
v -0.00541911 0.01396731 -0.00700000
v -0.00539936 0.01404200 -0.00698777
v -0.00474348 0.01370505 -0.00700000
v -0.00470767 0.01377351 -0.00698777
v -0.00414276 0.01329959 -0.00700000
v -0.00409267 0.01335841 -0.00698777
v -0.00358495 0.01281734 -0.00698777
v -0.00404748 0.01341146 -0.00695226
v -0.00352913 0.01285906 -0.00695226
v -0.00401162 0.01345357 -0.00689695
v -0.00348483 0.01289217 -0.00689695
v -0.00398860 0.01348060 -0.00682726
v -0.00345639 0.01291343 -0.00682726
v -0.00393842 0.01345336 -0.00675000
v -0.00344659 0.01292076 -0.00675000
v -0.00937171 0.00948585 -0.00695226
v -0.00959093 0.01021095 -0.00695226
v -0.00964401 0.01096661 -0.00695226
v -0.00952830 0.01171524 -0.00695226
v -0.00924957 0.01241962 -0.00695226
v -0.00882168 0.01304471 -0.00695226
v -0.00826590 0.01355944 -0.00695226
v -0.00760987 0.01393819 -0.00695226
v -0.00688621 0.01416215 -0.00695226
v -0.00613092 0.01422018 -0.00695226
v -0.00538154 0.01410937 -0.00695226
v -0.00467536 0.01383526 -0.00695226
v -0.00942253 0.00946404 -0.00689695
v -0.00964532 0.01020095 -0.00689695
v -0.00969927 0.01096891 -0.00689695
v -0.00958168 0.01172973 -0.00689695
v -0.00929841 0.01244558 -0.00689695
v -0.00886355 0.01308085 -0.00689695
v -0.00829872 0.01360395 -0.00689695
v -0.00763201 0.01398888 -0.00689695
v -0.00689657 0.01421648 -0.00689695
v -0.00612898 0.01427545 -0.00689695
v -0.00536741 0.01416284 -0.00689695
v -0.00464972 0.01388427 -0.00689695
v -0.00945517 0.00945003 -0.00682726
v -0.00968025 0.01019453 -0.00682726
v -0.00973475 0.01097039 -0.00682726
v -0.00961595 0.01173903 -0.00682726
v -0.00932977 0.01246224 -0.00682726
v -0.00889043 0.01310405 -0.00682726
v -0.00831979 0.01363253 -0.00682726
v -0.00764622 0.01402142 -0.00682726
v -0.00690322 0.01425137 -0.00682726
v -0.00612773 0.01431094 -0.00682726
v -0.00535833 0.01419717 -0.00682726
v -0.00463326 0.01391573 -0.00682726
v -0.00946641 0.00944521 -0.00675000
v -0.00968174 0.01013745 -0.00675000
v -0.00974984 0.01085921 -0.00675000
v -0.00966778 0.01157950 -0.00675000
v -0.00943908 0.01226745 -0.00675000
v -0.00907357 0.01289352 -0.00675000
v -0.00858692 0.01343086 -0.00675000
v -0.00800000 0.01385641 -0.00675000
v -0.00733800 0.01415191 -0.00675000
v -0.00662933 0.01430470 -0.00675000
v -0.00590438 0.01430821 -0.00675000
v -0.00519426 0.01416229 -0.00675000
v -0.00452943 0.01387321 -0.00675000
v -0.00948927 0.00774702 -0.00700000
v -0.00954911 0.00779588 -0.00698777
v -0.00924143 0.00815270 -0.00700000
v -0.00931221 0.00818364 -0.00698777
v -0.00911192 0.00861011 -0.00700000
v -0.00918842 0.00862086 -0.00698777
v -0.00911029 0.00908550 -0.00700000
v -0.00918686 0.00907527 -0.00698777
v -0.00923667 0.00954379 -0.00700000
v -0.00930766 0.00951333 -0.00698777
v -0.00925594 0.00906604 -0.00695226
v -0.00937171 0.00948585 -0.00695226
v -0.00931076 0.00905872 -0.00689695
v -0.00942253 0.00946404 -0.00689695
v -0.00934596 0.00905401 -0.00682726
v -0.00945517 0.00945003 -0.00682726
v -0.00935809 0.00905239 -0.00675000
v -0.00946641 0.00944521 -0.00675000
v -0.00960309 0.00783995 -0.00695226
v -0.00937607 0.00821156 -0.00695226
v -0.00925743 0.00863057 -0.00695226
v -0.00964594 0.00787493 -0.00689695
v -0.00942674 0.00823372 -0.00689695
v -0.00931220 0.00863827 -0.00689695
v -0.00967345 0.00789738 -0.00682726
v -0.00945928 0.00824794 -0.00682726
v -0.00934736 0.00864321 -0.00682726
v -0.00968292 0.00790512 -0.00675000
v -0.00947049 0.00825285 -0.00675000
v -0.00935948 0.00864491 -0.00675000
v -0.01209146 -0.00196449 -0.00700000
v -0.01216771 -0.00197688 -0.00698776
v -0.01223124 -0.00067765 -0.00700000
v -0.01230838 -0.00068192 -0.00698776
v -0.01223446 0.00061676 -0.00700000
v -0.01231162 0.00062064 -0.00698776
v -0.01210108 0.00190427 -0.00700000
v -0.01217740 0.00191628 -0.00698776
v -0.01183259 0.00317053 -0.00700000
v -0.01190721 0.00319053 -0.00698777
v -0.01143198 0.00440139 -0.00700000
v -0.01150408 0.00442914 -0.00698777
v -0.01090374 0.00558310 -0.00700000
v -0.01097250 0.00561831 -0.00698777
v -0.01025374 0.00670248 -0.00700000
v -0.01031841 0.00674475 -0.00698777
v -0.00948927 0.00774702 -0.00700000
v -0.00954911 0.00779588 -0.00698777
v -0.01037674 0.00678288 -0.00695226
v -0.00960309 0.00783995 -0.00695226
v -0.01042304 0.00681314 -0.00689695
v -0.00964594 0.00787493 -0.00689695
v -0.01045276 0.00683257 -0.00682726
v -0.00967345 0.00789738 -0.00682726
v -0.01046300 0.00683926 -0.00675000
v -0.00968292 0.00790512 -0.00675000
v -0.01223650 -0.00198805 -0.00695225
v -0.01237796 -0.00068578 -0.00695225
v -0.01238122 0.00062415 -0.00695225
v -0.01224624 0.00192712 -0.00695225
v -0.01197453 0.00320856 -0.00695226
v -0.01156912 0.00445418 -0.00695226
v -0.01103453 0.00565007 -0.00695226
v -0.01229109 -0.00199692 -0.00689695
v -0.01243319 -0.00068884 -0.00689695
v -0.01243646 0.00062694 -0.00689695
v -0.01230088 0.00193571 -0.00689695
v -0.01202795 0.00322288 -0.00689695
v -0.01162073 0.00447406 -0.00689695
v -0.01108376 0.00567528 -0.00689695
v -0.01232614 -0.00200262 -0.00682725
v -0.01246864 -0.00069080 -0.00682725
v -0.01247193 0.00062873 -0.00682725
v -0.01233596 0.00194124 -0.00682725
v -0.01206225 0.00323207 -0.00682726
v -0.01165387 0.00448682 -0.00682726
v -0.01111537 0.00569147 -0.00682726
v -0.01233822 -0.00200458 -0.00675000
v -0.01248086 -0.00069148 -0.00675000
v -0.01248415 0.00062934 -0.00675000
v -0.01234804 0.00194314 -0.00675000
v -0.01207407 0.00323524 -0.00675000
v -0.01166529 0.00449121 -0.00675000
v -0.01112626 0.00569704 -0.00675000
v -0.01281734 -0.00358495 -0.00698776
v -0.01243249 -0.00331313 -0.00700000
v -0.01249369 -0.00326599 -0.00698776
v -0.01219621 -0.00290062 -0.00700000
v -0.01226784 -0.00287168 -0.00698776
v -0.01207966 -0.00243973 -0.00700000
v -0.01215644 -0.00243114 -0.00698776
v -0.01209146 -0.00196449 -0.00700000
v -0.01216771 -0.00197688 -0.00698776
v -0.01222570 -0.00242339 -0.00695225
v -0.01223650 -0.00198805 -0.00695225
v -0.01228066 -0.00241724 -0.00689695
v -0.01229109 -0.00199692 -0.00689695
v -0.01231595 -0.00241329 -0.00682725
v -0.01232614 -0.00200262 -0.00682725
v -0.01232811 -0.00241193 -0.00675000
v -0.01233822 -0.00200458 -0.00675000
v -0.01285906 -0.00352913 -0.00695225
v -0.01254890 -0.00322345 -0.00695225
v -0.01233246 -0.00284558 -0.00695225
v -0.01289217 -0.00348483 -0.00689695
v -0.01259272 -0.00318970 -0.00689695
v -0.01238374 -0.00282486 -0.00689695
v -0.01291343 -0.00345639 -0.00682725
v -0.01262085 -0.00316803 -0.00682725
v -0.01241666 -0.00281156 -0.00682725
v -0.01292076 -0.00344659 -0.00675000
v -0.01263054 -0.00316056 -0.00675000
v -0.01242801 -0.00280698 -0.00675000
v 0.00944521 0.00946641 -0.00375000
v 0.00944521 0.00946641 -0.00675000
v 0.00905239 0.00935809 -0.00375000
v 0.00905239 0.00935809 -0.00675000
v 0.00864492 0.00935948 -0.00375000
v 0.00864492 0.00935948 -0.00675000
v 0.00825285 0.00947049 -0.00375000
v 0.00825285 0.00947049 -0.00675000
v 0.00790512 0.00968292 -0.00375000
v 0.00790512 0.00968292 -0.00675000
v 0.00790512 0.00968292 -0.00375000
v 0.00790512 0.00968292 -0.00675000
v 0.00683927 0.01046300 -0.00375000
v 0.00683927 0.01046300 -0.00675000
v 0.00569704 0.01112626 -0.00375000
v 0.00569704 0.01112626 -0.00675000
v 0.00449121 0.01166529 -0.00375000
v 0.00449121 0.01166529 -0.00675000
v 0.00323524 0.01207407 -0.00375000
v 0.00323524 0.01207407 -0.00675000
v 0.00194314 0.01234804 -0.00375000
v 0.00194314 0.01234804 -0.00675000
v 0.00062935 0.01248415 -0.00375000
v 0.00062935 0.01248415 -0.00675000
v -0.00069148 0.01248086 -0.00375000
v -0.00069148 0.01248086 -0.00675000
v -0.00200458 0.01233822 -0.00375000
v -0.00200458 0.01233822 -0.00675000
v -0.00200458 0.01233822 -0.00375000
v -0.00200458 0.01233822 -0.00675000
v -0.00241193 0.01232811 -0.00375000
v -0.00241193 0.01232811 -0.00675000
v -0.00280698 0.01242801 -0.00375000
v -0.00280698 0.01242801 -0.00675000
v -0.00316056 0.01263054 -0.00375000
v -0.00316056 0.01263054 -0.00675000
v -0.00344659 0.01292076 -0.00375000
v -0.00344659 0.01292076 -0.00675000
v -0.00344659 0.01292076 -0.00375000
v -0.00344659 0.01292076 -0.00675000
v -0.00393842 0.01345336 -0.00375000
v -0.00393842 0.01345336 -0.00675000
v -0.00452943 0.01387321 -0.00675000
v -0.00452943 0.01387321 -0.00375000
v -0.00519426 0.01416229 -0.00675000
v -0.00519426 0.01416229 -0.00375000
v -0.00590438 0.01430821 -0.00675000
v -0.00590438 0.01430821 -0.00375000
v -0.00662933 0.01430470 -0.00675000
v -0.00662933 0.01430470 -0.00375000
v -0.00733800 0.01415191 -0.00675000
v -0.00733800 0.01415191 -0.00375000
v -0.00800000 0.01385641 -0.00675000
v -0.00800000 0.01385641 -0.00375000
v -0.00858692 0.01343086 -0.00675000
v -0.00858692 0.01343086 -0.00375000
v -0.00907357 0.01289352 -0.00675000
v -0.00907357 0.01289352 -0.00375000
v -0.00943908 0.01226745 -0.00675000
v -0.00943908 0.01226745 -0.00375000
v -0.00966778 0.01157950 -0.00675000
v -0.00966778 0.01157950 -0.00375000
v -0.00974984 0.01085921 -0.00675000
v -0.00974984 0.01085921 -0.00375000
v -0.00968174 0.01013745 -0.00675000
v -0.00968174 0.01013745 -0.00375000
v -0.00946641 0.00944521 -0.00375000
v -0.00946641 0.00944521 -0.00675000
v -0.00946641 0.00944521 -0.00375000
v -0.00946641 0.00944521 -0.00675000
v -0.00935809 0.00905239 -0.00375000
v -0.00935809 0.00905239 -0.00675000
v -0.00935948 0.00864492 -0.00375000
v -0.00935948 0.00864491 -0.00675000
v -0.00947049 0.00825285 -0.00375000
v -0.00947049 0.00825285 -0.00675000
v -0.00968292 0.00790512 -0.00375000
v -0.00968292 0.00790512 -0.00675000
v -0.00968292 0.00790512 -0.00375000
v -0.00968292 0.00790512 -0.00675000
v -0.01046300 0.00683926 -0.00375000
v -0.01046300 0.00683926 -0.00675000
v -0.01112626 0.00569704 -0.00375000
v -0.01112626 0.00569704 -0.00675000
v -0.01166529 0.00449121 -0.00375000
v -0.01166529 0.00449121 -0.00675000
v -0.01207407 0.00323524 -0.00375000
v -0.01207407 0.00323524 -0.00675000
v -0.01234804 0.00194314 -0.00375000
v -0.01234804 0.00194314 -0.00675000
v -0.01248415 0.00062934 -0.00375000
v -0.01248415 0.00062934 -0.00675000
v -0.01248086 -0.00069148 -0.00375000
v -0.01248086 -0.00069148 -0.00675000
v -0.01233822 -0.00200458 -0.00375000
v -0.01233822 -0.00200458 -0.00675000
v -0.01233822 -0.00200458 -0.00375000
v -0.01233822 -0.00200458 -0.00675000
v -0.01232811 -0.00241193 -0.00375000
v -0.01232811 -0.00241193 -0.00675000
v -0.01242801 -0.00280698 -0.00375000
v -0.01242801 -0.00280698 -0.00675000
v -0.01263054 -0.00316056 -0.00375000
v -0.01263054 -0.00316056 -0.00675000
v -0.01292076 -0.00344659 -0.00375000
v -0.01292076 -0.00344659 -0.00675000
v -0.01292076 -0.00344659 -0.00375000
v -0.01292076 -0.00344659 -0.00675000
v -0.01345336 -0.00393842 -0.00375000
v -0.01345336 -0.00393842 -0.00675000
v -0.01387321 -0.00452943 -0.00675000
v -0.01387321 -0.00452943 -0.00375000
v -0.01416229 -0.00519426 -0.00675000
v -0.01416229 -0.00519426 -0.00375000
v -0.01430821 -0.00590438 -0.00675000
v -0.01430821 -0.00590438 -0.00375000
v -0.01430470 -0.00662933 -0.00675000
v -0.01430470 -0.00662933 -0.00375000
v -0.01415191 -0.00733801 -0.00675000
v -0.01415191 -0.00733801 -0.00375000
v -0.01385641 -0.00800000 -0.00675000
v -0.01385641 -0.00800000 -0.00375000
v -0.01343086 -0.00858692 -0.00675000
v -0.01343086 -0.00858692 -0.00375000
v -0.01289352 -0.00907357 -0.00675000
v -0.01289352 -0.00907357 -0.00375000
v -0.01226745 -0.00943909 -0.00675000
v -0.01226745 -0.00943909 -0.00375000
v -0.01157950 -0.00966778 -0.00675000
v -0.01157950 -0.00966778 -0.00375000
v -0.01085921 -0.00974984 -0.00675000
v -0.01085921 -0.00974984 -0.00375000
v -0.01013745 -0.00968174 -0.00675000
v -0.01013745 -0.00968174 -0.00375000
v -0.00944521 -0.00946641 -0.00375000
v -0.00944521 -0.00946642 -0.00675000
v -0.01292076 -0.00344659 -0.00375000
v -0.01291343 -0.00345639 -0.00367274
v -0.01263054 -0.00316056 -0.00375000
v -0.01262085 -0.00316803 -0.00367275
v -0.01242801 -0.00280698 -0.00375000
v -0.01241666 -0.00281156 -0.00367275
v -0.01232811 -0.00241193 -0.00375000
v -0.01231595 -0.00241329 -0.00367275
v -0.01233822 -0.00200458 -0.00375000
v -0.01232614 -0.00200262 -0.00367275
v -0.01228066 -0.00241724 -0.00360305
v -0.01229109 -0.00199692 -0.00360305
v -0.01222570 -0.00242339 -0.00354774
v -0.01223650 -0.00198805 -0.00354774
v -0.01215644 -0.00243114 -0.00351224
v -0.01216771 -0.00197687 -0.00351224
v -0.01207966 -0.00243973 -0.00350000
v -0.01209146 -0.00196449 -0.00350000
v -0.01289217 -0.00348483 -0.00360305
v -0.01259272 -0.00318970 -0.00360305
v -0.01238374 -0.00282486 -0.00360305
v -0.01285906 -0.00352913 -0.00354774
v -0.01254890 -0.00322345 -0.00354774
v -0.01233246 -0.00284558 -0.00354774
v -0.01281734 -0.00358495 -0.00351223
v -0.01249369 -0.00326599 -0.00351223
v -0.01226784 -0.00287168 -0.00351223
v -0.01277109 -0.00364683 -0.00350000
v -0.01243249 -0.00331313 -0.00350000
v -0.01219621 -0.00290062 -0.00350000
v -0.00948927 0.00774702 -0.00350000
v -0.00954911 0.00779588 -0.00351224
v -0.01025374 0.00670248 -0.00350000
v -0.01031841 0.00674475 -0.00351224
v -0.01090374 0.00558310 -0.00350000
v -0.01097250 0.00561831 -0.00351224
v -0.01143198 0.00440139 -0.00350000
v -0.01150408 0.00442915 -0.00351224
v -0.01183259 0.00317053 -0.00350000
v -0.01190721 0.00319053 -0.00351224
v -0.01210108 0.00190428 -0.00350000
v -0.01217740 0.00191628 -0.00351224
v -0.01223446 0.00061676 -0.00350000
v -0.01231162 0.00062065 -0.00351224
v -0.01223124 -0.00067765 -0.00350000
v -0.01230838 -0.00068192 -0.00351224
v -0.01209146 -0.00196449 -0.00350000
v -0.01216771 -0.00197687 -0.00351224
v -0.01237796 -0.00068578 -0.00354774
v -0.01223650 -0.00198805 -0.00354774
v -0.01243319 -0.00068884 -0.00360305
v -0.01229109 -0.00199692 -0.00360305
v -0.01246864 -0.00069080 -0.00367275
v -0.01232614 -0.00200262 -0.00367275
v -0.01248086 -0.00069148 -0.00375000
v -0.01233822 -0.00200458 -0.00375000
v -0.00960309 0.00783995 -0.00354775
v -0.01037674 0.00678288 -0.00354775
v -0.01103453 0.00565008 -0.00354775
v -0.01156912 0.00445419 -0.00354775
v -0.01197453 0.00320856 -0.00354775
v -0.01224624 0.00192712 -0.00354775
v -0.01238122 0.00062415 -0.00354775
v -0.00964594 0.00787493 -0.00360306
v -0.01042304 0.00681314 -0.00360306
v -0.01108376 0.00567528 -0.00360306
v -0.01162073 0.00447406 -0.00360306
v -0.01202795 0.00322288 -0.00360305
v -0.01230088 0.00193572 -0.00360305
v -0.01243646 0.00062694 -0.00360305
v -0.00967345 0.00789738 -0.00367275
v -0.01045276 0.00683257 -0.00367275
v -0.01111537 0.00569147 -0.00367275
v -0.01165387 0.00448682 -0.00367275
v -0.01206225 0.00323207 -0.00367275
v -0.01233596 0.00194124 -0.00367275
v -0.01247193 0.00062873 -0.00367275
v -0.00968292 0.00790512 -0.00375000
v -0.01046300 0.00683926 -0.00375000
v -0.01112626 0.00569704 -0.00375000
v -0.01166529 0.00449121 -0.00375000
v -0.01207407 0.00323524 -0.00375000
v -0.01234804 0.00194314 -0.00375000
v -0.01248415 0.00062934 -0.00375000
v -0.00923667 0.00954379 -0.00350000
v -0.00930766 0.00951333 -0.00351224
v -0.00911029 0.00908550 -0.00350000
v -0.00918686 0.00907527 -0.00351224
v -0.00911192 0.00861011 -0.00350000
v -0.00918842 0.00862087 -0.00351224
v -0.00924143 0.00815270 -0.00350000
v -0.00931221 0.00818365 -0.00351224
v -0.00948927 0.00774702 -0.00350000
v -0.00954911 0.00779588 -0.00351224
v -0.00937607 0.00821156 -0.00354775
v -0.00960309 0.00783995 -0.00354775
v -0.00942674 0.00823372 -0.00360306
v -0.00964594 0.00787493 -0.00360306
v -0.00945928 0.00824795 -0.00367275
v -0.00967345 0.00789738 -0.00367275
v -0.00947049 0.00825285 -0.00375000
v -0.00968292 0.00790512 -0.00375000
v -0.00937171 0.00948585 -0.00354775
v -0.00925594 0.00906604 -0.00354775
v -0.00925743 0.00863057 -0.00354775
v -0.00942253 0.00946404 -0.00360306
v -0.00931076 0.00905872 -0.00360306
v -0.00931220 0.00863827 -0.00360306
v -0.00945517 0.00945004 -0.00367275
v -0.00934596 0.00905401 -0.00367275
v -0.00934736 0.00864321 -0.00367275
v -0.00946641 0.00944521 -0.00375000
v -0.00935809 0.00905239 -0.00375000
v -0.00935948 0.00864492 -0.00375000
v -0.00364683 0.01277109 -0.00350000
v -0.00358495 0.01281734 -0.00351224
v -0.00414276 0.01329959 -0.00350000
v -0.00409267 0.01335841 -0.00351224
v -0.00474348 0.01370505 -0.00350000
v -0.00470767 0.01377351 -0.00351224
v -0.00541911 0.01396731 -0.00350000
v -0.00539936 0.01404200 -0.00351224
v -0.00613607 0.01407332 -0.00350000
v -0.00613336 0.01415053 -0.00351224
v -0.00685869 0.01401781 -0.00350000
v -0.00687316 0.01409370 -0.00351224
v -0.00755104 0.01380354 -0.00350000
v -0.00758197 0.01387433 -0.00351224
v -0.00817869 0.01344116 -0.00350000
v -0.00822454 0.01350334 -0.00351224
v -0.00871043 0.01294870 -0.00350000
v -0.00876892 0.01299918 -0.00351224
v -0.00911982 0.01235065 -0.00350000
v -0.00918804 0.01238691 -0.00351224
v -0.00938649 0.01167675 -0.00350000
v -0.00946105 0.01169698 -0.00351224
v -0.00949719 0.01096050 -0.00350000
v -0.00957437 0.01096371 -0.00351224
v -0.00944640 0.01023753 -0.00350000
v -0.00952239 0.01022356 -0.00351224
v -0.00923667 0.00954379 -0.00350000
v -0.00930766 0.00951333 -0.00351224
v -0.00959093 0.01021095 -0.00354775
v -0.00937171 0.00948585 -0.00354775
v -0.00964532 0.01020095 -0.00360306
v -0.00942253 0.00946404 -0.00360306
v -0.00968025 0.01019453 -0.00367275
v -0.00945517 0.00945004 -0.00367275
v -0.00968174 0.01013745 -0.00375000
v -0.00946641 0.00944521 -0.00375000
v -0.00352913 0.01285906 -0.00354775
v -0.00404748 0.01341146 -0.00354775
v -0.00467536 0.01383526 -0.00354775
v -0.00538154 0.01410937 -0.00354775
v -0.00613092 0.01422018 -0.00354775
v -0.00688621 0.01416215 -0.00354775
v -0.00760987 0.01393819 -0.00354775
v -0.00826590 0.01355944 -0.00354775
v -0.00882168 0.01304471 -0.00354775
v -0.00924957 0.01241962 -0.00354775
v -0.00952830 0.01171524 -0.00354775
v -0.00964401 0.01096661 -0.00354775
v -0.00348483 0.01289217 -0.00360306
v -0.00401162 0.01345357 -0.00360306
v -0.00464972 0.01388427 -0.00360306
v -0.00536741 0.01416284 -0.00360306
v -0.00612898 0.01427545 -0.00360306
v -0.00689657 0.01421648 -0.00360306
v -0.00763201 0.01398888 -0.00360306
v -0.00829872 0.01360395 -0.00360306
v -0.00886355 0.01308085 -0.00360306
v -0.00929841 0.01244558 -0.00360306
v -0.00958168 0.01172973 -0.00360306
v -0.00969927 0.01096891 -0.00360306
v -0.00345639 0.01291343 -0.00367275
v -0.00398860 0.01348060 -0.00367275
v -0.00463326 0.01391573 -0.00367275
v -0.00535833 0.01419717 -0.00367275
v -0.00612773 0.01431094 -0.00367275
v -0.00690322 0.01425137 -0.00367275
v -0.00764622 0.01402142 -0.00367275
v -0.00831979 0.01363253 -0.00367275
v -0.00889043 0.01310405 -0.00367275
v -0.00932977 0.01246224 -0.00367275
v -0.00961595 0.01173903 -0.00367275
v -0.00973475 0.01097039 -0.00367275
v -0.00344659 0.01292076 -0.00375000
v -0.00393842 0.01345336 -0.00375000
v -0.00452943 0.01387321 -0.00375000
v -0.00519426 0.01416229 -0.00375000
v -0.00590438 0.01430821 -0.00375000
v -0.00662933 0.01430470 -0.00375000
v -0.00733800 0.01415191 -0.00375000
v -0.00800000 0.01385641 -0.00375000
v -0.00858692 0.01343086 -0.00375000
v -0.00907357 0.01289352 -0.00375000
v -0.00943908 0.01226745 -0.00375000
v -0.00966778 0.01157950 -0.00375000
v -0.00974984 0.01085921 -0.00375000
v -0.00196448 0.01209146 -0.00350000
v -0.00197687 0.01216771 -0.00351224
v -0.00243973 0.01207966 -0.00350000
v -0.00243114 0.01215644 -0.00351224
v -0.00290062 0.01219621 -0.00350000
v -0.00287168 0.01226784 -0.00351224
v -0.00331313 0.01243249 -0.00350000
v -0.00326598 0.01249369 -0.00351224
v -0.00358495 0.01281734 -0.00351224
v -0.00322345 0.01254890 -0.00354775
v -0.00352913 0.01285906 -0.00354775
v -0.00318970 0.01259272 -0.00360306
v -0.00348483 0.01289217 -0.00360306
v -0.00316803 0.01262085 -0.00367275
v -0.00345639 0.01291343 -0.00367275
v -0.00316056 0.01263054 -0.00375000
v -0.00344659 0.01292076 -0.00375000
v -0.00198805 0.01223650 -0.00354775
v -0.00242339 0.01222570 -0.00354775
v -0.00284558 0.01233246 -0.00354775
v -0.00199692 0.01229109 -0.00360306
v -0.00241724 0.01228066 -0.00360306
v -0.00282486 0.01238374 -0.00360306
v -0.00200261 0.01232614 -0.00367275
v -0.00241329 0.01231595 -0.00367275
v -0.00281156 0.01241666 -0.00367275
v -0.00200458 0.01233822 -0.00375000
v -0.00241193 0.01232811 -0.00375000
v -0.00280698 0.01242801 -0.00375000
v 0.00774702 0.00948926 -0.00350000
v 0.00779588 0.00954911 -0.00351224
v 0.00670248 0.01025374 -0.00350000
v 0.00674475 0.01031841 -0.00351224
v 0.00558310 0.01090374 -0.00350000
v 0.00561831 0.01097250 -0.00351224
v 0.00440139 0.01143198 -0.00350000
v 0.00442915 0.01150408 -0.00351224
v 0.00317053 0.01183259 -0.00350000
v 0.00319053 0.01190721 -0.00351224
v 0.00190428 0.01210108 -0.00350000
v 0.00191629 0.01217740 -0.00351224
v 0.00061676 0.01223446 -0.00350000
v 0.00062065 0.01231162 -0.00351224
v -0.00067765 0.01223124 -0.00350000
v -0.00068192 0.01230838 -0.00351224
v -0.00196448 0.01209146 -0.00350000
v -0.00197687 0.01216771 -0.00351224
v -0.00068577 0.01237796 -0.00354775
v -0.00198805 0.01223650 -0.00354775
v -0.00068883 0.01243319 -0.00360306
v -0.00199692 0.01229109 -0.00360306
v -0.00069080 0.01246864 -0.00367275
v -0.00200261 0.01232614 -0.00367275
v -0.00069148 0.01248086 -0.00375000
v -0.00200458 0.01233822 -0.00375000
v 0.00783995 0.00960309 -0.00354775
v 0.00678288 0.01037674 -0.00354775
v 0.00565008 0.01103453 -0.00354775
v 0.00445419 0.01156912 -0.00354775
v 0.00320857 0.01197453 -0.00354775
v 0.00192712 0.01224624 -0.00354775
v 0.00062416 0.01238122 -0.00354775
v 0.00787493 0.00964594 -0.00360306
v 0.00681314 0.01042304 -0.00360306
v 0.00567528 0.01108376 -0.00360306
v 0.00447406 0.01162073 -0.00360306
v 0.00322288 0.01202795 -0.00360306
v 0.00193572 0.01230088 -0.00360306
v 0.00062694 0.01243646 -0.00360306
v 0.00789738 0.00967344 -0.00367275
v 0.00683257 0.01045276 -0.00367275
v 0.00569147 0.01111537 -0.00367275
v 0.00448682 0.01165387 -0.00367275
v 0.00323207 0.01206225 -0.00367275
v 0.00194124 0.01233596 -0.00367275
v 0.00062873 0.01247193 -0.00367275
v 0.00790512 0.00968292 -0.00375000
v 0.00683927 0.01046300 -0.00375000
v 0.00569704 0.01112626 -0.00375000
v 0.00449121 0.01166529 -0.00375000
v 0.00323524 0.01207407 -0.00375000
v 0.00194314 0.01234804 -0.00375000
v 0.00062935 0.01248415 -0.00375000
v 0.00954379 0.00923667 -0.00350000
v 0.00951333 0.00930766 -0.00351224
v 0.00908550 0.00911029 -0.00350000
v 0.00907527 0.00918686 -0.00351224
v 0.00861011 0.00911192 -0.00350000
v 0.00862087 0.00918842 -0.00351224
v 0.00815270 0.00924143 -0.00350000
v 0.00818365 0.00931221 -0.00351224
v 0.00774702 0.00948926 -0.00350000
v 0.00779588 0.00954911 -0.00351224
v 0.00821157 0.00937607 -0.00354775
v 0.00783995 0.00960309 -0.00354775
v 0.00823372 0.00942674 -0.00360306
v 0.00787493 0.00964594 -0.00360306
v 0.00824795 0.00945928 -0.00367275
v 0.00789738 0.00967344 -0.00367275
v 0.00825285 0.00947049 -0.00375000
v 0.00790512 0.00968292 -0.00375000
v 0.00948585 0.00937171 -0.00354775
v 0.00906604 0.00925594 -0.00354775
v 0.00863057 0.00925743 -0.00354775
v 0.00946404 0.00942253 -0.00360306
v 0.00905872 0.00931076 -0.00360306
v 0.00863827 0.00931220 -0.00360306
v 0.00945004 0.00945517 -0.00367275
v 0.00905402 0.00934596 -0.00367275
v 0.00864321 0.00934736 -0.00367275
v 0.00944521 0.00946641 -0.00375000
v 0.00905239 0.00935809 -0.00375000
v 0.00864492 0.00935948 -0.00375000
v 0.01277109 0.00364683 -0.00350000
v 0.01281734 0.00358495 -0.00351224
v 0.01329959 0.00414276 -0.00350000
v 0.01335841 0.00409267 -0.00351224
v 0.01370505 0.00474348 -0.00350000
v 0.01377351 0.00470766 -0.00351224
v 0.01396731 0.00541911 -0.00350000
v 0.01404200 0.00539936 -0.00351224
v 0.01407332 0.00613607 -0.00350000
v 0.01415053 0.00613336 -0.00351224
v 0.01401781 0.00685869 -0.00350000
v 0.01409370 0.00687316 -0.00351224
v 0.01380354 0.00755104 -0.00350000
v 0.01387433 0.00758197 -0.00351224
v 0.01344116 0.00817869 -0.00350000
v 0.01350334 0.00822454 -0.00351224
v 0.01294870 0.00871043 -0.00350000
v 0.01299918 0.00876892 -0.00351224
v 0.01235065 0.00911982 -0.00350000
v 0.01238691 0.00918803 -0.00351224
v 0.01167675 0.00938649 -0.00350000
v 0.01169698 0.00946105 -0.00351224
v 0.01096050 0.00949719 -0.00350000
v 0.01096371 0.00957437 -0.00351224
v 0.01023753 0.00944640 -0.00350000
v 0.01022356 0.00952238 -0.00351224
v 0.00954379 0.00923667 -0.00350000
v 0.00951333 0.00930766 -0.00351224
v 0.01021095 0.00959093 -0.00354775
v 0.00948585 0.00937171 -0.00354775
v 0.01020095 0.00964532 -0.00360306
v 0.00946404 0.00942253 -0.00360306
v 0.01019453 0.00968025 -0.00367275
v 0.00945004 0.00945517 -0.00367275
v 0.01013745 0.00968174 -0.00375000
v 0.00944521 0.00946641 -0.00375000
v 0.01285906 0.00352913 -0.00354775
v 0.01341146 0.00404748 -0.00354775
v 0.01383526 0.00467536 -0.00354775
v 0.01410937 0.00538154 -0.00354775
v 0.01422018 0.00613092 -0.00354775
v 0.01416215 0.00688621 -0.00354775
v 0.01393819 0.00760987 -0.00354775
v 0.01355944 0.00826590 -0.00354775
v 0.01304471 0.00882168 -0.00354775
v 0.01241962 0.00924957 -0.00354775
v 0.01171524 0.00952830 -0.00354775
v 0.01096661 0.00964401 -0.00354775
v 0.01289217 0.00348483 -0.00360306
v 0.01345357 0.00401162 -0.00360306
v 0.01388427 0.00464972 -0.00360306
v 0.01416284 0.00536740 -0.00360306
v 0.01427545 0.00612898 -0.00360306
v 0.01421648 0.00689657 -0.00360306
v 0.01398888 0.00763201 -0.00360306
v 0.01360395 0.00829872 -0.00360306
v 0.01308085 0.00886355 -0.00360306
v 0.01244558 0.00929841 -0.00360306
v 0.01172973 0.00958168 -0.00360306
v 0.01096891 0.00969927 -0.00360306
v 0.01291343 0.00345639 -0.00367275
v 0.01348060 0.00398859 -0.00367275
v 0.01391573 0.00463326 -0.00367275
v 0.01419717 0.00535833 -0.00367275
v 0.01431094 0.00612773 -0.00367275
v 0.01425137 0.00690322 -0.00367275
v 0.01402142 0.00764622 -0.00367275
v 0.01363253 0.00831979 -0.00367275
v 0.01310405 0.00889043 -0.00367275
v 0.01246224 0.00932977 -0.00367275
v 0.01173903 0.00961595 -0.00367275
v 0.01097039 0.00973474 -0.00367275
v 0.01292076 0.00344659 -0.00375000
v 0.01345336 0.00393842 -0.00375000
v 0.01387321 0.00452943 -0.00375000
v 0.01416229 0.00519426 -0.00375000
v 0.01430821 0.00590438 -0.00375000
v 0.01430470 0.00662933 -0.00375000
v 0.01415191 0.00733800 -0.00375000
v 0.01385641 0.00800000 -0.00375000
v 0.01343086 0.00858691 -0.00375000
v 0.01289352 0.00907357 -0.00375000
v 0.01226745 0.00943908 -0.00375000
v 0.01157950 0.00966778 -0.00375000
v 0.01085921 0.00974983 -0.00375000
v 0.01209146 0.00196448 -0.00350000
v 0.01216771 0.00197687 -0.00351224
v 0.01207966 0.00243973 -0.00350000
v 0.01215644 0.00243114 -0.00351224
v 0.01219621 0.00290062 -0.00350000
v 0.01226784 0.00287168 -0.00351224
v 0.01243249 0.00331313 -0.00350000
v 0.01249369 0.00326598 -0.00351224
v 0.01281734 0.00358495 -0.00351224
v 0.01254890 0.00322345 -0.00354775
v 0.01285906 0.00352913 -0.00354775
v 0.01259272 0.00318970 -0.00360305
v 0.01289217 0.00348483 -0.00360306
v 0.01262085 0.00316803 -0.00367275
v 0.01291343 0.00345639 -0.00367275
v 0.01263054 0.00316056 -0.00375000
v 0.01292076 0.00344659 -0.00375000
v 0.01223650 0.00198805 -0.00354775
v 0.01222570 0.00242339 -0.00354775
v 0.01233246 0.00284558 -0.00354775
v 0.01229109 0.00199692 -0.00360305
v 0.01228066 0.00241724 -0.00360305
v 0.01238374 0.00282486 -0.00360305
v 0.01232614 0.00200261 -0.00367275
v 0.01231595 0.00241329 -0.00367275
v 0.01241666 0.00281156 -0.00367275
v 0.01233822 0.00200457 -0.00375000
v 0.01232811 0.00241193 -0.00375000
v 0.01242801 0.00280697 -0.00375000
v 0.00948927 -0.00774702 -0.00350000
v 0.00954911 -0.00779588 -0.00351223
v 0.01025374 -0.00670248 -0.00350000
v 0.01031841 -0.00674475 -0.00351223
v 0.01090374 -0.00558310 -0.00350000
v 0.01097250 -0.00561831 -0.00351223
v 0.01143198 -0.00440139 -0.00350000
v 0.01150408 -0.00442915 -0.00351223
v 0.01183259 -0.00317053 -0.00350000
v 0.01190721 -0.00319053 -0.00351223
v 0.01210108 -0.00190428 -0.00350000
v 0.01217740 -0.00191629 -0.00351224
v 0.01223446 -0.00061676 -0.00350000
v 0.01231162 -0.00062065 -0.00351224
v 0.01223124 0.00067764 -0.00350000
v 0.01230838 0.00068192 -0.00351224
v 0.01209146 0.00196448 -0.00350000
v 0.01216771 0.00197687 -0.00351224
v 0.01237796 0.00068577 -0.00354775
v 0.01223650 0.00198805 -0.00354775
v 0.01243319 0.00068883 -0.00360305
v 0.01229109 0.00199692 -0.00360305
v 0.01246864 0.00069080 -0.00367275
v 0.01232614 0.00200261 -0.00367275
v 0.01248086 0.00069147 -0.00375000
v 0.01233822 0.00200457 -0.00375000
v 0.00960309 -0.00783995 -0.00354774
v 0.01037674 -0.00678288 -0.00354774
v 0.01103453 -0.00565008 -0.00354774
v 0.01156912 -0.00445419 -0.00354774
v 0.01197453 -0.00320857 -0.00354774
v 0.01224624 -0.00192712 -0.00354774
v 0.01238122 -0.00062416 -0.00354774
v 0.00964594 -0.00787493 -0.00360305
v 0.01042304 -0.00681314 -0.00360305
v 0.01108376 -0.00567529 -0.00360305
v 0.01162073 -0.00447406 -0.00360305
v 0.01202795 -0.00322288 -0.00360305
v 0.01230088 -0.00193572 -0.00360305
v 0.01243646 -0.00062694 -0.00360305
v 0.00967345 -0.00789739 -0.00367274
v 0.01045276 -0.00683257 -0.00367274
v 0.01111537 -0.00569147 -0.00367274
v 0.01165387 -0.00448682 -0.00367274
v 0.01206225 -0.00323207 -0.00367275
v 0.01233596 -0.00194124 -0.00367275
v 0.01247193 -0.00062873 -0.00367275
v 0.00968292 -0.00790512 -0.00375000
v 0.01046300 -0.00683927 -0.00375000
v 0.01112626 -0.00569705 -0.00375000
v 0.01166529 -0.00449121 -0.00375000
v 0.01207407 -0.00323524 -0.00375000
v 0.01234804 -0.00194314 -0.00375000
v 0.01248415 -0.00062935 -0.00375000
v 0.00923667 -0.00954379 -0.00350000
v 0.00930766 -0.00951333 -0.00351223
v 0.00911029 -0.00908550 -0.00350000
v 0.00918686 -0.00907527 -0.00351223
v 0.00911192 -0.00861011 -0.00350000
v 0.00918842 -0.00862087 -0.00351223
v 0.00924143 -0.00815270 -0.00350000
v 0.00931221 -0.00818365 -0.00351223
v 0.00948927 -0.00774702 -0.00350000
v 0.00954911 -0.00779588 -0.00351223
v 0.00937607 -0.00821157 -0.00354774
v 0.00960309 -0.00783995 -0.00354774
v 0.00942674 -0.00823372 -0.00360305
v 0.00964594 -0.00787493 -0.00360305
v 0.00945928 -0.00824795 -0.00367274
v 0.00967345 -0.00789739 -0.00367274
v 0.00947049 -0.00825285 -0.00375000
v 0.00968292 -0.00790512 -0.00375000
v 0.00937171 -0.00948585 -0.00354774
v 0.00925594 -0.00906604 -0.00354774
v 0.00925743 -0.00863057 -0.00354774
v 0.00942253 -0.00946404 -0.00360305
v 0.00931076 -0.00905872 -0.00360305
v 0.00931220 -0.00863827 -0.00360305
v 0.00945517 -0.00945004 -0.00367274
v 0.00934596 -0.00905402 -0.00367274
v 0.00934736 -0.00864321 -0.00367274
v 0.00946641 -0.00944521 -0.00375000
v 0.00935809 -0.00905240 -0.00375000
v 0.00935948 -0.00864492 -0.00375000
v 0.00364683 -0.01277109 -0.00350000
v 0.00358495 -0.01281734 -0.00351223
v 0.00414276 -0.01329959 -0.00350000
v 0.00409267 -0.01335841 -0.00351223
v 0.00474348 -0.01370505 -0.00350000
v 0.00470767 -0.01377351 -0.00351223
v 0.00541911 -0.01396731 -0.00350000
v 0.00539936 -0.01404200 -0.00351223
v 0.00613607 -0.01407332 -0.00350000
v 0.00613336 -0.01415053 -0.00351223
v 0.00685869 -0.01401781 -0.00350000
v 0.00687316 -0.01409370 -0.00351223
v 0.00755104 -0.01380354 -0.00350000
v 0.00758197 -0.01387433 -0.00351223
v 0.00817869 -0.01344116 -0.00350000
v 0.00822454 -0.01350334 -0.00351223
v 0.00871043 -0.01294870 -0.00350000
v 0.00876892 -0.01299918 -0.00351223
v 0.00911982 -0.01235065 -0.00350000
v 0.00918804 -0.01238691 -0.00351223
v 0.00938649 -0.01167675 -0.00350000
v 0.00946105 -0.01169698 -0.00351223
v 0.00949719 -0.01096050 -0.00350000
v 0.00957437 -0.01096371 -0.00351223
v 0.00944640 -0.01023753 -0.00350000
v 0.00952239 -0.01022356 -0.00351223
v 0.00923667 -0.00954379 -0.00350000
v 0.00930766 -0.00951333 -0.00351223
v 0.00959093 -0.01021095 -0.00354774
v 0.00937171 -0.00948585 -0.00354774
v 0.00964532 -0.01020095 -0.00360305
v 0.00942253 -0.00946404 -0.00360305
v 0.00968025 -0.01019453 -0.00367274
v 0.00945517 -0.00945004 -0.00367274
v 0.00968174 -0.01013745 -0.00375000
v 0.00946641 -0.00944521 -0.00375000
v 0.00352913 -0.01285906 -0.00354774
v 0.00404748 -0.01341146 -0.00354774
v 0.00467536 -0.01383526 -0.00354774
v 0.00538154 -0.01410937 -0.00354774
v 0.00613092 -0.01422018 -0.00354774
v 0.00688621 -0.01416215 -0.00354774
v 0.00760987 -0.01393819 -0.00354774
v 0.00826590 -0.01355944 -0.00354774
v 0.00882168 -0.01304471 -0.00354774
v 0.00924957 -0.01241962 -0.00354774
v 0.00952830 -0.01171524 -0.00354774
v 0.00964401 -0.01096661 -0.00354774
v 0.00348483 -0.01289217 -0.00360305
v 0.00401162 -0.01345357 -0.00360305
v 0.00464972 -0.01388427 -0.00360305
v 0.00536741 -0.01416284 -0.00360305
v 0.00612898 -0.01427545 -0.00360305
v 0.00689657 -0.01421648 -0.00360305
v 0.00763201 -0.01398888 -0.00360305
v 0.00829872 -0.01360395 -0.00360305
v 0.00886355 -0.01308085 -0.00360305
v 0.00929841 -0.01244558 -0.00360305
v 0.00958168 -0.01172973 -0.00360305
v 0.00969927 -0.01096891 -0.00360305
v 0.00345639 -0.01291343 -0.00367274
v 0.00398860 -0.01348060 -0.00367274
v 0.00463326 -0.01391573 -0.00367274
v 0.00535833 -0.01419717 -0.00367274
v 0.00612773 -0.01431094 -0.00367274
v 0.00690322 -0.01425137 -0.00367274
v 0.00764622 -0.01402142 -0.00367274
v 0.00831979 -0.01363253 -0.00367274
v 0.00889043 -0.01310405 -0.00367274
v 0.00932977 -0.01246224 -0.00367274
v 0.00961595 -0.01173903 -0.00367274
v 0.00973475 -0.01097039 -0.00367274
v 0.00344659 -0.01292076 -0.00375000
v 0.00393842 -0.01345336 -0.00375000
v 0.00452943 -0.01387321 -0.00375000
v 0.00519426 -0.01416229 -0.00375000
v 0.00590438 -0.01430821 -0.00375000
v 0.00662933 -0.01430470 -0.00375000
v 0.00733800 -0.01415191 -0.00375000
v 0.00800000 -0.01385641 -0.00375000
v 0.00858692 -0.01343086 -0.00375000
v 0.00907357 -0.01289352 -0.00375000
v 0.00943908 -0.01226745 -0.00375000
v 0.00966778 -0.01157950 -0.00375000
v 0.00974984 -0.01085921 -0.00375000
v 0.00196448 -0.01209146 -0.00350000
v 0.00197687 -0.01216771 -0.00351223
v 0.00243973 -0.01207966 -0.00350000
v 0.00243114 -0.01215644 -0.00351223
v 0.00290062 -0.01219621 -0.00350000
v 0.00287168 -0.01226784 -0.00351223
v 0.00331313 -0.01243249 -0.00350000
v 0.00326598 -0.01249369 -0.00351223
v 0.00358495 -0.01281734 -0.00351223
v 0.00322345 -0.01254890 -0.00354774
v 0.00352913 -0.01285906 -0.00354774
v 0.00318970 -0.01259272 -0.00360305
v 0.00348483 -0.01289217 -0.00360305
v 0.00316803 -0.01262085 -0.00367274
v 0.00345639 -0.01291343 -0.00367274
v 0.00316056 -0.01263054 -0.00375000
v 0.00344659 -0.01292076 -0.00375000
v 0.00198805 -0.01223650 -0.00354774
v 0.00242339 -0.01222570 -0.00354774
v 0.00284558 -0.01233246 -0.00354774
v 0.00199692 -0.01229109 -0.00360305
v 0.00241724 -0.01228066 -0.00360305
v 0.00282486 -0.01238374 -0.00360305
v 0.00200261 -0.01232614 -0.00367274
v 0.00241329 -0.01231595 -0.00367274
v 0.00281156 -0.01241666 -0.00367274
v 0.00200458 -0.01233822 -0.00375000
v 0.00241193 -0.01232811 -0.00375000
v 0.00280698 -0.01242801 -0.00375000
v -0.00774702 -0.00948927 -0.00350000
v -0.00779588 -0.00954911 -0.00351223
v -0.00670248 -0.01025374 -0.00350000
v -0.00674475 -0.01031841 -0.00351223
v -0.00558310 -0.01090374 -0.00350000
v -0.00561831 -0.01097250 -0.00351223
v -0.00440139 -0.01143198 -0.00350000
v -0.00442915 -0.01150408 -0.00351223
v -0.00317053 -0.01183259 -0.00350000
v -0.00319053 -0.01190721 -0.00351223
v -0.00190428 -0.01210108 -0.00350000
v -0.00191629 -0.01217740 -0.00351223
v -0.00061676 -0.01223446 -0.00350000
v -0.00062065 -0.01231162 -0.00351223
v 0.00067765 -0.01223124 -0.00350000
v 0.00068192 -0.01230838 -0.00351223
v 0.00196448 -0.01209146 -0.00350000
v 0.00197687 -0.01216771 -0.00351223
v 0.00068577 -0.01237796 -0.00354774
v 0.00198805 -0.01223650 -0.00354774
v 0.00068883 -0.01243319 -0.00360305
v 0.00199692 -0.01229109 -0.00360305
v 0.00069080 -0.01246864 -0.00367274
v 0.00200261 -0.01232614 -0.00367274
v 0.00069148 -0.01248086 -0.00375000
v 0.00200458 -0.01233822 -0.00375000
v -0.00783995 -0.00960310 -0.00354774
v -0.00678288 -0.01037674 -0.00354774
v -0.00565008 -0.01103453 -0.00354774
v -0.00445419 -0.01156912 -0.00354774
v -0.00320857 -0.01197453 -0.00354774
v -0.00192712 -0.01224624 -0.00354774
v -0.00062416 -0.01238122 -0.00354774
v -0.00787493 -0.00964594 -0.00360305
v -0.00681314 -0.01042304 -0.00360305
v -0.00567528 -0.01108376 -0.00360305
v -0.00447406 -0.01162073 -0.00360305
v -0.00322288 -0.01202795 -0.00360305
v -0.00193572 -0.01230088 -0.00360305
v -0.00062694 -0.01243646 -0.00360305
v -0.00789738 -0.00967345 -0.00367274
v -0.00683257 -0.01045276 -0.00367274
v -0.00569147 -0.01111537 -0.00367274
v -0.00448682 -0.01165387 -0.00367274
v -0.00323207 -0.01206225 -0.00367274
v -0.00194124 -0.01233596 -0.00367274
v -0.00062873 -0.01247193 -0.00367274
v -0.00790512 -0.00968293 -0.00375000
v -0.00683927 -0.01046300 -0.00375000
v -0.00569704 -0.01112626 -0.00375000
v -0.00449121 -0.01166529 -0.00375000
v -0.00323524 -0.01207407 -0.00375000
v -0.00194314 -0.01234804 -0.00375000
v -0.00062935 -0.01248415 -0.00375000
v -0.00954379 -0.00923667 -0.00350000
v -0.00951333 -0.00930766 -0.00351223
v -0.00908550 -0.00911029 -0.00350000
v -0.00907527 -0.00918686 -0.00351223
v -0.00861011 -0.00911192 -0.00350000
v -0.00862087 -0.00918842 -0.00351223
v -0.00815270 -0.00924143 -0.00350000
v -0.00818365 -0.00931221 -0.00351223
v -0.00774702 -0.00948927 -0.00350000
v -0.00779588 -0.00954911 -0.00351223
v -0.00821157 -0.00937607 -0.00354774
v -0.00783995 -0.00960310 -0.00354774
v -0.00823372 -0.00942674 -0.00360305
v -0.00787493 -0.00964594 -0.00360305
v -0.00824795 -0.00945928 -0.00367274
v -0.00789738 -0.00967345 -0.00367274
v -0.00825285 -0.00947049 -0.00375000
v -0.00790512 -0.00968293 -0.00375000
v -0.00948585 -0.00937171 -0.00354774
v -0.00906604 -0.00925594 -0.00354774
v -0.00863057 -0.00925743 -0.00354774
v -0.00946404 -0.00942254 -0.00360305
v -0.00905872 -0.00931076 -0.00360305
v -0.00863827 -0.00931220 -0.00360305
v -0.00945004 -0.00945517 -0.00367274
v -0.00905402 -0.00934596 -0.00367274
v -0.00864321 -0.00934737 -0.00367274
v -0.00944521 -0.00946641 -0.00375000
v -0.00905239 -0.00935809 -0.00375000
v -0.00864492 -0.00935948 -0.00375000
v -0.00944521 -0.00946641 -0.00375000
v -0.00945004 -0.00945517 -0.00367274
v -0.01013745 -0.00968174 -0.00375000
v -0.01019453 -0.00968025 -0.00367274
v -0.01085921 -0.00974984 -0.00375000
v -0.01097039 -0.00973475 -0.00367274
v -0.01157950 -0.00966778 -0.00375000
v -0.01173903 -0.00961595 -0.00367274
v -0.01226745 -0.00943909 -0.00375000
v -0.01246224 -0.00932977 -0.00367274
v -0.01289352 -0.00907357 -0.00375000
v -0.01310405 -0.00889043 -0.00367274
v -0.01343086 -0.00858692 -0.00375000
v -0.01363253 -0.00831979 -0.00367274
v -0.01385641 -0.00800000 -0.00375000
v -0.01402142 -0.00764622 -0.00367274
v -0.01415191 -0.00733801 -0.00375000
v -0.01425137 -0.00690322 -0.00367274
v -0.01430470 -0.00662933 -0.00375000
v -0.01431094 -0.00612774 -0.00367274
v -0.01430821 -0.00590438 -0.00375000
v -0.01419717 -0.00535833 -0.00367274
v -0.01416229 -0.00519426 -0.00375000
v -0.01391573 -0.00463326 -0.00367274
v -0.01387321 -0.00452943 -0.00375000
v -0.01348060 -0.00398860 -0.00367274
v -0.01345336 -0.00393842 -0.00375000
v -0.01291343 -0.00345639 -0.00367274
v -0.01292076 -0.00344659 -0.00375000
v -0.00946404 -0.00942254 -0.00360305
v -0.01020095 -0.00964532 -0.00360305
v -0.01096891 -0.00969927 -0.00360305
v -0.01172973 -0.00958168 -0.00360305
v -0.01244558 -0.00929841 -0.00360305
v -0.01308085 -0.00886355 -0.00360305
v -0.01360395 -0.00829872 -0.00360305
v -0.01398888 -0.00763201 -0.00360305
v -0.01421648 -0.00689657 -0.00360305
v -0.01427545 -0.00612898 -0.00360305
v -0.01416284 -0.00536741 -0.00360305
v -0.01388427 -0.00464972 -0.00360305
v -0.01345357 -0.00401162 -0.00360305
v -0.01289217 -0.00348483 -0.00360305
v -0.01341146 -0.00404748 -0.00354774
v -0.01285906 -0.00352913 -0.00354774
v -0.01335841 -0.00409267 -0.00351223
v -0.01281734 -0.00358495 -0.00351223
v -0.01329959 -0.00414276 -0.00350000
v -0.00948585 -0.00937171 -0.00354774
v -0.01021095 -0.00959093 -0.00354774
v -0.01096661 -0.00964401 -0.00354774
v -0.01171524 -0.00952830 -0.00354774
v -0.01241962 -0.00924958 -0.00354774
v -0.01304471 -0.00882168 -0.00354774
v -0.01355944 -0.00826590 -0.00354774
v -0.01393819 -0.00760987 -0.00354774
v -0.01416215 -0.00688621 -0.00354774
v -0.01422018 -0.00613092 -0.00354774
v -0.01410937 -0.00538155 -0.00354774
v -0.01383526 -0.00467536 -0.00354774
v -0.00951333 -0.00930766 -0.00351223
v -0.01022356 -0.00952239 -0.00351223
v -0.01096371 -0.00957438 -0.00351223
v -0.01169698 -0.00946105 -0.00351223
v -0.01238691 -0.00918804 -0.00351223
v -0.01299918 -0.00876892 -0.00351223
v -0.01350334 -0.00822454 -0.00351223
v -0.01387433 -0.00758197 -0.00351223
v -0.01409370 -0.00687316 -0.00351223
v -0.01415053 -0.00613336 -0.00351223
v -0.01404200 -0.00539936 -0.00351223
v -0.01377351 -0.00470767 -0.00351223
v -0.00954379 -0.00923667 -0.00350000
v -0.01023753 -0.00944641 -0.00350000
v -0.01096050 -0.00949719 -0.00350000
v -0.01167675 -0.00938649 -0.00350000
v -0.01235065 -0.00911982 -0.00350000
v -0.01294870 -0.00871043 -0.00350000
v -0.01344116 -0.00817869 -0.00350000
v -0.01380354 -0.00755104 -0.00350000
v -0.01401781 -0.00685869 -0.00350000
v -0.01407332 -0.00613607 -0.00350000
v -0.01396731 -0.00541911 -0.00350000
v -0.01370505 -0.00474348 -0.00350000
v 0.00968292 -0.00790512 -0.00375000
v 0.00968292 -0.00790513 -0.00675000
v 0.01046300 -0.00683927 -0.00375000
v 0.01046300 -0.00683927 -0.00675000
v 0.01112626 -0.00569705 -0.00375000
v 0.01112626 -0.00569705 -0.00675000
v 0.01166529 -0.00449121 -0.00375000
v 0.01166529 -0.00449122 -0.00675000
v 0.01207407 -0.00323524 -0.00375000
v 0.01207407 -0.00323524 -0.00675000
v 0.01234804 -0.00194314 -0.00375000
v 0.01234804 -0.00194314 -0.00675000
v 0.01248415 -0.00062935 -0.00375000
v 0.01248415 -0.00062935 -0.00675000
v 0.01248086 0.00069147 -0.00375000
v 0.01248086 0.00069147 -0.00675000
v 0.01233822 0.00200457 -0.00375000
v 0.01233822 0.00200457 -0.00675000
v 0.00946641 -0.00944521 -0.00375000
v 0.00946641 -0.00944521 -0.00675000
v 0.00935809 -0.00905240 -0.00375000
v 0.00935809 -0.00905240 -0.00675000
v 0.00935948 -0.00864492 -0.00375000
v 0.00935948 -0.00864492 -0.00675000
v 0.00947049 -0.00825285 -0.00375000
v 0.00947049 -0.00825285 -0.00675000
v 0.00968292 -0.00790512 -0.00375000
v 0.00968292 -0.00790513 -0.00675000
v 0.00344659 -0.01292076 -0.00375000
v 0.00344659 -0.01292076 -0.00675000
v 0.00393842 -0.01345336 -0.00375000
v 0.00393842 -0.01345336 -0.00675000
v 0.00452943 -0.01387321 -0.00675000
v 0.00452943 -0.01387321 -0.00375000
v 0.00519426 -0.01416229 -0.00675000
v 0.00519426 -0.01416229 -0.00375000
v 0.00590438 -0.01430821 -0.00675000
v 0.00590438 -0.01430821 -0.00375000
v 0.00662933 -0.01430470 -0.00675000
v 0.00662933 -0.01430470 -0.00375000
v 0.00733800 -0.01415191 -0.00675000
v 0.00733800 -0.01415191 -0.00375000
v 0.00800000 -0.01385641 -0.00675000
v 0.00800000 -0.01385641 -0.00375000
v 0.00858692 -0.01343086 -0.00675000
v 0.00858692 -0.01343086 -0.00375000
v 0.00907357 -0.01289352 -0.00675000
v 0.00907357 -0.01289352 -0.00375000
v 0.00943908 -0.01226745 -0.00675000
v 0.00943908 -0.01226745 -0.00375000
v 0.00966778 -0.01157950 -0.00675000
v 0.00966778 -0.01157950 -0.00375000
v 0.00974984 -0.01085921 -0.00675000
v 0.00974984 -0.01085921 -0.00375000
v 0.00968174 -0.01013745 -0.00675000
v 0.00968174 -0.01013745 -0.00375000
v 0.00946641 -0.00944521 -0.00375000
v 0.00946641 -0.00944521 -0.00675000
v 0.00200458 -0.01233822 -0.00375000
v 0.00200458 -0.01233822 -0.00675000
v 0.00241193 -0.01232811 -0.00375000
v 0.00241193 -0.01232811 -0.00675000
v 0.00280698 -0.01242801 -0.00375000
v 0.00280698 -0.01242801 -0.00675000
v 0.00316056 -0.01263054 -0.00375000
v 0.00316056 -0.01263054 -0.00675000
v 0.00344659 -0.01292076 -0.00375000
v 0.00344659 -0.01292076 -0.00675000
v -0.00790512 -0.00968293 -0.00375000
v -0.00790512 -0.00968293 -0.00675000
v -0.00683927 -0.01046300 -0.00375000
v -0.00683927 -0.01046300 -0.00675000
v -0.00569704 -0.01112626 -0.00375000
v -0.00569704 -0.01112626 -0.00675000
v -0.00449121 -0.01166529 -0.00375000
v -0.00449121 -0.01166529 -0.00675000
v -0.00323524 -0.01207407 -0.00375000
v -0.00323524 -0.01207407 -0.00675000
v -0.00194314 -0.01234804 -0.00375000
v -0.00194314 -0.01234804 -0.00675000
v -0.00062935 -0.01248415 -0.00375000
v -0.00062935 -0.01248415 -0.00675000
v 0.00069148 -0.01248086 -0.00375000
v 0.00069148 -0.01248086 -0.00675000
v 0.00200458 -0.01233822 -0.00375000
v 0.00200458 -0.01233822 -0.00675000
v -0.00944521 -0.00946641 -0.00375000
v -0.00944521 -0.00946642 -0.00675000
v -0.00905239 -0.00935809 -0.00375000
v -0.00905239 -0.00935809 -0.00675000
v -0.00864492 -0.00935948 -0.00375000
v -0.00864492 -0.00935948 -0.00675000
v -0.00825285 -0.00947049 -0.00375000
v -0.00825285 -0.00947049 -0.00675000
v -0.00790512 -0.00968293 -0.00375000
v -0.00790512 -0.00968293 -0.00675000
v 0.01114242 -0.00445495 -0.00350000
v 0.01143198 -0.00440139 -0.00350000
v 0.01159111 -0.00310583 -0.00350000
v 0.01183259 -0.00317053 -0.00350000
v 0.01210108 -0.00190428 -0.00350000
v 0.01090374 -0.00558310 -0.00350000
v 0.01053731 -0.00574153 -0.00350000
v 0.01025374 -0.00670248 -0.00350000
v 0.00978428 -0.00694751 -0.00350000
v 0.00948927 -0.00774702 -0.00350000
v 0.00889390 -0.00805596 -0.00350000
v 0.00924143 -0.00815270 -0.00350000
v 0.00911192 -0.00861011 -0.00350000
v 0.00787867 -0.00905133 -0.00350000
v 0.00911029 -0.00908550 -0.00350000
v 0.00923667 -0.00954379 -0.00350000
v 0.00944640 -0.01023753 -0.00350000
v 0.00675284 -0.00991963 -0.00350000
v 0.00949719 -0.01096050 -0.00350000
v 0.00938649 -0.01167675 -0.00350000
v 0.00911982 -0.01235065 -0.00350000
v 0.00871043 -0.01294870 -0.00350000
v 0.00817869 -0.01344116 -0.00350000
v 0.00553222 -0.01064869 -0.00350000
v 0.00755104 -0.01380354 -0.00350000
v 0.00685869 -0.01401781 -0.00350000
v 0.00613607 -0.01407332 -0.00350000
v 0.00541911 -0.01396731 -0.00350000
v 0.00474348 -0.01370505 -0.00350000
v 0.00423393 -0.01122826 -0.00350000
v 0.00414276 -0.01329959 -0.00350000
v 0.00364683 -0.01277109 -0.00350000
v 0.00331313 -0.01243249 -0.00350000
v 0.00287621 -0.01165021 -0.00350000
v 0.00290062 -0.01219621 -0.00350000
v 0.00243973 -0.01207966 -0.00350000
v 0.00196448 -0.01209146 -0.00350000
v 0.00147812 -0.01190862 -0.00350000
v 0.00067765 -0.01223124 -0.00350000
v 0.00005928 -0.01199985 -0.00350000
v -0.00061676 -0.01223446 -0.00350000
v -0.00136040 -0.01192264 -0.00350000
v -0.00190428 -0.01210108 -0.00350000
v -0.00276098 -0.01167806 -0.00350000
v -0.00317053 -0.01183259 -0.00350000
v -0.00412280 -0.01126954 -0.00350000
v -0.00440139 -0.01143198 -0.00350000
v -0.00542675 -0.01070282 -0.00350000
v -0.00558310 -0.01090374 -0.00350000
v -0.00670248 -0.01025374 -0.00350000
v -0.00665452 -0.00998586 -0.00350000
v -0.00774702 -0.00948927 -0.00350000
v -0.00778887 -0.00912872 -0.00350000
v -0.00815270 -0.00924143 -0.00350000
v -0.00881388 -0.00814343 -0.00350000
v -0.00861011 -0.00911192 -0.00350000
v -0.00908550 -0.00911029 -0.00350000
v -0.00954379 -0.00923667 -0.00350000
v -0.00971517 -0.00704383 -0.00350000
v -0.01023753 -0.00944641 -0.00350000
v -0.01096050 -0.00949719 -0.00350000
v -0.01167675 -0.00938649 -0.00350000
v -0.01235065 -0.00911982 -0.00350000
v -0.01048007 -0.00584535 -0.00350000
v -0.01294870 -0.00871043 -0.00350000
v -0.01344116 -0.00817869 -0.00350000
v -0.01380354 -0.00755104 -0.00350000
v -0.01401781 -0.00685869 -0.00350000
v -0.01407332 -0.00613607 -0.00350000
v -0.01396731 -0.00541911 -0.00350000
v -0.01109786 -0.00456481 -0.00350000
v -0.01370505 -0.00474348 -0.00350000
v -0.01329959 -0.00414276 -0.00350000
v -0.01277109 -0.00364683 -0.00350000
v -0.01243249 -0.00331313 -0.00350000
v -0.01155986 -0.00322019 -0.00350000
v -0.01219621 -0.00290062 -0.00350000
v -0.01207966 -0.00243973 -0.00350000
v -0.01185959 -0.00183036 -0.00350000
v -0.01209146 -0.00196449 -0.00350000
v -0.01223124 -0.00067765 -0.00350000
v -0.01199283 -0.00041484 -0.00350000
v -0.01223446 0.00061676 -0.00350000
v -0.01195772 0.00100650 -0.00350000
v -0.01210108 0.00190428 -0.00350000
v -0.01175474 0.00241371 -0.00350000
v -0.01183259 0.00317053 -0.00350000
v -0.01138676 0.00378704 -0.00350000
v -0.01143198 0.00440139 -0.00350000
v -0.01085893 0.00510720 -0.00350000
v -0.01090374 0.00558310 -0.00350000
v -0.01017867 0.00635568 -0.00350000
v -0.01025374 0.00670248 -0.00350000
v -0.00935552 0.00751493 -0.00350000
v -0.00948927 0.00774702 -0.00350000
v -0.00924143 0.00815270 -0.00350000
v -0.00840104 0.00856869 -0.00350000
v -0.00911192 0.00861011 -0.00350000
v -0.00911029 0.00908550 -0.00350000
v -0.00732863 0.00950217 -0.00350000
v -0.00923667 0.00954379 -0.00350000
v -0.00944640 0.01023753 -0.00350000
v -0.00949719 0.01096050 -0.00350000
v -0.00938649 0.01167675 -0.00350000
v -0.00615334 0.01030225 -0.00350000
v -0.00911982 0.01235065 -0.00350000
v -0.00871043 0.01294870 -0.00350000
v -0.00817869 0.01344116 -0.00350000
v -0.00755104 0.01380354 -0.00350000
v -0.00685869 0.01401781 -0.00350000
v -0.00613607 0.01407332 -0.00350000
v -0.00489167 0.01095772 -0.00350000
v -0.00541911 0.01396731 -0.00350000
v -0.00474348 0.01370505 -0.00350000
v -0.00414276 0.01329959 -0.00350000
v -0.00364683 0.01277109 -0.00350000
v -0.00356133 0.01145936 -0.00350000
v -0.00331313 0.01243249 -0.00350000
v -0.00290062 0.01219621 -0.00350000
v -0.00243973 0.01207966 -0.00350000
v -0.00218100 0.01180014 -0.00350000
v -0.00196448 0.01209146 -0.00350000
v -0.00077005 0.01197527 -0.00350000
v -0.00067765 0.01223124 -0.00350000
v 0.00065171 0.01198229 -0.00350000
v 0.00061676 0.01223446 -0.00350000
v 0.00190428 0.01210108 -0.00350000
v 0.00206432 0.01182111 -0.00350000
v 0.00317053 0.01183259 -0.00350000
v 0.00344795 0.01149398 -0.00350000
v 0.00440139 0.01143198 -0.00350000
v 0.00478318 0.01100551 -0.00350000
v 0.00558310 0.01090374 -0.00350000
v 0.00605126 0.01036254 -0.00350000
v 0.00670248 0.01025374 -0.00350000
v 0.00723440 0.00957410 -0.00350000
v 0.00774702 0.00948926 -0.00350000
v 0.00831598 0.00865127 -0.00350000
v 0.00815270 0.00924143 -0.00350000
v 0.00861011 0.00911192 -0.00350000
v 0.00908550 0.00911029 -0.00350000
v 0.00928082 0.00760699 -0.00350000
v 0.00954379 0.00923667 -0.00350000
v 0.01023753 0.00944640 -0.00350000
v 0.01096050 0.00949719 -0.00350000
v 0.01011539 0.00645592 -0.00350000
v 0.01167675 0.00938649 -0.00350000
v 0.01235065 0.00911982 -0.00350000
v 0.01294870 0.00871043 -0.00350000
v 0.01344116 0.00817869 -0.00350000
v 0.01380354 0.00755104 -0.00350000
v 0.01080795 0.00521423 -0.00350000
v 0.01401781 0.00685869 -0.00350000
v 0.01407332 0.00613607 -0.00350000
v 0.01396731 0.00541911 -0.00350000
v 0.01370505 0.00474348 -0.00350000
v 0.01329959 0.00414276 -0.00350000
v 0.01134879 0.00389934 -0.00350000
v 0.01277109 0.00364683 -0.00350000
v 0.01243249 0.00331313 -0.00350000
v 0.01219621 0.00290062 -0.00350000
v 0.01173032 0.00252972 -0.00350000
v 0.01207966 0.00243973 -0.00350000
v 0.01209146 0.00196448 -0.00350000
v 0.01194719 0.00112458 -0.00350000
v 0.01223124 0.00067764 -0.00350000
v 0.01199634 -0.00029635 -0.00350000
v 0.01223446 -0.00061676 -0.00350000
v 0.01187709 -0.00171311 -0.00350000
v 0.01138592 -0.00161578 0.00100000
v 0.01138592 -0.00161577 0.01100000
v 0.01110815 -0.00297642 0.00100000
v 0.01110815 -0.00297642 0.01100000
v 0.01110815 -0.00297642 0.00100000
v 0.01110815 -0.00297642 0.01100000
v 0.01066839 -0.00429366 0.00100000
v 0.01066839 -0.00429365 0.01100000
v 0.01007306 -0.00554828 0.00100000
v 0.01007306 -0.00554828 0.01100000
v 0.00933084 -0.00672200 0.00100000
v 0.00933084 -0.00672200 0.01100000
v 0.00845256 -0.00779770 0.00100000
v 0.00845256 -0.00779770 0.01100000
v 0.00745103 -0.00875969 0.00100000
v 0.00745103 -0.00875969 0.01100000
v 0.00634084 -0.00959395 0.00100000
v 0.00634084 -0.00959394 0.01100000
v 0.00513818 -0.01028830 0.00100000
v 0.00513818 -0.01028830 0.01100000
v 0.00386060 -0.01083262 0.00100000
v 0.00386060 -0.01083262 0.01100000
v 0.00252672 -0.01121899 0.00100000
v 0.00252672 -0.01121899 0.01100000
v 0.00115600 -0.01144175 0.00100000
v 0.00115600 -0.01144175 0.01100000
v -0.00023158 -0.01149767 0.00100000
v -0.00023158 -0.01149767 0.01100000
v -0.00161578 -0.01138592 0.00100000
v -0.00161578 -0.01138592 0.01100000
v -0.00297642 -0.01110815 0.00100000
v -0.00297642 -0.01110815 0.01100000
v -0.00429366 -0.01066839 0.00100000
v -0.00429366 -0.01066839 0.01100000
v -0.00554828 -0.01007306 0.00100000
v -0.00554828 -0.01007306 0.01100000
v -0.00672200 -0.00933084 0.00100000
v -0.00672200 -0.00933084 0.01100000
v -0.00779770 -0.00845256 0.00100000
v -0.00779770 -0.00845256 0.01100000
v -0.00875969 -0.00745103 0.00100000
v -0.00875969 -0.00745102 0.01100000
v -0.00959395 -0.00634084 0.00100000
v -0.00959395 -0.00634083 0.01100000
v -0.01028830 -0.00513818 0.00100000
v -0.01028830 -0.00513818 0.01100000
v -0.01083262 -0.00386060 0.00100000
v -0.01083262 -0.00386060 0.01100000
v -0.01121899 -0.00252672 0.00100000
v -0.01121899 -0.00252672 0.01100000
v -0.01144175 -0.00115600 0.00100000
v -0.01144175 -0.00115600 0.01100000
v -0.01149767 0.00023158 0.00100000
v -0.01149767 0.00023158 0.01100000
v -0.01138592 0.00161578 0.00100000
v -0.01138592 0.00161578 0.01100000
v -0.01110815 0.00297642 0.00100000
v -0.01110815 0.00297642 0.01100000
v -0.01066839 0.00429366 0.00100000
v -0.01066839 0.00429366 0.01100000
v -0.01007306 0.00554828 0.00100000
v -0.01007306 0.00554829 0.01100000
v -0.00933084 0.00672200 0.00100000
v -0.00933084 0.00672201 0.01100000
v -0.00845256 0.00779770 0.00100000
v -0.00845256 0.00779770 0.01100000
v -0.00745103 0.00875969 0.00100000
v -0.00745103 0.00875969 0.01100000
v -0.00634084 0.00959395 0.00100000
v -0.00634084 0.00959395 0.01100000
v -0.00513818 0.01028830 0.00100000
v -0.00513818 0.01028830 0.01100000
v -0.00386060 0.01083262 0.00100000
v -0.00386060 0.01083262 0.01100000
v -0.00252672 0.01121899 0.00100000
v -0.00252672 0.01121899 0.01100000
v -0.00115600 0.01144175 0.00100000
v -0.00115600 0.01144175 0.01100000
v 0.00023158 0.01149767 0.00100000
v 0.00023158 0.01149767 0.01100000
v 0.00161578 0.01138592 0.00100000
v 0.00161578 0.01138592 0.01100000
v 0.00297642 0.01110815 0.00100000
v 0.00297642 0.01110815 0.01100000
v 0.00429366 0.01066839 0.00100000
v 0.00429366 0.01066839 0.01100000
v 0.00554828 0.01007306 0.00100000
v 0.00554828 0.01007306 0.01100000
v 0.00672200 0.00933084 0.00100000
v 0.00672200 0.00933085 0.01100000
v 0.00779770 0.00845257 0.00100000
v 0.00779770 0.00845257 0.01100000
v 0.00875969 0.00745103 0.00100000
v 0.00875969 0.00745103 0.01100000
v 0.00959395 0.00634084 0.00100000
v 0.00959395 0.00634084 0.01100000
v 0.01028830 0.00513818 0.00100000
v 0.01028830 0.00513819 0.01100000
v 0.01083262 0.00386060 0.00100000
v 0.01083262 0.00386061 0.01100000
v 0.01121899 0.00252673 0.00100000
v 0.01121899 0.00252673 0.01100000
v 0.01144175 0.00115600 0.00100000
v 0.01144175 0.00115601 0.01100000
v 0.01149767 -0.00023157 0.00100000
v 0.01149767 -0.00023157 0.01100000
v 0.01114242 -0.00445495 0.00100000
v 0.01159111 -0.00310583 0.00100000
v 0.01110815 -0.00297642 0.00100000
v 0.01187709 -0.00171311 0.00100000
v 0.01138592 -0.00161578 0.00100000
v 0.01199634 -0.00029635 0.00100000
v 0.01149767 -0.00023157 0.00100000
v 0.01194719 0.00112458 0.00100000
v 0.01144175 0.00115600 0.00100000
v 0.01173032 0.00252972 0.00100000
v 0.01121899 0.00252673 0.00100000
v 0.01134879 0.00389934 0.00100000
v 0.01083262 0.00386060 0.00100000
v 0.01080795 0.00521423 0.00100000
v 0.01028830 0.00513818 0.00100000
v 0.01011539 0.00645593 0.00100000
v 0.00959395 0.00634084 0.00100000
v 0.00928082 0.00760699 0.00100000
v 0.00875969 0.00745103 0.00100000
v 0.00831598 0.00865127 0.00100000
v 0.00779770 0.00845257 0.00100000
v 0.00723440 0.00957411 0.00100000
v 0.00672200 0.00933084 0.00100000
v 0.00605126 0.01036254 0.00100000
v 0.00554828 0.01007306 0.00100000
v 0.00478318 0.01100551 0.00100000
v 0.00429366 0.01066839 0.00100000
v 0.00344795 0.01149398 0.00100000
v 0.00297642 0.01110815 0.00100000
v 0.00206432 0.01182111 0.00100000
v 0.00161578 0.01138592 0.00100000
v 0.00065171 0.01198229 0.00100000
v 0.00023158 0.01149767 0.00100000
v -0.00077005 0.01197527 0.00100000
v -0.00115600 0.01144175 0.00100000
v -0.00218100 0.01180014 0.00100000
v -0.00252672 0.01121899 0.00100000
v -0.00356133 0.01145936 0.00100000
v -0.00386060 0.01083262 0.00100000
v -0.00489167 0.01095772 0.00100000
v -0.00513818 0.01028830 0.00100000
v -0.00615334 0.01030225 0.00100000
v -0.00634084 0.00959395 0.00100000
v -0.00732863 0.00950217 0.00100000
v -0.00745103 0.00875969 0.00100000
v -0.00840104 0.00856869 0.00100000
v -0.00845256 0.00779770 0.00100000
v -0.00935552 0.00751493 0.00100000
v -0.00933084 0.00672200 0.00100000
v -0.01017867 0.00635568 0.00100000
v -0.01007306 0.00554828 0.00100000
v -0.01085893 0.00510721 0.00100000
v -0.01066839 0.00429366 0.00100000
v -0.01138676 0.00378704 0.00100000
v -0.01110815 0.00297642 0.00100000
v -0.01175474 0.00241371 0.00100000
v -0.01138592 0.00161578 0.00100000
v -0.01195772 0.00100650 0.00100000
v -0.01149767 0.00023158 0.00100000
v -0.01199283 -0.00041484 0.00100000
v -0.01144175 -0.00115600 0.00100000
v -0.01185959 -0.00183036 0.00100000
v -0.01121899 -0.00252672 0.00100000
v -0.01155986 -0.00322019 0.00100000
v -0.01083262 -0.00386060 0.00100000
v -0.01109786 -0.00456481 0.00100000
v -0.01028830 -0.00513818 0.00100000
v -0.01048007 -0.00584534 0.00100000
v -0.00959395 -0.00634084 0.00100000
v -0.00971517 -0.00704383 0.00100000
v -0.00875969 -0.00745103 0.00100000
v -0.00881388 -0.00814343 0.00100000
v -0.00779770 -0.00845256 0.00100000
v -0.00778887 -0.00912872 0.00100000
v -0.00672200 -0.00933084 0.00100000
v -0.00665452 -0.00998586 0.00100000
v -0.00554828 -0.01007306 0.00100000
v -0.00542675 -0.01070282 0.00100000
v -0.00429366 -0.01066839 0.00100000
v -0.00412280 -0.01126954 0.00100000
v -0.00297642 -0.01110815 0.00100000
v -0.00276098 -0.01167806 0.00100000
v -0.00161578 -0.01138592 0.00100000
v -0.00136040 -0.01192264 0.00100000
v -0.00023158 -0.01149767 0.00100000
v 0.00005928 -0.01199985 0.00100000
v 0.00115600 -0.01144175 0.00100000
v 0.00147812 -0.01190862 0.00100000
v 0.00252672 -0.01121899 0.00100000
v 0.00287621 -0.01165021 0.00100000
v 0.00386060 -0.01083262 0.00100000
v 0.00423393 -0.01122826 0.00100000
v 0.00513818 -0.01028830 0.00100000
v 0.00553222 -0.01064869 0.00100000
v 0.00634084 -0.00959395 0.00100000
v 0.00675284 -0.00991963 0.00100000
v 0.00745103 -0.00875969 0.00100000
v 0.00787867 -0.00905133 0.00100000
v 0.00845256 -0.00779770 0.00100000
v 0.00889390 -0.00805596 0.00100000
v 0.00933084 -0.00672200 0.00100000
v 0.00978428 -0.00694751 0.00100000
v 0.01007306 -0.00554828 0.00100000
v 0.01053731 -0.00574153 0.00100000
v 0.01066839 -0.00429366 0.00100000
v 0.01114242 -0.00445495 0.00100000
v 0.01114242 -0.00445495 -0.00350000
v 0.01159111 -0.00310583 0.00100000
v 0.01159111 -0.00310583 -0.00350000
v 0.01159111 -0.00310583 0.00100000
v 0.01159111 -0.00310583 -0.00350000
v 0.01187709 -0.00171311 0.00100000
v 0.01187709 -0.00171311 -0.00350000
v 0.01199634 -0.00029635 0.00100000
v 0.01199634 -0.00029635 -0.00350000
v 0.01194719 0.00112458 0.00100000
v 0.01194719 0.00112458 -0.00350000
v 0.01173032 0.00252972 0.00100000
v 0.01173032 0.00252972 -0.00350000
v 0.01134879 0.00389934 0.00100000
v 0.01134879 0.00389934 -0.00350000
v 0.01080795 0.00521423 0.00100000
v 0.01080795 0.00521423 -0.00350000
v 0.01011539 0.00645593 0.00100000
v 0.01011539 0.00645592 -0.00350000
v 0.00928082 0.00760699 0.00100000
v 0.00928082 0.00760699 -0.00350000
v 0.00831598 0.00865127 0.00100000
v 0.00831598 0.00865127 -0.00350000
v 0.00723440 0.00957411 0.00100000
v 0.00723440 0.00957410 -0.00350000
v 0.00605126 0.01036254 0.00100000
v 0.00605126 0.01036254 -0.00350000
v 0.00478318 0.01100551 0.00100000
v 0.00478318 0.01100551 -0.00350000
v 0.00344795 0.01149398 0.00100000
v 0.00344795 0.01149398 -0.00350000
v 0.00206432 0.01182111 0.00100000
v 0.00206432 0.01182111 -0.00350000
v 0.00065171 0.01198229 0.00100000
v 0.00065171 0.01198229 -0.00350000
v -0.00077005 0.01197527 0.00100000
v -0.00077005 0.01197527 -0.00350000
v -0.00218100 0.01180014 0.00100000
v -0.00218100 0.01180014 -0.00350000
v -0.00356133 0.01145936 0.00100000
v -0.00356133 0.01145936 -0.00350000
v -0.00489167 0.01095772 0.00100000
v -0.00489167 0.01095772 -0.00350000
v -0.00615334 0.01030225 0.00100000
v -0.00615334 0.01030225 -0.00350000
v -0.00732863 0.00950217 0.00100000
v -0.00732863 0.00950217 -0.00350000
v -0.00840104 0.00856869 0.00100000
v -0.00840104 0.00856869 -0.00350000
v -0.00935552 0.00751493 0.00100000
v -0.00935552 0.00751493 -0.00350000
v -0.01017867 0.00635568 0.00100000
v -0.01017867 0.00635568 -0.00350000
v -0.01085893 0.00510721 0.00100000
v -0.01085893 0.00510720 -0.00350000
v -0.01138676 0.00378704 0.00100000
v -0.01138676 0.00378704 -0.00350000
v -0.01175474 0.00241371 0.00100000
v -0.01175474 0.00241371 -0.00350000
v -0.01195772 0.00100650 0.00100000
v -0.01195772 0.00100650 -0.00350000
v -0.01199283 -0.00041484 0.00100000
v -0.01199283 -0.00041484 -0.00350000
v -0.01185959 -0.00183036 0.00100000
v -0.01185959 -0.00183036 -0.00350000
v -0.01155986 -0.00322019 0.00100000
v -0.01155986 -0.00322019 -0.00350000
v -0.01109786 -0.00456481 0.00100000
v -0.01109786 -0.00456481 -0.00350000
v -0.01048007 -0.00584534 0.00100000
v -0.01048007 -0.00584535 -0.00350000
v -0.00971517 -0.00704383 0.00100000
v -0.00971517 -0.00704383 -0.00350000
v -0.00881388 -0.00814343 0.00100000
v -0.00881388 -0.00814343 -0.00350000
v -0.00778887 -0.00912872 0.00100000
v -0.00778887 -0.00912872 -0.00350000
v -0.00665452 -0.00998586 0.00100000
v -0.00665452 -0.00998586 -0.00350000
v -0.00542675 -0.01070282 0.00100000
v -0.00542675 -0.01070282 -0.00350000
v -0.00412280 -0.01126954 0.00100000
v -0.00412280 -0.01126954 -0.00350000
v -0.00276098 -0.01167806 0.00100000
v -0.00276098 -0.01167806 -0.00350000
v -0.00136040 -0.01192264 0.00100000
v -0.00136040 -0.01192264 -0.00350000
v 0.00005928 -0.01199985 0.00100000
v 0.00005928 -0.01199985 -0.00350000
v 0.00147812 -0.01190862 0.00100000
v 0.00147812 -0.01190862 -0.00350000
v 0.00287621 -0.01165021 0.00100000
v 0.00287621 -0.01165021 -0.00350000
v 0.00423393 -0.01122826 0.00100000
v 0.00423393 -0.01122826 -0.00350000
v 0.00553222 -0.01064869 0.00100000
v 0.00553222 -0.01064869 -0.00350000
v 0.00675284 -0.00991963 0.00100000
v 0.00675284 -0.00991963 -0.00350000
v 0.00787867 -0.00905133 0.00100000
v 0.00787867 -0.00905133 -0.00350000
v 0.00889390 -0.00805596 0.00100000
v 0.00889390 -0.00805596 -0.00350000
v 0.00978428 -0.00694751 0.00100000
v 0.00978428 -0.00694751 -0.00350000
v 0.01053731 -0.00574153 0.00100000
v 0.01053731 -0.00574153 -0.00350000
v 0.01066839 -0.00429365 0.01100000
v 0.01110815 -0.00297642 0.01100000
v 0.00627852 -0.00168232 0.01100000
v 0.01138592 -0.00161577 0.01100000
v 0.00646708 -0.00065339 0.01100000
v 0.01149767 -0.00023157 0.01100000
v 0.00648814 0.00039246 0.01100000
v 0.01144175 0.00115601 0.01100000
v 0.00634117 0.00142815 0.01100000
v 0.01121899 0.00252673 0.01100000
v 0.01083262 0.00386061 0.01100000
v 0.00602996 0.00242685 0.01100000
v 0.01028830 0.00513819 0.01100000
v 0.00556258 0.00336270 0.01100000
v 0.00959395 0.00634084 0.01100000
v 0.00495113 0.00421145 0.01100000
v 0.00875969 0.00745103 0.01100000
v 0.00779770 0.00845257 0.01100000
v 0.00421145 0.00495113 0.01100000
v 0.00672200 0.00933085 0.01100000
v 0.00336270 0.00556258 0.01100000
v 0.00554828 0.01007306 0.01100000
v 0.00242685 0.00602996 0.01100000
v 0.00429366 0.01066839 0.01100000
v 0.00297642 0.01110815 0.01100000
v 0.00142815 0.00634117 0.01100000
v 0.00161578 0.01138592 0.01100000
v 0.00039246 0.00648814 0.01100000
v 0.00023158 0.01149767 0.01100000
v -0.00065339 0.00646708 0.01100000
v -0.00115600 0.01144175 0.01100000
v -0.00252672 0.01121899 0.01100000
v -0.00168232 0.00627852 0.01100000
v -0.00386060 0.01083262 0.01100000
v -0.00266768 0.00592735 0.01100000
v -0.00513818 0.01028830 0.01100000
v -0.00358395 0.00542267 0.01100000
v -0.00634084 0.00959395 0.01100000
v -0.00745103 0.00875969 0.01100000
v -0.00440740 0.00477754 0.01100000
v -0.00845256 0.00779770 0.01100000
v -0.00511669 0.00400868 0.01100000
v -0.00933084 0.00672201 0.01100000
v -0.00569347 0.00313599 0.01100000
v -0.01007306 0.00554829 0.01100000
v -0.01066839 0.00429366 0.01100000
v -0.00612279 0.00218208 0.01100000
v -0.01110815 0.00297642 0.01100000
v -0.00639353 0.00117166 0.01100000
v -0.01138592 0.00161578 0.01100000
v -0.00649868 0.00013089 0.01100000
v -0.01149767 0.00023158 0.01100000
v -0.01144175 -0.00115600 0.01100000
v -0.00643552 -0.00091326 0.01100000
v -0.01121899 -0.00252672 0.01100000
v -0.00620569 -0.00193377 0.01100000
v -0.01083262 -0.00386060 0.01100000
v -0.00581512 -0.00290419 0.01100000
v -0.01028830 -0.00513818 0.01100000
v -0.00959395 -0.00634083 0.01100000
v -0.00527396 -0.00379939 0.01100000
v -0.00875969 -0.00745102 0.01100000
v -0.00459619 -0.00459619 0.01100000
v -0.00779770 -0.00845256 0.01100000
v -0.00379939 -0.00527395 0.01100000
v -0.00672200 -0.00933084 0.01100000
v -0.00554828 -0.01007306 0.01100000
v -0.00290419 -0.00581512 0.01100000
v -0.00429366 -0.01066839 0.01100000
v -0.00193377 -0.00620568 0.01100000
v -0.00297642 -0.01110815 0.01100000
v -0.00091327 -0.00643552 0.01100000
v -0.00161578 -0.01138592 0.01100000
v -0.00023158 -0.01149767 0.01100000
v 0.00013089 -0.00649868 0.01100000
v 0.00115600 -0.01144175 0.01100000
v 0.00117166 -0.00639353 0.01100000
v 0.00252672 -0.01121899 0.01100000
v 0.00218208 -0.00612278 0.01100000
v 0.00386060 -0.01083262 0.01100000
v 0.00513818 -0.01028830 0.01100000
v 0.00313599 -0.00569347 0.01100000
v 0.00634084 -0.00959394 0.01100000
v 0.00400867 -0.00511669 0.01100000
v 0.00745103 -0.00875969 0.01100000
v 0.00477754 -0.00440739 0.01100000
v 0.00845256 -0.00779770 0.01100000
v 0.00933084 -0.00672200 0.01100000
v 0.00542266 -0.00358395 0.01100000
v 0.01007306 -0.00554828 0.01100000
v 0.00592735 -0.00266768 0.01100000
v 0.01233822 0.00200457 -0.00375000
v 0.01233822 0.00200457 -0.00675000
v 0.01232811 0.00241193 -0.00375000
v 0.01232811 0.00241193 -0.00675000
v 0.01242801 0.00280697 -0.00375000
v 0.01242801 0.00280697 -0.00675000
v 0.01263054 0.00316056 -0.00375000
v 0.01263054 0.00316056 -0.00675000
v 0.01292076 0.00344659 -0.00375000
v 0.01292076 0.00344658 -0.00675000
v 0.01292076 0.00344659 -0.00375000
v 0.01292076 0.00344658 -0.00675000
v 0.01345336 0.00393842 -0.00375000
v 0.01345336 0.00393842 -0.00675000
v 0.01387321 0.00452943 -0.00675000
v 0.01387321 0.00452943 -0.00375000
v 0.01416229 0.00519426 -0.00675000
v 0.01416229 0.00519426 -0.00375000
v 0.01430821 0.00590438 -0.00675000
v 0.01430821 0.00590438 -0.00375000
v 0.01430470 0.00662933 -0.00675000
v 0.01430470 0.00662933 -0.00375000
v 0.01415191 0.00733800 -0.00675000
v 0.01415191 0.00733800 -0.00375000
v 0.01385641 0.00800000 -0.00675000
v 0.01385641 0.00800000 -0.00375000
v 0.01343086 0.00858691 -0.00675000
v 0.01343086 0.00858691 -0.00375000
v 0.01289352 0.00907357 -0.00675000
v 0.01289352 0.00907357 -0.00375000
v 0.01226745 0.00943908 -0.00675000
v 0.01226745 0.00943908 -0.00375000
v 0.01157950 0.00966778 -0.00675000
v 0.01157950 0.00966778 -0.00375000
v 0.01085921 0.00974983 -0.00675000
v 0.01085921 0.00974983 -0.00375000
v 0.01013745 0.00968174 -0.00675000
v 0.01013745 0.00968174 -0.00375000
v 0.00944521 0.00946641 -0.00375000
v 0.00944521 0.00946641 -0.00675000
vt 0.00000000 0.00000000
vt 0.00000000 0.00000000
vt 0.00000000 0.00000000
vt 0.00000000 0.00000000
vt 0.00000000 0.00000000
vt 0.00000000 0.00000000
vt 0.00000000 0.00000000
vt 0.00000000 0.00000000
vt 0.00000000 0.00000000
vt 0.00000000 0.00000000
vt 0.00000000 0.00000000
vt 0.00000000 0.00000000
vt 0.00000000 0.00000000
vt 0.00000000 0.00000000
vt 0.00000000 0.00000000
vt 0.00000000 0.00000000
vt 0.00000000 0.00000000
vt 0.00000000 0.00000000
vt 0.00000000 0.00000000
vt 0.00000000 0.00000000
vt 0.00000000 0.00000000
vt 0.00000000 0.00000000
vt 0.00000000 0.00000000
vt 0.00000000 0.00000000
vt 0.00000000 0.00000000
vt 0.00000000 0.00000000
vt 0.00000000 0.00000000
vt 0.00000000 0.00000000
vt 0.00000000 0.00000000
vt 0.00000000 0.00000000
vt 0.00000000 0.00000000
vt 0.00000000 0.00000000
vt 0.00000000 0.00000000
vt 0.00000000 0.00000000
vt 0.00000000 0.00000000
vt 0.00000000 0.00000000
vt 0.00000000 0.00000000
vt 0.00000000 0.00000000
vt 0.00000000 0.00000000
vt 0.00000000 0.00000000
vt 0.00000000 0.00000000
vt 0.00000000 0.00000000
vt 0.00000000 0.00000000
vt 0.00000000 0.00000000
vt 0.00000000 0.00000000
vt 0.00000000 0.00000000
vt 0.00000000 0.00000000
vt 0.00000000 0.00000000
vt 0.00000000 0.00000000
vt 0.00000000 0.00000000
vt 0.00000000 0.00000000
vt 0.00000000 0.00000000
vt 0.00000000 0.00000000
vt 0.00000000 0.00000000
vt 0.00000000 0.00000000
vt 0.00000000 0.00000000
vt 0.00000000 0.00000000
vt 0.00000000 0.00000000
vt 0.00000000 0.00000000
vt 0.00000000 0.00000000
vt 0.00000000 0.00000000
vt 0.00000000 0.00000000
vt 0.00000000 0.00000000
vt 0.00000000 0.00000000
vt 0.00000000 0.00000000
vt 0.00000000 0.00000000
vt 0.00000000 0.00000000
vt 0.00000000 0.00000000
vt 0.00000000 0.00000000
vt 0.00000000 0.00000000
vt 0.00000000 0.00000000
vt 0.00000000 0.00000000
vt 0.00000000 0.00000000
vt 0.00000000 0.00000000
vt 0.00000000 0.00000000
vt 0.00000000 0.00000000
vt 0.00000000 0.00000000
vt 0.00000000 0.00000000
vt 0.00000000 0.00000000
vt 0.00000000 0.00000000
vt 0.00000000 0.00000000
vt 0.00000000 0.00000000
vt 0.00000000 0.00000000
vt 0.00000000 0.00000000
vt 0.00000000 0.00000000
vt 0.00000000 0.00000000
vt 0.00000000 0.00000000
vt 0.00000000 0.00000000
vt 0.00000000 0.00000000
vt 0.00000000 0.00000000
vt 0.00000000 0.00000000
vt 0.00000000 0.00000000
vt 0.00000000 0.00000000
vt 0.00000000 0.00000000
vt 0.00000000 0.00000000
vt 0.00000000 0.00000000
vt 0.00000000 0.00000000
vt 0.00000000 0.00000000
vt 0.00000000 0.00000000
vt 0.00000000 0.00000000
vt 0.00000000 0.00000000
vt 0.00000000 0.00000000
vt 0.00000000 0.00000000
vt 0.00000000 0.00000000
vt 0.00000000 0.00000000
vt 0.00000000 0.00000000
vt 0.00000000 0.00000000
vt 0.00000000 0.00000000
vt 0.00000000 0.00000000
vt 0.00000000 0.00000000
vt 0.00000000 0.00000000
vt 0.00000000 0.00000000
vt 0.00000000 0.00000000
vt 0.00000000 0.00000000
vt 0.00000000 0.00000000
vt 0.00000000 0.00000000
vt 0.00000000 0.00000000
vt 0.00000000 0.00000000
vt 0.00000000 0.00000000
vt 0.00000000 0.00000000
vt 0.00000000 0.00000000
vt 0.00000000 0.00000000
vt 0.00000000 0.00000000
vt 0.00000000 0.00000000
vt 0.00000000 0.00000000
vt 0.00000000 0.00000000
vt 0.00000000 0.00000000
vt 0.00000000 0.00000000
vt 0.00000000 0.00000000
vt 0.00000000 0.00000000
vt 0.00000000 0.00000000
vt 0.00000000 0.00000000
vt 0.00000000 0.00000000
vt 0.00000000 0.00000000
vt 0.00000000 0.00000000
vt 0.00000000 0.00000000
vt 0.00000000 0.00000000
vt 0.00000000 0.00000000
vt 0.00000000 0.00000000
vt 0.00000000 0.00000000
vt 0.00000000 0.00000000
vt 0.00000000 0.00000000
vt 0.00000000 0.00000000
vt 0.00000000 0.00000000
vt 0.00000000 0.00000000
vt 0.00000000 0.00000000
vt 0.00000000 0.00000000
vt 0.00000000 0.00000000
vt 0.00000000 0.00000000
vt 0.00000000 0.00000000
vt 0.00000000 0.00000000
vt 0.00000000 0.00000000
vt 0.00000000 0.00000000
vt 0.00000000 0.00000000
vt 0.00000000 0.00000000
vt 0.00000000 0.00000000
vt 0.00000000 0.00000000
vt 0.00000000 0.00000000
vt 0.00000000 0.00000000
vt 0.00000000 0.00000000
vt 0.00000000 0.00000000
vt 0.00000000 0.00000000
vt 0.00000000 0.00000000
vt 0.00000000 0.00000000
vt 0.00000000 0.00000000
vt 0.00000000 0.00000000
vt 0.00000000 0.00000000
vt 0.00000000 0.00000000
vt 0.00000000 0.00000000
vt 0.00000000 0.00000000
vt 0.00000000 0.00000000
vt 0.00000000 0.00000000
vt 0.00000000 0.00000000
vt 0.00000000 0.00000000
vt 0.00000000 0.00000000
vt 0.00000000 0.00000000
vt 0.00000000 0.00000000
vt 0.00000000 0.00000000
vt 0.00000000 0.00000000
vt 0.00000000 0.00000000
vt 0.00000000 0.00000000
vt 0.00000000 0.00000000
vt 0.00000000 0.00000000
vt 0.00000000 0.00000000
vt 0.00000000 0.00000000
vt 0.00000000 0.00000000
vt 0.00000000 0.00000000
vt 0.00000000 0.00000000
vt 0.00000000 0.00000000
vt 0.00000000 0.00000000
vt 0.00000000 0.00000000
vt 0.00000000 0.00000000
vt 0.00000000 0.00000000
vt 0.00000000 0.00000000
vt 0.00000000 0.00000000
vt 0.00000000 0.00000000
vt 0.00000000 0.00000000
vt 0.00000000 0.00000000
vt 0.00000000 0.00000000
vt 0.00000000 0.00000000
vt 0.00000000 0.00000000
vt 0.00000000 0.00000000
vt 0.00000000 0.00000000
vt 0.00000000 0.00000000
vt 0.00000000 0.00000000
vt 0.00000000 0.00000000
vt 0.00000000 0.00000000
vt 0.00000000 0.00000000
vt 0.00000000 0.00000000
vt 0.00000000 0.00000000
vt 0.00000000 0.00000000
vt 0.00000000 0.00000000
vt 0.00000000 0.00000000
vt 0.00000000 0.00000000
vt 0.00000000 0.00000000
vt 0.00000000 0.00000000
vt 0.00000000 0.00000000
vt 0.00000000 0.00000000
vt 0.00000000 0.00000000
vt 0.00000000 0.00000000
vt 0.00000000 0.00000000
vt 0.00000000 0.00000000
vt 0.00000000 0.00000000
vt 0.00000000 0.00000000
vt 0.00000000 0.00000000
vt 0.00000000 0.00000000
vt 0.00000000 0.00000000
vt 0.00000000 0.00000000
vt 0.00000000 0.00000000
vt 0.00000000 0.00000000
vt 0.00000000 0.00000000
vt 0.00000000 0.00000000
vt 0.00000000 0.00000000
vt 0.00000000 0.00000000
vt 0.00000000 0.00000000
vt 0.00000000 0.00000000
vt 0.00000000 0.00000000
vt 0.00000000 0.00000000
vt 0.00000000 0.00000000
vt 0.00000000 0.00000000
vt 0.00000000 0.00000000
vt 0.00000000 0.00000000
vt 0.00000000 0.00000000
vt 0.00000000 0.00000000
vt 0.00000000 0.00000000
vt 0.00000000 0.00000000
vt 0.00000000 0.00000000
vt 0.00000000 0.00000000
vt 0.00000000 0.00000000
vt 0.00000000 0.00000000
vt 0.00000000 0.00000000
vt 0.00000000 0.00000000
vt 0.00000000 0.00000000
vt 0.00000000 0.00000000
vt 0.00000000 0.00000000
vt 0.00000000 0.00000000
vt 0.00000000 0.00000000
vt 0.00000000 0.00000000
vt 0.00000000 0.00000000
vt 0.00000000 0.00000000
vt 0.00000000 0.00000000
vt 0.00000000 0.00000000
vt 0.00000000 0.00000000
vt 0.00000000 0.00000000
vt 0.00000000 0.00000000
vt 0.00000000 0.00000000
vt 0.00000000 0.00000000
vt 0.00000000 0.00000000
vt 0.00000000 0.00000000
vt 0.00000000 0.00000000
vt 0.00000000 0.00000000
vt 0.00000000 0.00000000
vt 0.00000000 0.00000000
vt 0.00000000 0.00000000
vt 0.00000000 0.00000000
vt 0.00000000 0.00000000
vt 0.00000000 0.00000000
vt 0.00000000 0.00000000
vt 0.00000000 0.00000000
vt 0.00000000 0.00000000
vt 0.00000000 0.00000000
vt 0.00000000 0.00000000
vt 0.00000000 0.00000000
vt 0.00000000 0.00000000
vt 0.00000000 0.00000000
vt 0.00000000 0.00000000
vt 0.00000000 0.00000000
vt 0.00000000 0.00000000
vt 0.00000000 0.00000000
vt 0.00000000 0.00000000
vt 0.00000000 0.00000000
vt 0.00000000 0.00000000
vt 0.00000000 0.00000000
vt 0.00000000 0.00000000
vt 0.00000000 0.00000000
vt 0.00000000 0.00000000
vt 0.00000000 0.00000000
vt 0.00000000 0.00000000
vt 0.00000000 0.00000000
vt 0.00000000 0.00000000
vt 0.00000000 0.00000000
vt 0.00000000 0.00000000
vt 0.00000000 0.00000000
vt 0.00000000 0.00000000
vt 0.00000000 0.00000000
vt 0.00000000 0.00000000
vt 0.00000000 0.00000000
vt 0.00000000 0.00000000
vt 0.00000000 0.00000000
vt 0.00000000 0.00000000
vt 0.00000000 0.00000000
vt 0.00000000 0.00000000
vt 0.00000000 0.00000000
vt 0.00000000 0.00000000
vt 0.00000000 0.00000000
vt 0.00000000 0.00000000
vt 0.00000000 0.00000000
vt 0.00000000 0.00000000
vt 0.00000000 0.00000000
vt 0.00000000 0.00000000
vt 0.00000000 0.00000000
vt 0.00000000 0.00000000
vt 0.00000000 0.00000000
vt 0.00000000 0.00000000
vt 0.00000000 0.00000000
vt 0.00000000 0.00000000
vt 0.00000000 0.00000000
vt 0.00000000 0.00000000
vt 0.00000000 0.00000000
vt 0.00000000 0.00000000
vt 0.00000000 0.00000000
vt 0.00000000 0.00000000
vt 0.00000000 0.00000000
vt 0.00000000 0.00000000
vt 0.00000000 0.00000000
vt 0.00000000 0.00000000
vt 0.00000000 0.00000000
vt 0.00000000 0.00000000
vt 0.00000000 0.00000000
vt 0.00000000 0.00000000
vt 0.00000000 0.00000000
vt 0.00000000 0.00000000
vt 0.00000000 0.00000000
vt 0.00000000 0.00000000
vt 0.00000000 0.00000000
vt 0.00000000 0.00000000
vt 0.00000000 0.00000000
vt 0.00000000 0.00000000
vt 0.00000000 0.00000000
vt 0.00000000 0.00000000
vt 0.00000000 0.00000000
vt 0.00000000 0.00000000
vt 0.00000000 0.00000000
vt 0.00000000 0.00000000
vt 0.00000000 0.00000000
vt 0.00000000 0.00000000
vt 0.00000000 0.00000000
vt 0.00000000 0.00000000
vt 0.00000000 0.00000000
vt 0.00000000 0.00000000
vt 0.00000000 0.00000000
vt 0.00000000 0.00000000
vt 0.00000000 0.00000000
vt 0.00000000 0.00000000
vt 0.00000000 0.00000000
vt 0.00000000 0.00000000
vt 0.00000000 0.00000000
vt 0.00000000 0.00000000
vt 0.00000000 0.00000000
vt 0.00000000 0.00000000
vt 0.00000000 0.00000000
vt 0.00000000 0.00000000
vt 0.00000000 0.00000000
vt 0.00000000 0.00000000
vt 0.00000000 0.00000000
vt 0.00000000 0.00000000
vt 0.00000000 0.00000000
vt 0.00000000 0.00000000
vt 0.00000000 0.00000000
vt 0.00000000 0.00000000
vt 0.00000000 0.00000000
vt 0.00000000 0.00000000
vt 0.00000000 0.00000000
vt 0.00000000 0.00000000
vt 0.00000000 0.00000000
vt 0.00000000 0.00000000
vt 0.00000000 0.00000000
vt 0.00000000 0.00000000
vt 0.00000000 0.00000000
vt 0.00000000 0.00000000
vt 0.00000000 0.00000000
vt 0.00000000 0.00000000
vt 0.00000000 0.00000000
vt 0.00000000 0.00000000
vt 0.00000000 0.00000000
vt 0.00000000 0.00000000
vt 0.00000000 0.00000000
vt 0.00000000 0.00000000
vt 0.00000000 0.00000000
vt 0.00000000 0.00000000
vt 0.00000000 0.00000000
vt 0.00000000 0.00000000
vt 0.00000000 0.00000000
vt 0.00000000 0.00000000
vt 0.00000000 0.00000000
vt 0.00000000 0.00000000
vt 0.00000000 0.00000000
vt 0.00000000 0.00000000
vt 0.00000000 0.00000000
vt 0.00000000 0.00000000
vt 0.00000000 0.00000000
vt 0.00000000 0.00000000
vt 0.00000000 0.00000000
vt 0.00000000 0.00000000
vt 0.00000000 0.00000000
vt 0.00000000 0.00000000
vt 0.00000000 0.00000000
vt 0.00000000 0.00000000
vt 0.00000000 0.00000000
vt 0.00000000 0.00000000
vt 0.00000000 0.00000000
vt 0.00000000 0.00000000
vt 0.00000000 0.00000000
vt 0.00000000 0.00000000
vt 0.00000000 0.00000000
vt 0.00000000 0.00000000
vt 0.00000000 0.00000000
vt 0.00000000 0.00000000
vt 0.00000000 0.00000000
vt 0.00000000 0.00000000
vt 0.00000000 0.00000000
vt 0.00000000 0.00000000
vt 0.00000000 0.00000000
vt 0.00000000 0.00000000
vt 0.00000000 0.00000000
vt 0.00000000 0.00000000
vt 0.00000000 0.00000000
vt 0.00000000 0.00000000
vt 0.00000000 0.00000000
vt 0.00000000 0.00000000
vt 0.00000000 0.00000000
vt 0.00000000 0.00000000
vt 0.00000000 0.00000000
vt 0.00000000 0.00000000
vt 0.00000000 0.00000000
vt 0.00000000 0.00000000
vt 0.00000000 0.00000000
vt 0.00000000 0.00000000
vt 0.00000000 0.00000000
vt 0.00000000 0.00000000
vt 0.00000000 0.00000000
vt 0.00000000 0.00000000
vt 0.00000000 0.00000000
vt 0.00000000 0.00000000
vt 0.00000000 0.00000000
vt 0.00000000 0.00000000
vt 0.00000000 0.00000000
vt 0.00000000 0.00000000
vt 0.00000000 0.00000000
vt 0.00000000 0.00000000
vt 0.00000000 0.00000000
vt 0.00000000 0.00000000
vt 0.00000000 0.00000000
vt 0.00000000 0.00000000
vt 0.00000000 0.00000000
vt 0.00000000 0.00000000
vt 0.00000000 0.00000000
vt 0.00000000 0.00000000
vt 0.00000000 0.00000000
vt 0.00000000 0.00000000
vt 0.00000000 0.00000000
vt 0.00000000 0.00000000
vt 0.00000000 0.00000000
vt 0.00000000 0.00000000
vt 0.00000000 0.00000000
vt 0.00000000 0.00000000
vt 0.00000000 0.00000000
vt 0.00000000 0.00000000
vt 0.00000000 0.00000000
vt 0.00000000 0.00000000
vt 0.00000000 0.00000000
vt 0.00000000 0.00000000
vt 0.00000000 0.00000000
vt 0.00000000 0.00000000
vt 0.00000000 0.00000000
vt 0.00000000 0.00000000
vt 0.00000000 0.00000000
vt 0.00000000 0.00000000
vt 0.00000000 0.00000000
vt 0.00000000 0.00000000
vt 0.00000000 0.00000000
vt 0.00000000 0.00000000
vt 0.00000000 0.00000000
vt 0.00000000 0.00000000
vt 0.00000000 0.00000000
vt 0.00000000 0.00000000
vt 0.00000000 0.00000000
vt 0.00000000 0.00000000
vt 0.00000000 0.00000000
vt 0.00000000 0.00000000
vt 0.00000000 0.00000000
vt 0.00000000 0.00000000
vt 0.00000000 0.00000000
vt 0.00000000 0.00000000
vt 0.00000000 0.00000000
vt 0.00000000 0.00000000
vt 0.00000000 0.00000000
vt 0.00000000 0.00000000
vt 0.00000000 0.00000000
vt 0.00000000 0.00000000
vt 0.00000000 0.00000000
vt 0.00000000 0.00000000
vt 0.00000000 0.00000000
vt 0.00000000 0.00000000
vt 0.00000000 0.00000000
vt 0.00000000 0.00000000
vt 0.00000000 0.00000000
vt 0.00000000 0.00000000
vt 0.00000000 0.00000000
vt 0.00000000 0.00000000
vt 0.00000000 0.00000000
vt 0.00000000 0.00000000
vt 0.00000000 0.00000000
vt 0.00000000 0.00000000
vt 0.00000000 0.00000000
vt 0.00000000 0.00000000
vt 0.00000000 0.00000000
vt 0.00000000 0.00000000
vt 0.00000000 0.00000000
vt 0.00000000 0.00000000
vt 0.00000000 0.00000000
vt 0.00000000 0.00000000
vt 0.00000000 0.00000000
vt 0.00000000 0.00000000
vt 0.00000000 0.00000000
vt 0.00000000 0.00000000
vt 0.00000000 0.00000000
vt 0.00000000 0.00000000
vt 0.00000000 0.00000000
vt 0.00000000 0.00000000
vt 0.00000000 0.00000000
vt 0.00000000 0.00000000
vt 0.00000000 0.00000000
vt 0.00000000 0.00000000
vt 0.00000000 0.00000000
vt 0.00000000 0.00000000
vt 0.00000000 0.00000000
vt 0.00000000 0.00000000
vt 0.00000000 0.00000000
vt 0.00000000 0.00000000
vt 0.00000000 0.00000000
vt 0.00000000 0.00000000
vt 0.00000000 0.00000000
vt 0.00000000 0.00000000
vt 0.00000000 0.00000000
vt 0.00000000 0.00000000
vt 0.00000000 0.00000000
vt 0.00000000 0.00000000
vt 0.00000000 0.00000000
vt 0.00000000 0.00000000
vt 0.00000000 0.00000000
vt 0.00000000 0.00000000
vt 0.00000000 0.00000000
vt 0.00000000 0.00000000
vt 0.00000000 0.00000000
vt 0.00000000 0.00000000
vt 0.00000000 0.00000000
vt 0.00000000 0.00000000
vt 0.00000000 0.00000000
vt 0.00000000 0.00000000
vt 0.00000000 0.00000000
vt 0.00000000 0.00000000
vt 0.00000000 0.00000000
vt 0.00000000 0.00000000
vt 0.00000000 0.00000000
vt 0.00000000 0.00000000
vt 0.00000000 0.00000000
vt 0.00000000 0.00000000
vt 0.00000000 0.00000000
vt 0.00000000 0.00000000
vt 0.00000000 0.00000000
vt 0.00000000 0.00000000
vt 0.00000000 0.00000000
vt 0.00000000 0.00000000
vt 0.00000000 0.00000000
vt 0.00000000 0.00000000
vt 0.00000000 0.00000000
vt 0.00000000 0.00000000
vt 0.00000000 0.00000000
vt 0.00000000 0.00000000
vt 0.00000000 0.00000000
vt 0.00000000 0.00000000
vt 0.00000000 0.00000000
vt 0.00000000 0.00000000
vt 0.00000000 0.00000000
vt 0.00000000 0.00000000
vt 0.00000000 0.00000000
vt 0.00000000 0.00000000
vt 0.00000000 0.00000000
vt 0.00000000 0.00000000
vt 0.00000000 0.00000000
vt 0.00000000 0.00000000
vt 0.00000000 0.00000000
vt 0.00000000 0.00000000
vt 0.00000000 0.00000000
vt 0.00000000 0.00000000
vt 0.00000000 0.00000000
vt 0.00000000 0.00000000
vt 0.00000000 0.00000000
vt 0.00000000 0.00000000
vt 0.00000000 0.00000000
vt 0.00000000 0.00000000
vt 0.00000000 0.00000000
vt 0.00000000 0.00000000
vt 0.00000000 0.00000000
vt 0.00000000 0.00000000
vt 0.00000000 0.00000000
vt 0.00000000 0.00000000
vt 0.00000000 0.00000000
vt 0.00000000 0.00000000
vt 0.00000000 0.00000000
vt 0.00000000 0.00000000
vt 0.00000000 0.00000000
vt 0.00000000 0.00000000
vt 0.00000000 0.00000000
vt 0.00000000 0.00000000
vt 0.00000000 0.00000000
vt 0.00000000 0.00000000
vt 0.00000000 0.00000000
vt 0.00000000 0.00000000
vt 0.00000000 0.00000000
vt 0.00000000 0.00000000
vt 0.00000000 0.00000000
vt 0.00000000 0.00000000
vt 0.00000000 0.00000000
vt 0.00000000 0.00000000
vt 0.00000000 0.00000000
vt 0.00000000 0.00000000
vt 0.00000000 0.00000000
vt 0.00000000 0.00000000
vt 0.00000000 0.00000000
vt 0.00000000 0.00000000
vt 0.00000000 0.00000000
vt 0.00000000 0.00000000
vt 0.00000000 0.00000000
vt 0.00000000 0.00000000
vt 0.00000000 0.00000000
vt 0.00000000 0.00000000
vt 0.00000000 0.00000000
vt 0.00000000 0.00000000
vt 0.00000000 0.00000000
vt 0.00000000 0.00000000
vt 0.00000000 0.00000000
vt 0.00000000 0.00000000
vt 0.00000000 0.00000000
vt 0.00000000 0.00000000
vt 0.00000000 0.00000000
vt 0.00000000 0.00000000
vt 0.00000000 0.00000000
vt 0.00000000 0.00000000
vt 0.00000000 0.00000000
vt 0.00000000 0.00000000
vt 0.00000000 0.00000000
vt 0.00000000 0.00000000
vt 0.00000000 0.00000000
vt 0.00000000 0.00000000
vt 0.00000000 0.00000000
vt 0.00000000 0.00000000
vt 0.00000000 0.00000000
vt 0.00000000 0.00000000
vt 0.00000000 0.00000000
vt 0.00000000 0.00000000
vt 0.00000000 0.00000000
vt 0.00000000 0.00000000
vt 0.00000000 0.00000000
vt 0.00000000 0.00000000
vt 0.00000000 0.00000000
vt 0.00000000 0.00000000
vt 0.00000000 0.00000000
vt 0.00000000 0.00000000
vt 0.00000000 0.00000000
vt 0.00000000 0.00000000
vt 0.00000000 0.00000000
vt 0.00000000 0.00000000
vt 0.00000000 0.00000000
vt 0.00000000 0.00000000
vt 0.00000000 0.00000000
vt 0.00000000 0.00000000
vt 0.00000000 0.00000000
vt 0.00000000 0.00000000
vt 0.00000000 0.00000000
vt 0.00000000 0.00000000
vt 0.00000000 0.00000000
vt 0.00000000 0.00000000
vt 0.00000000 0.00000000
vt 0.00000000 0.00000000
vt 0.00000000 0.00000000
vt 0.00000000 0.00000000
vt 0.00000000 0.00000000
vt 0.00000000 0.00000000
vt 0.00000000 0.00000000
vt 0.00000000 0.00000000
vt 0.00000000 0.00000000
vt 0.00000000 0.00000000
vt 0.00000000 0.00000000
vt 0.00000000 0.00000000
vt 0.00000000 0.00000000
vt 0.00000000 0.00000000
vt 0.00000000 0.00000000
vt 0.00000000 0.00000000
vt 0.00000000 0.00000000
vt 0.00000000 0.00000000
vt 0.00000000 0.00000000
vt 0.00000000 0.00000000
vt 0.00000000 0.00000000
vt 0.00000000 0.00000000
vt 0.00000000 0.00000000
vt 0.00000000 0.00000000
vt 0.00000000 0.00000000
vt 0.00000000 0.00000000
vt 0.00000000 0.00000000
vt 0.00000000 0.00000000
vt 0.00000000 0.00000000
vt 0.00000000 0.00000000
vt 0.00000000 0.00000000
vt 0.00000000 0.00000000
vt 0.00000000 0.00000000
vt 0.00000000 0.00000000
vt 0.00000000 0.00000000
vt 0.00000000 0.00000000
vt 0.00000000 0.00000000
vt 0.00000000 0.00000000
vt 0.00000000 0.00000000
vt 0.00000000 0.00000000
vt 0.00000000 0.00000000
vt 0.00000000 0.00000000
vt 0.00000000 0.00000000
vt 0.00000000 0.00000000
vt 0.00000000 0.00000000
vt 0.00000000 0.00000000
vt 0.00000000 0.00000000
vt 0.00000000 0.00000000
vt 0.00000000 0.00000000
vt 0.00000000 0.00000000
vt 0.00000000 0.00000000
vt 0.00000000 0.00000000
vt 0.00000000 0.00000000
vt 0.00000000 0.00000000
vt 0.00000000 0.00000000
vt 0.00000000 0.00000000
vt 0.00000000 0.00000000
vt 0.00000000 0.00000000
vt 0.00000000 0.00000000
vt 0.00000000 0.00000000
vt 0.00000000 0.00000000
vt 0.00000000 0.00000000
vt 0.00000000 0.00000000
vt 0.00000000 0.00000000
vt 0.00000000 0.00000000
vt 0.00000000 0.00000000
vt 0.00000000 0.00000000
vt 0.00000000 0.00000000
vt 0.00000000 0.00000000
vt 0.00000000 0.00000000
vt 0.00000000 0.00000000
vt 0.00000000 0.00000000
vt 0.00000000 0.00000000
vt 0.00000000 0.00000000
vt 0.00000000 0.00000000
vt 0.00000000 0.00000000
vt 0.00000000 0.00000000
vt 0.00000000 0.00000000
vt 0.00000000 0.00000000
vt 0.00000000 0.00000000
vt 0.00000000 0.00000000
vt 0.00000000 0.00000000
vt 0.00000000 0.00000000
vt 0.00000000 0.00000000
vt 0.00000000 0.00000000
vt 0.00000000 0.00000000
vt 0.00000000 0.00000000
vt 0.00000000 0.00000000
vt 0.00000000 0.00000000
vt 0.00000000 0.00000000
vt 0.00000000 0.00000000
vt 0.00000000 0.00000000
vt 0.00000000 0.00000000
vt 0.00000000 0.00000000
vt 0.00000000 0.00000000
vt 0.00000000 0.00000000
vt 0.00000000 0.00000000
vt 0.00000000 0.00000000
vt 0.00000000 0.00000000
vt 0.00000000 0.00000000
vt 0.00000000 0.00000000
vt 0.00000000 0.00000000
vt 0.00000000 0.00000000
vt 0.00000000 0.00000000
vt 0.00000000 0.00000000
vt 0.00000000 0.00000000
vt 0.00000000 0.00000000
vt 0.00000000 0.00000000
vt 0.00000000 0.00000000
vt 0.00000000 0.00000000
vt 0.00000000 0.00000000
vt 0.00000000 0.00000000
vt 0.00000000 0.00000000
vt 0.00000000 0.00000000
vt 0.00000000 0.00000000
vt 0.00000000 0.00000000
vt 0.00000000 0.00000000
vt 0.00000000 0.00000000
vt 0.00000000 0.00000000
vt 0.00000000 0.00000000
vt 0.00000000 0.00000000
vt 0.00000000 0.00000000
vt 0.00000000 0.00000000
vt 0.00000000 0.00000000
vt 0.00000000 0.00000000
vt 0.00000000 0.00000000
vt 0.00000000 0.00000000
vt 0.00000000 0.00000000
vt 0.00000000 0.00000000
vt 0.00000000 0.00000000
vt 0.00000000 0.00000000
vt 0.00000000 0.00000000
vt 0.00000000 0.00000000
vt 0.00000000 0.00000000
vt 0.00000000 0.00000000
vt 0.00000000 0.00000000
vt 0.00000000 0.00000000
vt 0.00000000 0.00000000
vt 0.00000000 0.00000000
vt 0.00000000 0.00000000
vt 0.00000000 0.00000000
vt 0.00000000 0.00000000
vt 0.00000000 0.00000000
vt 0.00000000 0.00000000
vt 0.00000000 0.00000000
vt 0.00000000 0.00000000
vt 0.00000000 0.00000000
vt 0.00000000 0.00000000
vt 0.00000000 0.00000000
vt 0.00000000 0.00000000
vt 0.00000000 0.00000000
vt 0.00000000 0.00000000
vt 0.00000000 0.00000000
vt 0.00000000 0.00000000
vt 0.00000000 0.00000000
vt 0.00000000 0.00000000
vt 0.00000000 0.00000000
vt 0.00000000 0.00000000
vt 0.00000000 0.00000000
vt 0.00000000 0.00000000
vt 0.00000000 0.00000000
vt 0.00000000 0.00000000
vt 0.00000000 0.00000000
vt 0.00000000 0.00000000
vt 0.00000000 0.00000000
vt 0.00000000 0.00000000
vt 0.00000000 0.00000000
vt 0.00000000 0.00000000
vt 0.00000000 0.00000000
vt 0.00000000 0.00000000
vt 0.00000000 0.00000000
vt 0.00000000 0.00000000
vt 0.00000000 0.00000000
vt 0.00000000 0.00000000
vt 0.00000000 0.00000000
vt 0.00000000 0.00000000
vt 0.00000000 0.00000000
vt 0.00000000 0.00000000
vt 0.00000000 0.00000000
vt 0.00000000 0.00000000
vt 0.00000000 0.00000000
vt 0.00000000 0.00000000
vt 0.00000000 0.00000000
vt 0.00000000 0.00000000
vt 0.00000000 0.00000000
vt 0.00000000 0.00000000
vt 0.00000000 0.00000000
vt 0.00000000 0.00000000
vt 0.00000000 0.00000000
vt 0.00000000 0.00000000
vt 0.00000000 0.00000000
vt 0.00000000 0.00000000
vt 0.00000000 0.00000000
vt 0.00000000 0.00000000
vt 0.00000000 0.00000000
vt 0.00000000 0.00000000
vt 0.00000000 0.00000000
vt 0.00000000 0.00000000
vt 0.00000000 0.00000000
vt 0.00000000 0.00000000
vt 0.00000000 0.00000000
vt 0.00000000 0.00000000
vt 0.00000000 0.00000000
vt 0.00000000 0.00000000
vt 0.00000000 0.00000000
vt 0.00000000 0.00000000
vt 0.00000000 0.00000000
vt 0.00000000 0.00000000
vt 0.00000000 0.00000000
vt 0.00000000 0.00000000
vt 0.00000000 0.00000000
vt 0.00000000 0.00000000
vt 0.00000000 0.00000000
vt 0.00000000 0.00000000
vt 0.00000000 0.00000000
vt 0.00000000 0.00000000
vt 0.00000000 0.00000000
vt 0.00000000 0.00000000
vt 0.00000000 0.00000000
vt 0.00000000 0.00000000
vt 0.00000000 0.00000000
vt 0.00000000 0.00000000
vt 0.00000000 0.00000000
vt 0.00000000 0.00000000
vt 0.00000000 0.00000000
vt 0.00000000 0.00000000
vt 0.00000000 0.00000000
vt 0.00000000 0.00000000
vt 0.00000000 0.00000000
vt 0.00000000 0.00000000
vt 0.00000000 0.00000000
vt 0.00000000 0.00000000
vt 0.00000000 0.00000000
vt 0.00000000 0.00000000
vt 0.00000000 0.00000000
vt 0.00000000 0.00000000
vt 0.00000000 0.00000000
vt 0.00000000 0.00000000
vt 0.00000000 0.00000000
vt 0.00000000 0.00000000
vt 0.00000000 0.00000000
vt 0.00000000 0.00000000
vt 0.00000000 0.00000000
vt 0.00000000 0.00000000
vt 0.00000000 0.00000000
vt 0.00000000 0.00000000
vt 0.00000000 0.00000000
vt 0.00000000 0.00000000
vt 0.00000000 0.00000000
vt 0.00000000 0.00000000
vt 0.00000000 0.00000000
vt 0.00000000 0.00000000
vt 0.00000000 0.00000000
vt 0.00000000 0.00000000
vt 0.00000000 0.00000000
vt 0.00000000 0.00000000
vt 0.00000000 0.00000000
vt 0.00000000 0.00000000
vt 0.00000000 0.00000000
vt 0.00000000 0.00000000
vt 0.00000000 0.00000000
vt 0.00000000 0.00000000
vt 0.00000000 0.00000000
vt 0.00000000 0.00000000
vt 0.00000000 0.00000000
vt 0.00000000 0.00000000
vt 0.00000000 0.00000000
vt 0.00000000 0.00000000
vt 0.00000000 0.00000000
vt 0.00000000 0.00000000
vt 0.00000000 0.00000000
vt 0.00000000 0.00000000
vt 0.00000000 0.00000000
vt 0.00000000 0.00000000
vt 0.00000000 0.00000000
vt 0.00000000 0.00000000
vt 0.00000000 0.00000000
vt 0.00000000 0.00000000
vt 0.00000000 0.00000000
vt 0.00000000 0.00000000
vt 0.00000000 0.00000000
vt 0.00000000 0.00000000
vt 0.00000000 0.00000000
vt 0.00000000 0.00000000
vt 0.00000000 0.00000000
vt 0.00000000 0.00000000
vt 0.00000000 0.00000000
vt 0.00000000 0.00000000
vt 0.00000000 0.00000000
vt 0.00000000 0.00000000
vt 0.00000000 0.00000000
vt 0.00000000 0.00000000
vt 0.00000000 0.00000000
vt 0.00000000 0.00000000
vt 0.00000000 0.00000000
vt 0.00000000 0.00000000
vt 0.00000000 0.00000000
vt 0.00000000 0.00000000
vt 0.00000000 0.00000000
vt 0.00000000 0.00000000
vt 0.00000000 0.00000000
vt 0.00000000 0.00000000
vt 0.00000000 0.00000000
vt 0.00000000 0.00000000
vt 0.00000000 0.00000000
vt 0.00000000 0.00000000
vt 0.00000000 0.00000000
vt 0.00000000 0.00000000
vt 0.00000000 0.00000000
vt 0.00000000 0.00000000
vt 0.00000000 0.00000000
vt 0.00000000 0.00000000
vt 0.00000000 0.00000000
vt 0.00000000 0.00000000
vt 0.00000000 0.00000000
vt 0.00000000 0.00000000
vt 0.00000000 0.00000000
vt 0.00000000 0.00000000
vt 0.00000000 0.00000000
vt 0.00000000 0.00000000
vt 0.00000000 0.00000000
vt 0.00000000 0.00000000
vt 0.00000000 0.00000000
vt 0.00000000 0.00000000
vt 0.00000000 0.00000000
vt 0.00000000 0.00000000
vt 0.00000000 0.00000000
vt 0.00000000 0.00000000
vt 0.00000000 0.00000000
vt 0.00000000 0.00000000
vt 0.00000000 0.00000000
vt 0.00000000 0.00000000
vt 0.00000000 0.00000000
vt 0.00000000 0.00000000
vt 0.00000000 0.00000000
vt 0.00000000 0.00000000
vt 0.00000000 0.00000000
vt 0.00000000 0.00000000
vt 0.00000000 0.00000000
vt 0.00000000 0.00000000
vt 0.00000000 0.00000000
vt 0.00000000 0.00000000
vt 0.00000000 0.00000000
vt 0.00000000 0.00000000
vt 0.00000000 0.00000000
vt 0.00000000 0.00000000
vt 0.00000000 0.00000000
vt 0.00000000 0.00000000
vt 0.00000000 0.00000000
vt 0.00000000 0.00000000
vt 0.00000000 0.00000000
vt 0.00000000 0.00000000
vt 0.00000000 0.00000000
vt 0.00000000 0.00000000
vt 0.00000000 0.00000000
vt 0.00000000 0.00000000
vt 0.00000000 0.00000000
vt 0.00000000 0.00000000
vt 0.00000000 0.00000000
vt 0.00000000 0.00000000
vt 0.00000000 0.00000000
vt 0.00000000 0.00000000
vt 0.00000000 0.00000000
vt 0.00000000 0.00000000
vt 0.00000000 0.00000000
vt 0.00000000 0.00000000
vt 0.00000000 0.00000000
vt 0.00000000 0.00000000
vt 0.00000000 0.00000000
vt 0.00000000 0.00000000
vt 0.00000000 0.00000000
vt 0.00000000 0.00000000
vt 0.00000000 0.00000000
vt 0.00000000 0.00000000
vt 0.00000000 0.00000000
vt 0.00000000 0.00000000
vt 0.00000000 0.00000000
vt 0.00000000 0.00000000
vt 0.00000000 0.00000000
vt 0.00000000 0.00000000
vt 0.00000000 0.00000000
vt 0.00000000 0.00000000
vt 0.00000000 0.00000000
vt 0.00000000 0.00000000
vt 0.00000000 0.00000000
vt 0.00000000 0.00000000
vt 0.00000000 0.00000000
vt 0.00000000 0.00000000
vt 0.00000000 0.00000000
vt 0.00000000 0.00000000
vt 0.00000000 0.00000000
vt 0.00000000 0.00000000
vt 0.00000000 0.00000000
vt 0.00000000 0.00000000
vt 0.00000000 0.00000000
vt 0.00000000 0.00000000
vt 0.00000000 0.00000000
vt 0.00000000 0.00000000
vt 0.00000000 0.00000000
vt 0.00000000 0.00000000
vt 0.00000000 0.00000000
vt 0.00000000 0.00000000
vt 0.00000000 0.00000000
vt 0.00000000 0.00000000
vt 0.00000000 0.00000000
vt 0.00000000 0.00000000
vt 0.00000000 0.00000000
vt 0.00000000 0.00000000
vt 0.00000000 0.00000000
vt 0.00000000 0.00000000
vt 0.00000000 0.00000000
vt 0.00000000 0.00000000
vt 0.00000000 0.00000000
vt 0.00000000 0.00000000
vt 0.00000000 0.00000000
vt 0.00000000 0.00000000
vt 0.00000000 0.00000000
vt 0.00000000 0.00000000
vt 0.00000000 0.00000000
vt 0.00000000 0.00000000
vt 0.00000000 0.00000000
vt 0.00000000 0.00000000
vt 0.00000000 0.00000000
vt 0.00000000 0.00000000
vt 0.00000000 0.00000000
vt 0.00000000 0.00000000
vt 0.00000000 0.00000000
vt 0.00000000 0.00000000
vt 0.00000000 0.00000000
vt 0.00000000 0.00000000
vt 0.00000000 0.00000000
vt 0.00000000 0.00000000
vt 0.00000000 0.00000000
vt 0.00000000 0.00000000
vt 0.00000000 0.00000000
vt 0.00000000 0.00000000
vt 0.00000000 0.00000000
vt 0.00000000 0.00000000
vt 0.00000000 0.00000000
vt 0.00000000 0.00000000
vt 0.00000000 0.00000000
vt 0.00000000 0.00000000
vt 0.00000000 0.00000000
vt 0.00000000 0.00000000
vt 0.00000000 0.00000000
vt 0.00000000 0.00000000
vt 0.00000000 0.00000000
vt 0.00000000 0.00000000
vt 0.00000000 0.00000000
vt 0.00000000 0.00000000
vt 0.00000000 0.00000000
vt 0.00000000 0.00000000
vt 0.00000000 0.00000000
vt 0.00000000 0.00000000
vt 0.00000000 0.00000000
vt 0.00000000 0.00000000
vt 0.00000000 0.00000000
vt 0.00000000 0.00000000
vt 0.00000000 0.00000000
vt 0.00000000 0.00000000
vt 0.00000000 0.00000000
vt 0.00000000 0.00000000
vt 0.00000000 0.00000000
vt 0.00000000 0.00000000
vt 0.00000000 0.00000000
vt 0.00000000 0.00000000
vt 0.00000000 0.00000000
vt 0.00000000 0.00000000
vt 0.00000000 0.00000000
vt 0.00000000 0.00000000
vt 0.00000000 0.00000000
vt 0.00000000 0.00000000
vt 0.00000000 0.00000000
vt 0.00000000 0.00000000
vt 0.00000000 0.00000000
vt 0.00000000 0.00000000
vt 0.00000000 0.00000000
vt 0.00000000 0.00000000
vt 0.00000000 0.00000000
vt 0.00000000 0.00000000
vt 0.00000000 0.00000000
vt 0.00000000 0.00000000
vt 0.00000000 0.00000000
vt 0.00000000 0.00000000
vt 0.00000000 0.00000000
vt 0.00000000 0.00000000
vt 0.00000000 0.00000000
vt 0.00000000 0.00000000
vt 0.00000000 0.00000000
vt 0.00000000 0.00000000
vt 0.00000000 0.00000000
vt 0.00000000 0.00000000
vt 0.00000000 0.00000000
vt 0.00000000 0.00000000
vt 0.00000000 0.00000000
vt 0.00000000 0.00000000
vt 0.00000000 0.00000000
vt 0.00000000 0.00000000
vt 0.00000000 0.00000000
vt 0.00000000 0.00000000
vt 0.00000000 0.00000000
vt 0.00000000 0.00000000
vt 0.00000000 0.00000000
vt 0.00000000 0.00000000
vt 0.00000000 0.00000000
vt 0.00000000 0.00000000
vt 0.00000000 0.00000000
vt 0.00000000 0.00000000
vt 0.00000000 0.00000000
vt 0.00000000 0.00000000
vt 0.00000000 0.00000000
vt 0.00000000 0.00000000
vt 0.00000000 0.00000000
vt 0.00000000 0.00000000
vt 0.00000000 0.00000000
vt 0.00000000 0.00000000
vt 0.00000000 0.00000000
vt 0.00000000 0.00000000
vt 0.00000000 0.00000000
vt 0.00000000 0.00000000
vt 0.00000000 0.00000000
vt 0.00000000 0.00000000
vt 0.00000000 0.00000000
vt 0.00000000 0.00000000
vt 0.00000000 0.00000000
vt 0.00000000 0.00000000
vt 0.00000000 0.00000000
vt 0.00000000 0.00000000
vt 0.00000000 0.00000000
vt 0.00000000 0.00000000
vt 0.00000000 0.00000000
vt 0.00000000 0.00000000
vt 0.00000000 0.00000000
vt 0.00000000 0.00000000
vt 0.00000000 0.00000000
vt 0.00000000 0.00000000
vt 0.00000000 0.00000000
vt 0.00000000 0.00000000
vt 0.00000000 0.00000000
vt 0.00000000 0.00000000
vt 0.00000000 0.00000000
vt 0.00000000 0.00000000
vt 0.00000000 0.00000000
vt 0.00000000 0.00000000
vt 0.00000000 0.00000000
vt 0.00000000 0.00000000
vt 0.00000000 0.00000000
vt 0.00000000 0.00000000
vt 0.00000000 0.00000000
vt 0.00000000 0.00000000
vt 0.00000000 0.00000000
vt 0.00000000 0.00000000
vt 0.00000000 0.00000000
vt 0.00000000 0.00000000
vt 0.00000000 0.00000000
vt 0.00000000 0.00000000
vt 0.00000000 0.00000000
vt 0.00000000 0.00000000
vt 0.00000000 0.00000000
vt 0.00000000 0.00000000
vt 0.00000000 0.00000000
vt 0.00000000 0.00000000
vt 0.00000000 0.00000000
vt 0.00000000 0.00000000
vt 0.00000000 0.00000000
vt 0.00000000 0.00000000
vt 0.00000000 0.00000000
vt 0.00000000 0.00000000
vt 0.00000000 0.00000000
vt 0.00000000 0.00000000
vt 0.00000000 0.00000000
vt 0.00000000 0.00000000
vt 0.00000000 0.00000000
vt 0.00000000 0.00000000
vt 0.00000000 0.00000000
vt 0.00000000 0.00000000
vt 0.00000000 0.00000000
vt 0.00000000 0.00000000
vt 0.00000000 0.00000000
vt 0.00000000 0.00000000
vt 0.00000000 0.00000000
vt 0.00000000 0.00000000
vt 0.00000000 0.00000000
vt 0.00000000 0.00000000
vt 0.00000000 0.00000000
vt 0.00000000 0.00000000
vt 0.00000000 0.00000000
vt 0.00000000 0.00000000
vt 0.00000000 0.00000000
vt 0.00000000 0.00000000
vt 0.00000000 0.00000000
vt 0.00000000 0.00000000
vt 0.00000000 0.00000000
vt 0.00000000 0.00000000
vt 0.00000000 0.00000000
vt 0.00000000 0.00000000
vt 0.00000000 0.00000000
vt 0.00000000 0.00000000
vt 0.00000000 0.00000000
vt 0.00000000 0.00000000
vt 0.00000000 0.00000000
vt 0.00000000 0.00000000
vt 0.00000000 0.00000000
vt 0.00000000 0.00000000
vt 0.00000000 0.00000000
vt 0.00000000 0.00000000
vt 0.00000000 0.00000000
vt 0.00000000 0.00000000
vt 0.00000000 0.00000000
vt 0.00000000 0.00000000
vt 0.00000000 0.00000000
vt 0.00000000 0.00000000
vt 0.00000000 0.00000000
vt 0.00000000 0.00000000
vt 0.00000000 0.00000000
vt 0.00000000 0.00000000
vt 0.00000000 0.00000000
vt 0.00000000 0.00000000
vt 0.00000000 0.00000000
vt 0.00000000 0.00000000
vt 0.00000000 0.00000000
vt 0.00000000 0.00000000
vt 0.00000000 0.00000000
vt 0.00000000 0.00000000
vt 0.00000000 0.00000000
vt 0.00000000 0.00000000
vt 0.00000000 0.00000000
vt 0.00000000 0.00000000
vt 0.00000000 0.00000000
vt 0.00000000 0.00000000
vt 0.00000000 0.00000000
vt 0.00000000 0.00000000
vt 0.00000000 0.00000000
vt 0.00000000 0.00000000
vt 0.00000000 0.00000000
vt 0.00000000 0.00000000
vt 0.00000000 0.00000000
vt 0.00000000 0.00000000
vt 0.00000000 0.00000000
vt 0.00000000 0.00000000
vt 0.00000000 0.00000000
vt 0.00000000 0.00000000
vt 0.00000000 0.00000000
vt 0.00000000 0.00000000
vt 0.00000000 0.00000000
vt 0.00000000 0.00000000
vt 0.00000000 0.00000000
vt 0.00000000 0.00000000
vt 0.00000000 0.00000000
vt 0.00000000 0.00000000
vt 0.00000000 0.00000000
vt 0.00000000 0.00000000
vt 0.00000000 0.00000000
vt 0.00000000 0.00000000
vt 0.00000000 0.00000000
vt 0.00000000 0.00000000
vt 0.00000000 0.00000000
vt 0.00000000 0.00000000
vt 0.00000000 0.00000000
vt 0.00000000 0.00000000
vt 0.00000000 0.00000000
vt 0.00000000 0.00000000
vt 0.00000000 0.00000000
vt 0.00000000 0.00000000
vt 0.00000000 0.00000000
vt 0.00000000 0.00000000
vt 0.00000000 0.00000000
vt 0.00000000 0.00000000
vt 0.00000000 0.00000000
vt 0.00000000 0.00000000
vt 0.00000000 0.00000000
vt 0.00000000 0.00000000
vt 0.00000000 0.00000000
vt 0.00000000 0.00000000
vt 0.00000000 0.00000000
vt 0.00000000 0.00000000
vt 0.00000000 0.00000000
vt 0.00000000 0.00000000
vt 0.00000000 0.00000000
vt 0.00000000 0.00000000
vt 0.00000000 0.00000000
vt 0.00000000 0.00000000
vt 0.00000000 0.00000000
vt 0.00000000 0.00000000
vt 0.00000000 0.00000000
vt 0.00000000 0.00000000
vt 0.00000000 0.00000000
vt 0.00000000 0.00000000
vt 0.00000000 0.00000000
vt 0.00000000 0.00000000
vt 0.00000000 0.00000000
vt 0.00000000 0.00000000
vt 0.00000000 0.00000000
vt 0.00000000 0.00000000
vt 0.00000000 0.00000000
vt 0.00000000 0.00000000
vt 0.00000000 0.00000000
vt 0.00000000 0.00000000
vt 0.00000000 0.00000000
vt 0.00000000 0.00000000
vt 0.00000000 0.00000000
vt 0.00000000 0.00000000
vt 0.00000000 0.00000000
vt 0.00000000 0.00000000
vt 0.00000000 0.00000000
vt 0.00000000 0.00000000
vt 0.00000000 0.00000000
vt 0.00000000 0.00000000
vt 0.00000000 0.00000000
vt 0.00000000 0.00000000
vt 0.00000000 0.00000000
vt 0.00000000 0.00000000
vt 0.00000000 0.00000000
vt 0.00000000 0.00000000
vt 0.00000000 0.00000000
vt 0.00000000 0.00000000
vt 0.00000000 0.00000000
vt 0.00000000 0.00000000
vt 0.00000000 0.00000000
vt 0.00000000 0.00000000
vt 0.00000000 0.00000000
vt 0.00000000 0.00000000
vt 0.00000000 0.00000000
vt 0.00000000 0.00000000
vt 0.00000000 0.00000000
vt 0.00000000 0.00000000
vt 0.00000000 0.00000000
vt 0.00000000 0.00000000
vt 0.00000000 0.00000000
vt 0.00000000 0.00000000
vt 0.00000000 0.00000000
vt 0.00000000 0.00000000
vt 0.00000000 0.00000000
vt 0.00000000 0.00000000
vt 0.00000000 0.00000000
vt 0.00000000 0.00000000
vt 0.00000000 0.00000000
vt 0.00000000 0.00000000
vt 0.00000000 0.00000000
vt 0.00000000 0.00000000
vt 0.00000000 0.00000000
vt 0.00000000 0.00000000
vt 0.00000000 0.00000000
vt 0.00000000 0.00000000
vt 0.00000000 0.00000000
vt 0.00000000 0.00000000
vt 0.00000000 0.00000000
vt 0.00000000 0.00000000
vt 0.00000000 0.00000000
vt 0.00000000 0.00000000
vt 0.00000000 0.00000000
vt 0.00000000 0.00000000
vt 0.00000000 0.00000000
vt 0.00000000 0.00000000
vt 0.00000000 0.00000000
vt 0.00000000 0.00000000
vt 0.00000000 0.00000000
vt 0.00000000 0.00000000
vt 0.00000000 0.00000000
vt 0.00000000 0.00000000
vt 0.00000000 0.00000000
vt 0.00000000 0.00000000
vt 0.00000000 0.00000000
vt 0.00000000 0.00000000
vt 0.00000000 0.00000000
vt 0.00000000 0.00000000
vt 0.00000000 0.00000000
vt 0.00000000 0.00000000
vt 0.00000000 0.00000000
vt 0.00000000 0.00000000
vt 0.00000000 0.00000000
vt 0.00000000 0.00000000
vt 0.00000000 0.00000000
vt 0.00000000 0.00000000
vt 0.00000000 0.00000000
vt 0.00000000 0.00000000
vt 0.00000000 0.00000000
vt 0.00000000 0.00000000
vt 0.00000000 0.00000000
vt 0.00000000 0.00000000
vt 0.00000000 0.00000000
vt 0.00000000 0.00000000
vt 0.00000000 0.00000000
vt 0.00000000 0.00000000
vt 0.00000000 0.00000000
vt 0.00000000 0.00000000
vt 0.00000000 0.00000000
vt 0.00000000 0.00000000
vt 0.00000000 0.00000000
vt 0.00000000 0.00000000
vt 0.00000000 0.00000000
vt 0.00000000 0.00000000
vt 0.00000000 0.00000000
vt 0.00000000 0.00000000
vt 0.00000000 0.00000000
vt 0.00000000 0.00000000
vt 0.00000000 0.00000000
vt 0.00000000 0.00000000
vt 0.00000000 0.00000000
vt 0.00000000 0.00000000
vt 0.00000000 0.00000000
vt 0.00000000 0.00000000
vt 0.00000000 0.00000000
vt 0.00000000 0.00000000
vt 0.00000000 0.00000000
vt 0.00000000 0.00000000
vt 0.00000000 0.00000000
vt 0.00000000 0.00000000
vt 0.00000000 0.00000000
vt 0.00000000 0.00000000
vt 0.00000000 0.00000000
vt 0.00000000 0.00000000
vt 0.00000000 0.00000000
vt 0.00000000 0.00000000
vt 0.00000000 0.00000000
vt 0.00000000 0.00000000
vt 0.00000000 0.00000000
vt 0.00000000 0.00000000
vt 0.00000000 0.00000000
vt 0.00000000 0.00000000
vt 0.00000000 0.00000000
vt 0.00000000 0.00000000
vt 0.00000000 0.00000000
vt 0.00000000 0.00000000
vt 0.00000000 0.00000000
vt 0.00000000 0.00000000
vt 0.00000000 0.00000000
vt 0.00000000 0.00000000
vt 0.00000000 0.00000000
vt 0.00000000 0.00000000
vt 0.00000000 0.00000000
vt 0.00000000 0.00000000
vt 0.00000000 0.00000000
vt 0.00000000 0.00000000
vt 0.00000000 0.00000000
vt 0.00000000 0.00000000
vt 0.00000000 0.00000000
vt 0.00000000 0.00000000
vt 0.00000000 0.00000000
vt 0.00000000 0.00000000
vt 0.00000000 0.00000000
vt 0.00000000 0.00000000
vt 0.00000000 0.00000000
vt 0.00000000 0.00000000
vt 0.00000000 0.00000000
vt 0.00000000 0.00000000
vt 0.00000000 0.00000000
vt 0.00000000 0.00000000
vt 0.00000000 0.00000000
vt 0.00000000 0.00000000
vt 0.00000000 0.00000000
vt 0.00000000 0.00000000
vt 0.00000000 0.00000000
vt 0.00000000 0.00000000
vt 0.00000000 0.00000000
vt 0.00000000 0.00000000
vt 0.00000000 0.00000000
vt 0.00000000 0.00000000
vt 0.00000000 0.00000000
vt 0.00000000 0.00000000
vt 0.00000000 0.00000000
vt 0.00000000 0.00000000
vt 0.00000000 0.00000000
vt 0.00000000 0.00000000
vt 0.00000000 0.00000000
vt 0.00000000 0.00000000
vt 0.00000000 0.00000000
vt 0.00000000 0.00000000
vt 0.00000000 0.00000000
vt 0.00000000 0.00000000
vt 0.00000000 0.00000000
vt 0.00000000 0.00000000
vt 0.00000000 0.00000000
vt 0.00000000 0.00000000
vt 0.00000000 0.00000000
vt 0.00000000 0.00000000
vt 0.00000000 0.00000000
vt 0.00000000 0.00000000
vt 0.00000000 0.00000000
vt 0.00000000 0.00000000
vt 0.00000000 0.00000000
vt 0.00000000 0.00000000
vt 0.00000000 0.00000000
vt 0.00000000 0.00000000
vt 0.00000000 0.00000000
vt 0.00000000 0.00000000
vt 0.00000000 0.00000000
vt 0.00000000 0.00000000
vt 0.00000000 0.00000000
vt 0.00000000 0.00000000
vt 0.00000000 0.00000000
vt 0.00000000 0.00000000
vt 0.00000000 0.00000000
vt 0.00000000 0.00000000
vt 0.00000000 0.00000000
vt 0.00000000 0.00000000
vt 0.00000000 0.00000000
vt 0.00000000 0.00000000
vt 0.00000000 0.00000000
vt 0.00000000 0.00000000
vt 0.00000000 0.00000000
vt 0.00000000 0.00000000
vt 0.00000000 0.00000000
vt 0.00000000 0.00000000
vt 0.00000000 0.00000000
vt 0.00000000 0.00000000
vt 0.00000000 0.00000000
vt 0.00000000 0.00000000
vt 0.00000000 0.00000000
vt 0.00000000 0.00000000
vt 0.00000000 0.00000000
vt 0.00000000 0.00000000
vt 0.00000000 0.00000000
vt 0.00000000 0.00000000
vt 0.00000000 0.00000000
vt 0.00000000 0.00000000
vt 0.00000000 0.00000000
vt 0.00000000 0.00000000
vt 0.00000000 0.00000000
vt 0.00000000 0.00000000
vt 0.00000000 0.00000000
vt 0.00000000 0.00000000
vt 0.00000000 0.00000000
vt 0.00000000 0.00000000
vt 0.00000000 0.00000000
vt 0.00000000 0.00000000
vt 0.00000000 0.00000000
vt 0.00000000 0.00000000
vt 0.00000000 0.00000000
vt 0.00000000 0.00000000
vt 0.00000000 0.00000000
vt 0.00000000 0.00000000
vt 0.00000000 0.00000000
vt 0.00000000 0.00000000
vt 0.00000000 0.00000000
vt 0.00000000 0.00000000
vt 0.00000000 0.00000000
vt 0.00000000 0.00000000
vt 0.00000000 0.00000000
vt 0.00000000 0.00000000
vt 0.00000000 0.00000000
vt 0.00000000 0.00000000
vt 0.00000000 0.00000000
vt 0.00000000 0.00000000
vt 0.00000000 0.00000000
vt 0.00000000 0.00000000
vt 0.00000000 0.00000000
vt 0.00000000 0.00000000
vt 0.00000000 0.00000000
vt 0.00000000 0.00000000
vt 0.00000000 0.00000000
vt 0.00000000 0.00000000
vt 0.00000000 0.00000000
vt 0.00000000 0.00000000
vt 0.00000000 0.00000000
vt 0.00000000 0.00000000
vt 0.00000000 0.00000000
vt 0.00000000 0.00000000
vt 0.00000000 0.00000000
vt 0.00000000 0.00000000
vt 0.00000000 0.00000000
vt 0.00000000 0.00000000
vt 0.00000000 0.00000000
vt 0.00000000 0.00000000
vt 0.00000000 0.00000000
vt 0.00000000 0.00000000
vt 0.00000000 0.00000000
vt 0.00000000 0.00000000
vt 0.00000000 0.00000000
vt 0.00000000 0.00000000
vt 0.00000000 0.00000000
vt 0.00000000 0.00000000
vt 0.00000000 0.00000000
vt 0.00000000 0.00000000
vt 0.00000000 0.00000000
vt 0.00000000 0.00000000
vt 0.00000000 0.00000000
vt 0.00000000 0.00000000
vt 0.00000000 0.00000000
vt 0.00000000 0.00000000
vt 0.00000000 0.00000000
vt 0.00000000 0.00000000
vt 0.00000000 0.00000000
vt 0.00000000 0.00000000
vt 0.00000000 0.00000000
vt 0.00000000 0.00000000
vt 0.00000000 0.00000000
vt 0.00000000 0.00000000
vt 0.00000000 0.00000000
vt 0.00000000 0.00000000
vt 0.00000000 0.00000000
vt 0.00000000 0.00000000
vt 0.00000000 0.00000000
vt 0.00000000 0.00000000
vt 0.00000000 0.00000000
vt 0.00000000 0.00000000
vt 0.00000000 0.00000000
vt 0.00000000 0.00000000
vt 0.00000000 0.00000000
vt 0.00000000 0.00000000
vt 0.00000000 0.00000000
vt 0.00000000 0.00000000
vt 0.00000000 0.00000000
vt 0.00000000 0.00000000
vt 0.00000000 0.00000000
vt 0.00000000 0.00000000
vt 0.00000000 0.00000000
vt 0.00000000 0.00000000
vt 0.00000000 0.00000000
vt 0.00000000 0.00000000
vt 0.00000000 0.00000000
vt 0.00000000 0.00000000
vt 0.00000000 0.00000000
vt 0.00000000 0.00000000
vt 0.00000000 0.00000000
vt 0.00000000 0.00000000
vt 0.00000000 0.00000000
vt 0.00000000 0.00000000
vt 0.00000000 0.00000000
vt 0.00000000 0.00000000
vt 0.00000000 0.00000000
vt 0.00000000 0.00000000
vt 0.00000000 0.00000000
vt 0.00000000 0.00000000
vt 0.00000000 0.00000000
vt 0.00000000 0.00000000
vt 0.00000000 0.00000000
vt 0.00000000 0.00000000
vt 0.00000000 0.00000000
vt 0.00000000 0.00000000
vt 0.00000000 0.00000000
vt 0.00000000 0.00000000
vt 0.00000000 0.00000000
vt 0.00000000 0.00000000
vt 0.00000000 0.00000000
vt 0.00000000 0.00000000
vt 0.00000000 0.00000000
vt 0.00000000 0.00000000
vt 0.00000000 0.00000000
vt 0.00000000 0.00000000
vt 0.00000000 0.00000000
vt 0.00000000 0.00000000
vt 0.00000000 0.00000000
vt 0.00000000 0.00000000
vt 0.00000000 0.00000000
vt 0.00000000 0.00000000
vt 0.00000000 0.00000000
vt 0.00000000 0.00000000
vt 0.00000000 0.00000000
vt 0.00000000 0.00000000
vt 0.00000000 0.00000000
vt 0.00000000 0.00000000
vt 0.00000000 0.00000000
vt 0.00000000 0.00000000
vt 0.00000000 0.00000000
vt 0.00000000 0.00000000
vt 0.00000000 0.00000000
vt 0.00000000 0.00000000
vt 0.00000000 0.00000000
vt 0.00000000 0.00000000
vt 0.00000000 0.00000000
vt 0.00000000 0.00000000
vt 0.00000000 0.00000000
vt 0.00000000 0.00000000
vt 0.00000000 0.00000000
vt 0.00000000 0.00000000
vt 0.00000000 0.00000000
vt 0.00000000 0.00000000
vt 0.00000000 0.00000000
vt 0.00000000 0.00000000
vt 0.00000000 0.00000000
vt 0.00000000 0.00000000
vt 0.00000000 0.00000000
vt 0.00000000 0.00000000
vt 0.00000000 0.00000000
vt 0.00000000 0.00000000
vt 0.00000000 0.00000000
vt 0.00000000 0.00000000
vt 0.00000000 0.00000000
vt 0.00000000 0.00000000
vt 0.00000000 0.00000000
vt 0.00000000 0.00000000
vt 0.00000000 0.00000000
vt 0.00000000 0.00000000
vt 0.00000000 0.00000000
vt 0.00000000 0.00000000
vt 0.00000000 0.00000000
vt 0.00000000 0.00000000
vt 0.00000000 0.00000000
vt 0.00000000 0.00000000
vt 0.00000000 0.00000000
vt 0.00000000 0.00000000
vt 0.00000000 0.00000000
vt 0.00000000 0.00000000
vt 0.00000000 0.00000000
vt 0.00000000 0.00000000
vt 0.00000000 0.00000000
vt 0.00000000 0.00000000
vt 0.00000000 0.00000000
vt 0.00000000 0.00000000
vt 0.00000000 0.00000000
vt 0.00000000 0.00000000
vt 0.00000000 0.00000000
vt 0.00000000 0.00000000
vt 0.00000000 0.00000000
vt 0.00000000 0.00000000
vt 0.00000000 0.00000000
vt 0.00000000 0.00000000
vt 0.00000000 0.00000000
vt 0.00000000 0.00000000
vt 0.00000000 0.00000000
vt 0.00000000 0.00000000
vt 0.00000000 0.00000000
vt 0.00000000 0.00000000
vt 0.00000000 0.00000000
vt 0.00000000 0.00000000
vt 0.00000000 0.00000000
vt 0.00000000 0.00000000
vt 0.00000000 0.00000000
vt 0.00000000 0.00000000
vt 0.00000000 0.00000000
vt 0.00000000 0.00000000
vt 0.00000000 0.00000000
vt 0.00000000 0.00000000
vt 0.00000000 0.00000000
vt 0.00000000 0.00000000
vt 0.00000000 0.00000000
vt 0.00000000 0.00000000
vt 0.00000000 0.00000000
vt 0.00000000 0.00000000
vt 0.00000000 0.00000000
vt 0.00000000 0.00000000
vt 0.00000000 0.00000000
vt 0.00000000 0.00000000
vt 0.00000000 0.00000000
vt 0.00000000 0.00000000
vt 0.00000000 0.00000000
vt 0.00000000 0.00000000
vt 0.00000000 0.00000000
vt 0.00000000 0.00000000
vt 0.00000000 0.00000000
vt 0.00000000 0.00000000
vt 0.00000000 0.00000000
vt 0.00000000 0.00000000
vt 0.00000000 0.00000000
vt 0.00000000 0.00000000
vt 0.00000000 0.00000000
vt 0.00000000 0.00000000
vt 0.00000000 0.00000000
vt 0.00000000 0.00000000
vt 0.00000000 0.00000000
vt 0.00000000 0.00000000
vt 0.00000000 0.00000000
vt 0.00000000 0.00000000
vt 0.00000000 0.00000000
vt 0.00000000 0.00000000
vt 0.00000000 0.00000000
vt 0.00000000 0.00000000
vt 0.00000000 0.00000000
vt 0.00000000 0.00000000
vt 0.00000000 0.00000000
vt 0.00000000 0.00000000
vt 0.00000000 0.00000000
vt 0.00000000 0.00000000
vt 0.00000000 0.00000000
vt 0.00000000 0.00000000
vt 0.00000000 0.00000000
vt 0.00000000 0.00000000
vt 0.00000000 0.00000000
vt 0.00000000 0.00000000
vt 0.00000000 0.00000000
vt 0.00000000 0.00000000
vt 0.00000000 0.00000000
vt 0.00000000 0.00000000
vt 0.00000000 0.00000000
vt 0.00000000 0.00000000
vt 0.00000000 0.00000000
vt 0.00000000 0.00000000
vt 0.00000000 0.00000000
vt 0.00000000 0.00000000
vt 0.00000000 0.00000000
vt 0.00000000 0.00000000
vt 0.00000000 0.00000000
vt 0.00000000 0.00000000
vt 0.00000000 0.00000000
vt 0.00000000 0.00000000
vt 0.00000000 0.00000000
vt 0.00000000 0.00000000
vt 0.00000000 0.00000000
vt 0.00000000 0.00000000
vt 0.00000000 0.00000000
vt 0.00000000 0.00000000
vt 0.00000000 0.00000000
vt 0.00000000 0.00000000
vt 0.00000000 0.00000000
vt 0.00000000 0.00000000
vt 0.00000000 0.00000000
vt 0.00000000 0.00000000
vt 0.00000000 0.00000000
vt 0.00000000 0.00000000
vt 0.00000000 0.00000000
vt 0.00000000 0.00000000
vt 0.00000000 0.00000000
vt 0.00000000 0.00000000
vt 0.00000000 0.00000000
vt 0.00000000 0.00000000
vt 0.00000000 0.00000000
vt 0.00000000 0.00000000
vt 0.00000000 0.00000000
vt 0.00000000 0.00000000
vt 0.00000000 0.00000000
vt 0.00000000 0.00000000
vt 0.00000000 0.00000000
vt 0.00000000 0.00000000
vt 0.00000000 0.00000000
vt 0.00000000 0.00000000
vt 0.00000000 0.00000000
vt 0.00000000 0.00000000
vt 0.00000000 0.00000000
vt 0.00000000 0.00000000
vt 0.00000000 0.00000000
vt 0.00000000 0.00000000
vt 0.00000000 0.00000000
vt 0.00000000 0.00000000
vt 0.00000000 0.00000000
vt 0.00000000 0.00000000
vt 0.00000000 0.00000000
vt 0.00000000 0.00000000
vt 0.00000000 0.00000000
vt 0.00000000 0.00000000
vt 0.00000000 0.00000000
vt 0.00000000 0.00000000
vt 0.00000000 0.00000000
vt 0.00000000 0.00000000
vt 0.00000000 0.00000000
vt 0.00000000 0.00000000
vt 0.00000000 0.00000000
vt 0.00000000 0.00000000
vt 0.00000000 0.00000000
vt 0.00000000 0.00000000
vt 0.00000000 0.00000000
vt 0.00000000 0.00000000
vt 0.00000000 0.00000000
vt 0.00000000 0.00000000
vt 0.00000000 0.00000000
vt 0.00000000 0.00000000
vt 0.00000000 0.00000000
vt 0.00000000 0.00000000
vt 0.00000000 0.00000000
vt 0.00000000 0.00000000
vt 0.00000000 0.00000000
vt 0.00000000 0.00000000
vt 0.00000000 0.00000000
vt 0.00000000 0.00000000
vt 0.00000000 0.00000000
vt 0.00000000 0.00000000
vt 0.00000000 0.00000000
vt 0.00000000 0.00000000
vt 0.00000000 0.00000000
vt 0.00000000 0.00000000
vt 0.00000000 0.00000000
vt 0.00000000 0.00000000
vt 0.00000000 0.00000000
vt 0.00000000 0.00000000
vt 0.00000000 0.00000000
vt 0.00000000 0.00000000
vt 0.00000000 0.00000000
vt 0.00000000 0.00000000
vt 0.00000000 0.00000000
vt 0.00000000 0.00000000
vt 0.00000000 0.00000000
vt 0.00000000 0.00000000
vt 0.00000000 0.00000000
vt 0.00000000 0.00000000
vt 0.00000000 0.00000000
vt 0.00000000 0.00000000
vt 0.00000000 0.00000000
vt 0.00000000 0.00000000
vt 0.00000000 0.00000000
vt 0.00000000 0.00000000
vt 0.00000000 0.00000000
vt 0.00000000 0.00000000
vt 0.00000000 0.00000000
vt 0.00000000 0.00000000
vt 0.00000000 0.00000000
vt 0.00000000 0.00000000
vt 0.00000000 0.00000000
vt 0.00000000 0.00000000
vt 0.00000000 0.00000000
vt 0.00000000 0.00000000
vt 0.00000000 0.00000000
vt 0.00000000 0.00000000
vt 0.00000000 0.00000000
vt 0.00000000 0.00000000
vt 0.00000000 0.00000000
vt 0.00000000 0.00000000
vt 0.00000000 0.00000000
vt 0.00000000 0.00000000
vt 0.00000000 0.00000000
vt 0.00000000 0.00000000
vt 0.00000000 0.00000000
vt 0.00000000 0.00000000
vt 0.00000000 0.00000000
vt 0.00000000 0.00000000
vt 0.00000000 0.00000000
vt 0.00000000 0.00000000
vt 0.00000000 0.00000000
vt 0.00000000 0.00000000
vt 0.00000000 0.00000000
vt 0.00000000 0.00000000
vt 0.00000000 0.00000000
vt 0.00000000 0.00000000
vt 0.00000000 0.00000000
vt 0.00000000 0.00000000
vt 0.00000000 0.00000000
vt 0.00000000 0.00000000
vt 0.00000000 0.00000000
vt 0.00000000 0.00000000
vt 0.00000000 0.00000000
vt 0.00000000 0.00000000
vt 0.00000000 0.00000000
vt 0.00000000 0.00000000
vt 0.00000000 0.00000000
vt 0.00000000 0.00000000
vt 0.00000000 0.00000000
vt 0.00000000 0.00000000
vt 0.00000000 0.00000000
vt 0.00000000 0.00000000
vt 0.00000000 0.00000000
vt 0.00000000 0.00000000
vt 0.00000000 0.00000000
vt 0.00000000 0.00000000
vt 0.00000000 0.00000000
vt 0.00000000 0.00000000
vt 0.00000000 0.00000000
vt 0.00000000 0.00000000
vt 0.00000000 0.00000000
vt 0.00000000 0.00000000
vt 0.00000000 0.00000000
vt 0.00000000 0.00000000
vt 0.00000000 0.00000000
vt 0.00000000 0.00000000
vt 0.00000000 0.00000000
vt 0.00000000 0.00000000
vt 0.00000000 0.00000000
vt 0.00000000 0.00000000
vt 0.00000000 0.00000000
vt 0.00000000 0.00000000
vt 0.00000000 0.00000000
vt 0.00000000 0.00000000
vt 0.00000000 0.00000000
vt 0.00000000 0.00000000
vt 0.00000000 0.00000000
vt 0.00000000 0.00000000
vt 0.00000000 0.00000000
vt 0.00000000 0.00000000
vt 0.00000000 0.00000000
vt 0.00000000 0.00000000
vt 0.00000000 0.00000000
vt 0.00000000 0.00000000
vt 0.00000000 0.00000000
vt 0.00000000 0.00000000
vt 0.00000000 0.00000000
vt 0.00000000 0.00000000
vt 0.00000000 0.00000000
vt 0.00000000 0.00000000
vt 0.00000000 0.00000000
vt 0.00000000 0.00000000
vt 0.00000000 0.00000000
vt 0.00000000 0.00000000
vt 0.00000000 0.00000000
vt 0.00000000 0.00000000
vt 0.00000000 0.00000000
vt 0.00000000 0.00000000
vt 0.00000000 0.00000000
vt 0.00000000 0.00000000
vt 0.00000000 0.00000000
vt 0.00000000 0.00000000
vt 0.00000000 0.00000000
vt 0.00000000 0.00000000
vt 0.00000000 0.00000000
vt 0.00000000 0.00000000
vt 0.00000000 0.00000000
vt 0.00000000 0.00000000
vt 0.00000000 0.00000000
vt 0.00000000 0.00000000
vt 0.00000000 0.00000000
vt 0.00000000 0.00000000
vt 0.00000000 0.00000000
vt 0.00000000 0.00000000
vt 0.00000000 0.00000000
vt 0.00000000 0.00000000
vt 0.00000000 0.00000000
vt 0.00000000 0.00000000
vt 0.00000000 0.00000000
vt 0.00000000 0.00000000
vt 0.00000000 0.00000000
vt 0.00000000 0.00000000
vt 0.00000000 0.00000000
vt 0.00000000 0.00000000
vt 0.00000000 0.00000000
vt 0.00000000 0.00000000
vt 0.00000000 0.00000000
vt 0.00000000 0.00000000
vt 0.00000000 0.00000000
vt 0.00000000 0.00000000
vt 0.00000000 0.00000000
vt 0.00000000 0.00000000
vt 0.00000000 0.00000000
vt 0.00000000 0.00000000
vt 0.00000000 0.00000000
vt 0.00000000 0.00000000
vt 0.00000000 0.00000000
vt 0.00000000 0.00000000
vt 0.00000000 0.00000000
vt 0.00000000 0.00000000
vt 0.00000000 0.00000000
vt 0.00000000 0.00000000
vt 0.00000000 0.00000000
vt 0.00000000 0.00000000
vt 0.00000000 0.00000000
vt 0.00000000 0.00000000
vt 0.00000000 0.00000000
vt 0.00000000 0.00000000
vt 0.00000000 0.00000000
vt 0.00000000 0.00000000
vt 0.00000000 0.00000000
vt 0.00000000 0.00000000
vt 0.00000000 0.00000000
vt 0.00000000 0.00000000
vt 0.00000000 0.00000000
vt 0.00000000 0.00000000
vt 0.00000000 0.00000000
vt 0.00000000 0.00000000
vt 0.00000000 0.00000000
vt 0.00000000 0.00000000
vt 0.00000000 0.00000000
vt 0.00000000 0.00000000
vt 0.00000000 0.00000000
vt 0.00000000 0.00000000
vt 0.00000000 0.00000000
vt 0.00000000 0.00000000
vt 0.00000000 0.00000000
vt 0.00000000 0.00000000
vt 0.00000000 0.00000000
vt 0.00000000 0.00000000
vt 0.00000000 0.00000000
vt 0.00000000 0.00000000
vt 0.00000000 0.00000000
vt 0.00000000 0.00000000
vt 0.00000000 0.00000000
vt 0.00000000 0.00000000
vt 0.00000000 0.00000000
vt 0.00000000 0.00000000
vt 0.00000000 0.00000000
vt 0.00000000 0.00000000
vt 0.00000000 0.00000000
vt 0.00000000 0.00000000
vt 0.00000000 0.00000000
vt 0.00000000 0.00000000
vt 0.00000000 0.00000000
vt 0.00000000 0.00000000
vt 0.00000000 0.00000000
vt 0.00000000 0.00000000
vt 0.00000000 0.00000000
vt 0.00000000 0.00000000
vt 0.00000000 0.00000000
vt 0.00000000 0.00000000
vt 0.00000000 0.00000000
vt 0.00000000 0.00000000
vt 0.00000000 0.00000000
vt 0.00000000 0.00000000
vt 0.00000000 0.00000000
vt 0.00000000 0.00000000
vt 0.00000000 0.00000000
vt 0.00000000 0.00000000
vt 0.00000000 0.00000000
vt 0.00000000 0.00000000
vt 0.00000000 0.00000000
vt 0.00000000 0.00000000
vt 0.00000000 0.00000000
vt 0.00000000 0.00000000
vt 0.00000000 0.00000000
vt 0.00000000 0.00000000
vt 0.00000000 0.00000000
vt 0.00000000 0.00000000
vt 0.00000000 0.00000000
vt 0.00000000 0.00000000
vt 0.00000000 0.00000000
vt 0.00000000 0.00000000
vt 0.00000000 0.00000000
vt 0.00000000 0.00000000
vt 0.00000000 0.00000000
vt 0.00000000 0.00000000
vt 0.00000000 0.00000000
vt 0.00000000 0.00000000
vt 0.00000000 0.00000000
vt 0.00000000 0.00000000
vt 0.00000000 0.00000000
vt 0.00000000 0.00000000
vt 0.00000000 0.00000000
vt 0.00000000 0.00000000
vt 0.00000000 0.00000000
vt 0.00000000 0.00000000
vt 0.00000000 0.00000000
vt 0.00000000 0.00000000
vt 0.00000000 0.00000000
vt 0.00000000 0.00000000
vt 0.00000000 0.00000000
vt 0.00000000 0.00000000
vt 0.00000000 0.00000000
vt 0.00000000 0.00000000
vt 0.00000000 0.00000000
vt 0.00000000 0.00000000
vt 0.00000000 0.00000000
vt 0.00000000 0.00000000
vt 0.00000000 0.00000000
vt 0.00000000 0.00000000
vt 0.00000000 0.00000000
vt 0.00000000 0.00000000
vt 0.00000000 0.00000000
vt 0.00000000 0.00000000
vt 0.00000000 0.00000000
vt 0.00000000 0.00000000
vt 0.00000000 0.00000000
vt 0.00000000 0.00000000
vt 0.00000000 0.00000000
vt 0.00000000 0.00000000
vt 0.00000000 0.00000000
vt 0.00000000 0.00000000
vt 0.00000000 0.00000000
vt 0.00000000 0.00000000
vt 0.00000000 0.00000000
vt 0.00000000 0.00000000
vt 0.00000000 0.00000000
vt 0.00000000 0.00000000
vt 0.00000000 0.00000000
vt 0.00000000 0.00000000
vt 0.00000000 0.00000000
vt 0.00000000 0.00000000
vt 0.00000000 0.00000000
vt 0.00000000 0.00000000
vt 0.00000000 0.00000000
vt 0.00000000 0.00000000
vt 0.00000000 0.00000000
vt 0.00000000 0.00000000
vt 0.00000000 0.00000000
vt 0.00000000 0.00000000
vt 0.00000000 0.00000000
vt 0.00000000 0.00000000
vt 0.00000000 0.00000000
vt 0.00000000 0.00000000
vt 0.00000000 0.00000000
vt 0.00000000 0.00000000
vt 0.00000000 0.00000000
vt 0.00000000 0.00000000
vt 0.00000000 0.00000000
vt 0.00000000 0.00000000
vt 0.00000000 0.00000000
vt 0.00000000 0.00000000
vt 0.00000000 0.00000000
vt 0.00000000 0.00000000
vt 0.00000000 0.00000000
vt 0.00000000 0.00000000
vt 0.00000000 0.00000000
vt 0.00000000 0.00000000
vt 0.00000000 0.00000000
vt 0.00000000 0.00000000
vt 0.00000000 0.00000000
vt 0.00000000 0.00000000
vt 0.00000000 0.00000000
vt 0.00000000 0.00000000
vt 0.00000000 0.00000000
vt 0.00000000 0.00000000
vt 0.00000000 0.00000000
vt 0.00000000 0.00000000
vt 0.00000000 0.00000000
vt 0.00000000 0.00000000
vt 0.00000000 0.00000000
vt 0.00000000 0.00000000
vt 0.00000000 0.00000000
vt 0.00000000 0.00000000
vt 0.00000000 0.00000000
vt 0.00000000 0.00000000
vt 0.00000000 0.00000000
vt 0.00000000 0.00000000
vt 0.00000000 0.00000000
vt 0.00000000 0.00000000
vt 0.00000000 0.00000000
vt 0.00000000 0.00000000
vt 0.00000000 0.00000000
vt 0.00000000 0.00000000
vt 0.00000000 0.00000000
vt 0.00000000 0.00000000
vt 0.00000000 0.00000000
vt 0.00000000 0.00000000
vt 0.00000000 0.00000000
vt 0.00000000 0.00000000
vt 0.00000000 0.00000000
vt 0.00000000 0.00000000
vt 0.00000000 0.00000000
vt 0.00000000 0.00000000
vt 0.00000000 0.00000000
vt 0.00000000 0.00000000
vt 0.00000000 0.00000000
vt 0.00000000 0.00000000
vt 0.00000000 0.00000000
vt 0.00000000 0.00000000
vt 0.00000000 0.00000000
vt 0.00000000 0.00000000
vt 0.00000000 0.00000000
vt 0.00000000 0.00000000
vt 0.00000000 0.00000000
vt 0.00000000 0.00000000
vt 0.00000000 0.00000000
vt 0.00000000 0.00000000
vt 0.00000000 0.00000000
vt 0.00000000 0.00000000
vt 0.00000000 0.00000000
vt 0.00000000 0.00000000
vt 0.00000000 0.00000000
vt 0.00000000 0.00000000
vt 0.00000000 0.00000000
vt 0.00000000 0.00000000
vt 0.00000000 0.00000000
vt 0.00000000 0.00000000
vt 0.00000000 0.00000000
vt 0.00000000 0.00000000
vt 0.00000000 0.00000000
vt 0.00000000 0.00000000
vt 0.00000000 0.00000000
vt 0.00000000 0.00000000
vt 0.00000000 0.00000000
vt 0.00000000 0.00000000
vt 0.00000000 0.00000000
vt 0.00000000 0.00000000
vt 0.00000000 0.00000000
vt 0.00000000 0.00000000
vt 0.00000000 0.00000000
vt 0.00000000 0.00000000
vt 0.00000000 0.00000000
vt 0.00000000 0.00000000
vt 0.00000000 0.00000000
vt 0.00000000 0.00000000
vt 0.00000000 0.00000000
vt 0.00000000 0.00000000
vt 0.00000000 0.00000000
vt 0.00000000 0.00000000
vt 0.00000000 0.00000000
vt 0.00000000 0.00000000
vt 0.00000000 0.00000000
vt 0.00000000 0.00000000
vt 0.00000000 0.00000000
vt 0.00000000 0.00000000
vt 0.00000000 0.00000000
vt 0.00000000 0.00000000
vt 0.00000000 0.00000000
vt 0.00000000 0.00000000
vt 0.00000000 0.00000000
vt 0.00000000 0.00000000
vt 0.00000000 0.00000000
vt 0.00000000 0.00000000
vt 0.00000000 0.00000000
vt 0.00000000 0.00000000
vt 0.00000000 0.00000000
vt 0.00000000 0.00000000
vt 0.00000000 0.00000000
vt 0.00000000 0.00000000
vt 0.00000000 0.00000000
vt 0.00000000 0.00000000
vt 0.00000000 0.00000000
vt 0.00000000 0.00000000
vt 0.00000000 0.00000000
vt 0.00000000 0.00000000
vt 0.00000000 0.00000000
vt 0.00000000 0.00000000
vt 0.00000000 0.00000000
vt 0.00000000 0.00000000
vt 0.00000000 0.00000000
vt 0.00000000 0.00000000
vt 0.00000000 0.00000000
vt 0.00000000 0.00000000
vt 0.00000000 0.00000000
vt 0.00000000 0.00000000
vt 0.00000000 0.00000000
vt 0.00000000 0.00000000
vt 0.00000000 0.00000000
vt 0.00000000 0.00000000
vt 0.00000000 0.00000000
vt 0.00000000 0.00000000
vt 0.00000000 0.00000000
vt 0.00000000 0.00000000
vt 0.00000000 0.00000000
vt 0.00000000 0.00000000
vt 0.00000000 0.00000000
vt 0.00000000 0.00000000
vt 0.00000000 0.00000000
vt 0.00000000 0.00000000
vt 0.00000000 0.00000000
vt 0.00000000 0.00000000
vt 0.00000000 0.00000000
vt 0.00000000 0.00000000
vt 0.00000000 0.00000000
vt 0.00000000 0.00000000
vt 0.00000000 0.00000000
vt 0.00000000 0.00000000
vt 0.00000000 0.00000000
vt 0.00000000 0.00000000
vt 0.00000000 0.00000000
vt 0.00000000 0.00000000
vt 0.00000000 0.00000000
vt 0.00000000 0.00000000
vt 0.00000000 0.00000000
vt 0.00000000 0.00000000
vt 0.00000000 0.00000000
vt 0.00000000 0.00000000
vt 0.00000000 0.00000000
vt 0.00000000 0.00000000
vt 0.00000000 0.00000000
vt 0.00000000 0.00000000
vt 0.00000000 0.00000000
vt 0.00000000 0.00000000
vt 0.00000000 0.00000000
vt 0.00000000 0.00000000
vt 0.00000000 0.00000000
vt 0.00000000 0.00000000
vt 0.00000000 0.00000000
vt 0.00000000 0.00000000
vt 0.00000000 0.00000000
vt 0.00000000 0.00000000
vt 0.00000000 0.00000000
vt 0.00000000 0.00000000
vt 0.00000000 0.00000000
vt 0.00000000 0.00000000
vt 0.00000000 0.00000000
vt 0.00000000 0.00000000
vt 0.00000000 0.00000000
vt 0.00000000 0.00000000
vt 0.00000000 0.00000000
vt 0.00000000 0.00000000
vt 0.00000000 0.00000000
vt 0.00000000 0.00000000
vt 0.00000000 0.00000000
vt 0.00000000 0.00000000
vt 0.00000000 0.00000000
vt 0.00000000 0.00000000
vt 0.00000000 0.00000000
vt 0.00000000 0.00000000
vt 0.00000000 0.00000000
vt 0.00000000 0.00000000
vt 0.00000000 0.00000000
vt 0.00000000 0.00000000
vt 0.00000000 0.00000000
vt 0.00000000 0.00000000
vt 0.00000000 0.00000000
vt 0.00000000 0.00000000
vt 0.00000000 0.00000000
vt 0.00000000 0.00000000
vt 0.00000000 0.00000000
vt 0.00000000 0.00000000
vt 0.00000000 0.00000000
vt 0.00000000 0.00000000
vt 0.00000000 0.00000000
vt 0.00000000 0.00000000
vt 0.00000000 0.00000000
vt 0.00000000 0.00000000
vt 0.00000000 0.00000000
vt 0.00000000 0.00000000
vt 0.00000000 0.00000000
vt 0.00000000 0.00000000
vt 0.00000000 0.00000000
vt 0.00000000 0.00000000
vt 0.00000000 0.00000000
vt 0.00000000 0.00000000
vt 0.00000000 0.00000000
vt 0.00000000 0.00000000
vt 0.00000000 0.00000000
vt 0.00000000 0.00000000
vt 0.00000000 0.00000000
vt 0.00000000 0.00000000
vt 0.00000000 0.00000000
vt 0.00000000 0.00000000
vt 0.00000000 0.00000000
vt 0.00000000 0.00000000
vt 0.00000000 0.00000000
vt 0.00000000 0.00000000
vt 0.00000000 0.00000000
vt 0.00000000 0.00000000
vt 0.00000000 0.00000000
vt 0.00000000 0.00000000
vt 0.00000000 0.00000000
vt 0.00000000 0.00000000
vt 0.00000000 0.00000000
vt 0.00000000 0.00000000
vt 0.00000000 0.00000000
vt 0.00000000 0.00000000
vt 0.00000000 0.00000000
vt 0.00000000 0.00000000
vt 0.00000000 0.00000000
vt 0.00000000 0.00000000
vt 0.00000000 0.00000000
vt 0.00000000 0.00000000
vt 0.00000000 0.00000000
vt 0.00000000 0.00000000
vt 0.00000000 0.00000000
vt 0.00000000 0.00000000
vt 0.00000000 0.00000000
vt 0.00000000 0.00000000
vt 0.00000000 0.00000000
vt 0.00000000 0.00000000
vt 0.00000000 0.00000000
vt 0.00000000 0.00000000
vt 0.00000000 0.00000000
vt 0.00000000 0.00000000
vt 0.00000000 0.00000000
vt 0.00000000 0.00000000
vt 0.00000000 0.00000000
vt 0.00000000 0.00000000
vt 0.00000000 0.00000000
vt 0.00000000 0.00000000
vt 0.00000000 0.00000000
vt 0.00000000 0.00000000
vt 0.00000000 0.00000000
vt 0.00000000 0.00000000
vt 0.00000000 0.00000000
vt 0.00000000 0.00000000
vt 0.00000000 0.00000000
vt 0.00000000 0.00000000
vt 0.00000000 0.00000000
vt 0.00000000 0.00000000
vt 0.00000000 0.00000000
vt 0.00000000 0.00000000
vt 0.00000000 0.00000000
vt 0.00000000 0.00000000
vt 0.00000000 0.00000000
vt 0.00000000 0.00000000
vt 0.00000000 0.00000000
vt 0.00000000 0.00000000
vt 0.00000000 0.00000000
vt 0.00000000 0.00000000
vt 0.00000000 0.00000000
vt 0.00000000 0.00000000
vt 0.00000000 0.00000000
vt 0.00000000 0.00000000
vt 0.00000000 0.00000000
vt 0.00000000 0.00000000
vt 0.00000000 0.00000000
vt 0.00000000 0.00000000
vt 0.00000000 0.00000000
vt 0.00000000 0.00000000
vt 0.00000000 0.00000000
vt 0.00000000 0.00000000
vt 0.00000000 0.00000000
vt 0.00000000 0.00000000
vt 0.00000000 0.00000000
vt 0.00000000 0.00000000
vt 0.00000000 0.00000000
vt 0.00000000 0.00000000
vt 0.00000000 0.00000000
vt 0.00000000 0.00000000
vt 0.00000000 0.00000000
vt 0.00000000 0.00000000
vt 0.00000000 0.00000000
vt 0.00000000 0.00000000
vt 0.00000000 0.00000000
vt 0.00000000 0.00000000
vt 0.00000000 0.00000000
vt 0.00000000 0.00000000
vt 0.00000000 0.00000000
vt 0.00000000 0.00000000
vt 0.00000000 0.00000000
vt 0.00000000 0.00000000
vt 0.00000000 0.00000000
vt 0.00000000 0.00000000
vt 0.00000000 0.00000000
vt 0.00000000 0.00000000
vt 0.00000000 0.00000000
vt 0.00000000 0.00000000
vt 0.00000000 0.00000000
vt 0.00000000 0.00000000
vt 0.00000000 0.00000000
vt 0.00000000 0.00000000
vt 0.00000000 0.00000000
vt 0.00000000 0.00000000
vt 0.00000000 0.00000000
vt 0.00000000 0.00000000
vt 0.00000000 0.00000000
vt 0.00000000 0.00000000
vt 0.00000000 0.00000000
vt 0.00000000 0.00000000
vt 0.00000000 0.00000000
vt 0.00000000 0.00000000
vt 0.00000000 0.00000000
vt 0.00000000 0.00000000
vt 0.00000000 0.00000000
vt 0.00000000 0.00000000
vt 0.00000000 0.00000000
vt 0.00000000 0.00000000
vt 0.00000000 0.00000000
vt 0.00000000 0.00000000
vt 0.00000000 0.00000000
vt 0.00000000 0.00000000
vt 0.00000000 0.00000000
vt 0.00000000 0.00000000
vt 0.00000000 0.00000000
vt 0.00000000 0.00000000
vt 0.00000000 0.00000000
vt 0.00000000 0.00000000
vt 0.00000000 0.00000000
vt 0.00000000 0.00000000
vt 0.00000000 0.00000000
vt 0.00000000 0.00000000
vt 0.00000000 0.00000000
vt 0.00000000 0.00000000
vt 0.00000000 0.00000000
vt 0.00000000 0.00000000
vt 0.00000000 0.00000000
vt 0.00000000 0.00000000
vt 0.00000000 0.00000000
vt 0.00000000 0.00000000
vt 0.00000000 0.00000000
vt 0.00000000 0.00000000
vt 0.00000000 0.00000000
vt 0.00000000 0.00000000
vt 0.00000000 0.00000000
vt 0.00000000 0.00000000
vt 0.00000000 0.00000000
vt 0.00000000 0.00000000
vt 0.00000000 0.00000000
vt 0.00000000 0.00000000
vt 0.00000000 0.00000000
vt 0.00000000 0.00000000
vt 0.00000000 0.00000000
vt 0.00000000 0.00000000
vt 0.00000000 0.00000000
vt 0.00000000 0.00000000
vt 0.00000000 0.00000000
vt 0.00000000 0.00000000
vt 0.00000000 0.00000000
vt 0.00000000 0.00000000
vt 0.00000000 0.00000000
vt 0.00000000 0.00000000
vt 0.00000000 0.00000000
vt 0.00000000 0.00000000
vt 0.00000000 0.00000000
vt 0.00000000 0.00000000
vt 0.00000000 0.00000000
vt 0.00000000 0.00000000
vt 0.00000000 0.00000000
vt 0.00000000 0.00000000
vt 0.00000000 0.00000000
vt 0.00000000 0.00000000
vt 0.00000000 0.00000000
vt 0.00000000 0.00000000
vt 0.00000000 0.00000000
vt 0.00000000 0.00000000
vt 0.00000000 0.00000000
vt 0.00000000 0.00000000
vt 0.00000000 0.00000000
vt 0.00000000 0.00000000
vt 0.00000000 0.00000000
vt 0.00000000 0.00000000
vt 0.00000000 0.00000000
vt 0.00000000 0.00000000
vt 0.00000000 0.00000000
vt 0.00000000 0.00000000
vt 0.00000000 0.00000000
vt 0.00000000 0.00000000
vt 0.00000000 0.00000000
vt 0.00000000 0.00000000
vt 0.00000000 0.00000000
vt 0.00000000 0.00000000
vt 0.00000000 0.00000000
vt 0.00000000 0.00000000
vt 0.00000000 0.00000000
vt 0.00000000 0.00000000
vt 0.00000000 0.00000000
vt 0.00000000 0.00000000
vt 0.00000000 0.00000000
vt 0.00000000 0.00000000
vt 0.00000000 0.00000000
vt 0.00000000 0.00000000
vt 0.00000000 0.00000000
vt 0.00000000 0.00000000
vt 0.00000000 0.00000000
vt 0.00000000 0.00000000
vt 0.00000000 0.00000000
vt 0.00000000 0.00000000
vt 0.00000000 0.00000000
vt 0.00000000 0.00000000
vt 0.00000000 0.00000000
vt 0.00000000 0.00000000
vt 0.00000000 0.00000000
vt 0.00000000 0.00000000
vt 0.00000000 0.00000000
vt 0.00000000 0.00000000
vt 0.00000000 0.00000000
vt 0.00000000 0.00000000
vt 0.00000000 0.00000000
vt 0.00000000 0.00000000
vt 0.00000000 0.00000000
vt 0.00000000 0.00000000
vt 0.00000000 0.00000000
vt 0.00000000 0.00000000
vt 0.00000000 0.00000000
vt 0.00000000 0.00000000
vt 0.00000000 0.00000000
vt 0.00000000 0.00000000
vt 0.00000000 0.00000000
vt 0.00000000 0.00000000
vt 0.00000000 0.00000000
vt 0.00000000 0.00000000
vt 0.00000000 0.00000000
vt 0.00000000 0.00000000
vt 0.00000000 0.00000000
vt 0.00000000 0.00000000
vt 0.00000000 0.00000000
vt 0.00000000 0.00000000
vt 0.00000000 0.00000000
vt 0.00000000 0.00000000
vt 0.00000000 0.00000000
vt 0.00000000 0.00000000
vt 0.00000000 0.00000000
vt 0.00000000 0.00000000
vt 0.00000000 0.00000000
vt 0.00000000 0.00000000
vt 0.00000000 0.00000000
vt 0.00000000 0.00000000
vt 0.00000000 0.00000000
vt 0.00000000 0.00000000
vt 0.00000000 0.00000000
vt 0.00000000 0.00000000
vt 0.00000000 0.00000000
vt 0.00000000 0.00000000
vt 0.00000000 0.00000000
vt 0.00000000 0.00000000
vt 0.00000000 0.00000000
vt 0.00000000 0.00000000
vt 0.00000000 0.00000000
vt 0.00000000 0.00000000
vt 0.00000000 0.00000000
vt 0.00000000 0.00000000
vt 0.00000000 0.00000000
vt 0.00000000 0.00000000
vt 0.00000000 0.00000000
vt 0.00000000 0.00000000
vt 0.00000000 0.00000000
vt 0.00000000 0.00000000
vt 0.00000000 0.00000000
vt 0.00000000 0.00000000
vt 0.00000000 0.00000000
vt 0.00000000 0.00000000
vt 0.00000000 0.00000000
vt 0.00000000 0.00000000
vt 0.00000000 0.00000000
vt 0.00000000 0.00000000
vt 0.00000000 0.00000000
vt 0.00000000 0.00000000
vt 0.00000000 0.00000000
vt 0.00000000 0.00000000
vt 0.00000000 0.00000000
vt 0.00000000 0.00000000
vt 0.00000000 0.00000000
vt 0.00000000 0.00000000
vt 0.00000000 0.00000000
vt 0.00000000 0.00000000
vt 0.00000000 0.00000000
vt 0.00000000 0.00000000
vt 0.00000000 0.00000000
vt 0.00000000 0.00000000
vt 0.00000000 0.00000000
vt 0.00000000 0.00000000
vt 0.00000000 0.00000000
vt 0.00000000 0.00000000
vt 0.00000000 0.00000000
vt 0.00000000 0.00000000
vt 0.00000000 0.00000000
vt 0.00000000 0.00000000
vt 0.00000000 0.00000000
vt 0.00000000 0.00000000
vt 0.00000000 0.00000000
vt 0.00000000 0.00000000
vt 0.00000000 0.00000000
vt 0.00000000 0.00000000
vt 0.00000000 0.00000000
vt 0.00000000 0.00000000
vt 0.00000000 0.00000000
vt 0.00000000 0.00000000
vt 0.00000000 0.00000000
vt 0.00000000 0.00000000
vt 0.00000000 0.00000000
vt 0.00000000 0.00000000
vt 0.00000000 0.00000000
vt 0.00000000 0.00000000
vt 0.00000000 0.00000000
vt 0.00000000 0.00000000
vt 0.00000000 0.00000000
vt 0.00000000 0.00000000
vt 0.00000000 0.00000000
vt 0.00000000 0.00000000
vt 0.00000000 0.00000000
vt 0.00000000 0.00000000
vt 0.00000000 0.00000000
vt 0.00000000 0.00000000
vt 0.00000000 0.00000000
vt 0.00000000 0.00000000
vt 0.00000000 0.00000000
vt 0.00000000 0.00000000
vt 0.00000000 0.00000000
vt 0.00000000 0.00000000
vt 0.00000000 0.00000000
vt 0.00000000 0.00000000
vt 0.00000000 0.00000000
vt 0.00000000 0.00000000
vt 0.00000000 0.00000000
vt 0.00000000 0.00000000
vt 0.00000000 0.00000000
vt 0.00000000 0.00000000
vt 0.00000000 0.00000000
vt 0.00000000 0.00000000
vt 0.00000000 0.00000000
vt 0.00000000 0.00000000
vt 0.00000000 0.00000000
vt 0.00000000 0.00000000
vt 0.00000000 0.00000000
vt 0.00000000 0.00000000
vt 0.00000000 0.00000000
vt 0.00000000 0.00000000
vt 0.00000000 0.00000000
vt 0.00000000 0.00000000
vt 0.00000000 0.00000000
vt 0.00000000 0.00000000
vt 0.00000000 0.00000000
vt 0.00000000 0.00000000
vt 0.00000000 0.00000000
vt 0.00000000 0.00000000
vt 0.00000000 0.00000000
vt 0.00000000 0.00000000
vt 0.00000000 0.00000000
vt 0.00000000 0.00000000
vt 0.00000000 0.00000000
vt 0.00000000 0.00000000
vt 0.00000000 0.00000000
vt 0.00000000 0.00000000
vt 0.00000000 0.00000000
vt 0.00000000 0.00000000
vt 0.00000000 0.00000000
vt 0.00000000 0.00000000
vt 0.00000000 0.00000000
vt 0.00000000 0.00000000
vt 0.00000000 0.00000000
vt 0.00000000 0.00000000
vt 0.00000000 0.00000000
vt 0.00000000 0.00000000
vt 0.00000000 0.00000000
vt 0.00000000 0.00000000
vt 0.00000000 0.00000000
vt 0.00000000 0.00000000
vt 0.00000000 0.00000000
vt 0.00000000 0.00000000
vt 0.00000000 0.00000000
vt 0.00000000 0.00000000
vt 0.00000000 0.00000000
vt 0.00000000 0.00000000
vt 0.00000000 0.00000000
vt 0.00000000 0.00000000
vt 0.00000000 0.00000000
vt 0.00000000 0.00000000
vt 0.00000000 0.00000000
vt 0.00000000 0.00000000
vt 0.00000000 0.00000000
vt 0.00000000 0.00000000
vt 0.00000000 0.00000000
vt 0.00000000 0.00000000
vt 0.00000000 0.00000000
vt 0.00000000 0.00000000
vt 0.00000000 0.00000000
vt 0.00000000 0.00000000
vt 0.00000000 0.00000000
vt 0.00000000 0.00000000
vt 0.00000000 0.00000000
vt 0.00000000 0.00000000
vt 0.00000000 0.00000000
vt 0.00000000 0.00000000
vt 0.00000000 0.00000000
vt 0.00000000 0.00000000
vt 0.00000000 0.00000000
vt 0.00000000 0.00000000
vt 0.00000000 0.00000000
vt 0.00000000 0.00000000
vt 0.00000000 0.00000000
vt 0.00000000 0.00000000
vt 0.00000000 0.00000000
vt 0.00000000 0.00000000
vt 0.00000000 0.00000000
vt 0.00000000 0.00000000
vt 0.00000000 0.00000000
vt 0.00000000 0.00000000
vt 0.00000000 0.00000000
vt 0.00000000 0.00000000
vt 0.00000000 0.00000000
vt 0.00000000 0.00000000
vt 0.00000000 0.00000000
vt 0.00000000 0.00000000
vt 0.00000000 0.00000000
vt 0.00000000 0.00000000
vt 0.00000000 0.00000000
vt 0.00000000 0.00000000
vt 0.00000000 0.00000000
vt 0.00000000 0.00000000
vt 0.00000000 0.00000000
vt 0.00000000 0.00000000
vt 0.00000000 0.00000000
vt 0.00000000 0.00000000
vt 0.00000000 0.00000000
vt 0.00000000 0.00000000
vt 0.00000000 0.00000000
vt 0.00000000 0.00000000
vt 0.00000000 0.00000000
vt 0.00000000 0.00000000
vt 0.00000000 0.00000000
vt 0.00000000 0.00000000
f 1/1 2/2 3/3
f 3/3 2/2 4/4
f 5/5 6/6 7/7
f 7/7 6/6 8/8
f 7/7 8/8 9/9
f 9/9 8/8 10/10
f 9/9 10/10 11/11
f 11/11 10/10 12/12
f 11/11 12/12 13/13
f 13/13 12/12 14/14
f 13/13 14/14 15/15
f 15/15 14/14 16/16
f 15/15 16/16 17/17
f 17/17 16/16 18/18
f 17/17 18/18 19/19
f 19/19 18/18 20/20
f 19/19 20/20 21/21
f 21/21 20/20 22/22
f 21/21 22/22 23/23
f 23/23 22/22 24/24
f 23/23 24/24 25/25
f 25/25 24/24 26/26
f 25/25 26/26 27/27
f 27/27 26/26 28/28
f 27/27 28/28 29/29
f 29/29 28/28 30/30
f 29/29 30/30 31/31
f 31/31 30/30 32/32
f 31/31 32/32 33/33
f 33/33 32/32 34/34
f 33/33 34/34 35/35
f 35/35 34/34 36/36
f 35/35 36/36 37/37
f 37/37 36/36 38/38
f 37/37 38/38 39/39
f 39/39 38/38 40/40
f 39/39 40/40 41/41
f 41/41 40/40 42/42
f 41/41 42/42 43/43
f 43/43 42/42 44/44
f 43/43 44/44 45/45
f 45/45 44/44 46/46
f 45/45 46/46 47/47
f 47/47 46/46 48/48
f 47/47 48/48 49/49
f 49/49 48/48 50/50
f 49/49 50/50 51/51
f 51/51 50/50 52/52
f 51/51 52/52 53/53
f 53/53 52/52 54/54
f 53/53 54/54 55/55
f 55/55 54/54 56/56
f 55/55 56/56 57/57
f 57/57 56/56 58/58
f 57/57 58/58 59/59
f 59/59 58/58 60/60
f 59/59 60/60 61/61
f 61/61 60/60 62/62
f 61/61 62/62 63/63
f 63/63 62/62 64/64
f 63/63 64/64 65/65
f 65/65 64/64 66/66
f 65/65 66/66 67/67
f 67/67 66/66 68/68
f 67/67 68/68 69/69
f 69/69 68/68 70/70
f 69/69 70/70 71/71
f 71/71 70/70 72/72
f 71/71 72/72 73/73
f 73/73 72/72 74/74
f 73/73 74/74 75/75
f 75/75 74/74 76/76
f 75/75 76/76 77/77
f 77/77 76/76 78/78
f 77/77 78/78 79/79
f 79/79 78/78 80/80
f 79/79 80/80 81/81
f 81/81 80/80 82/82
f 81/81 82/82 1/1
f 1/1 82/82 2/2
f 83/83 84/84 85/85
f 85/85 84/84 86/86
f 87/87 88/88 89/89
f 89/89 88/88 90/90
f 89/89 90/90 91/91
f 91/91 90/90 92/92
f 91/91 92/92 93/93
f 93/93 92/92 4/4
f 93/93 4/4 2/2
f 84/84 83/83 94/94
f 94/94 83/83 95/95
f 94/94 95/95 96/96
f 96/96 95/95 97/97
f 96/96 97/97 98/98
f 98/98 97/97 99/99
f 98/98 99/99 100/100
f 100/100 99/99 101/101
f 100/100 101/101 102/102
f 102/102 101/101 103/103
f 102/102 103/103 104/104
f 104/104 103/103 105/105
f 104/104 105/105 106/106
f 106/106 105/105 107/107
f 106/106 107/107 108/108
f 108/108 107/107 109/109
f 108/108 109/109 110/110
f 110/110 109/109 111/111
f 110/110 111/111 112/112
f 112/112 111/111 113/113
f 112/112 113/113 114/114
f 114/114 113/113 115/115
f 114/114 115/115 116/116
f 116/116 115/115 117/117
f 116/116 117/117 118/118
f 118/118 117/117 119/119
f 118/118 119/119 120/120
f 120/120 119/119 121/121
f 120/120 121/121 122/122
f 122/122 121/121 123/123
f 122/122 123/123 124/124
f 124/124 123/123 125/125
f 124/124 125/125 126/126
f 126/126 125/125 127/127
f 126/126 127/127 128/128
f 128/128 127/127 129/129
f 128/128 129/129 130/130
f 130/130 129/129 131/131
f 130/130 131/131 132/132
f 132/132 131/131 133/133
f 132/132 133/133 134/134
f 134/134 133/133 135/135
f 134/134 135/135 136/136
f 136/136 135/135 137/137
f 136/136 137/137 138/138
f 138/138 137/137 139/139
f 138/138 139/139 140/140
f 140/140 139/139 141/141
f 140/140 141/141 142/142
f 142/142 141/141 143/143
f 142/142 143/143 144/144
f 144/144 143/143 145/145
f 144/144 145/145 146/146
f 146/146 145/145 147/147
f 146/146 147/147 148/148
f 148/148 147/147 149/149
f 148/148 149/149 150/150
f 150/150 149/149 151/151
f 150/150 151/151 152/152
f 152/152 151/151 153/153
f 152/152 153/153 154/154
f 154/154 153/153 155/155
f 154/154 155/155 156/156
f 156/156 155/155 157/157
f 156/156 157/157 158/158
f 158/158 157/157 159/159
f 158/158 159/159 160/160
f 160/160 159/159 161/161
f 160/160 161/161 162/162
f 162/162 161/161 163/163
f 162/162 163/163 164/164
f 164/164 163/163 165/165
f 164/164 165/165 166/166
f 166/166 165/165 167/167
f 166/166 167/167 89/89
f 89/89 167/167 87/87
f 6/6 168/168 8/8
f 8/8 168/168 169/169
f 8/8 169/169 10/10
f 10/10 169/169 170/170
f 10/10 170/170 12/12
f 12/12 170/170 171/171
f 12/12 171/171 14/14
f 14/14 171/171 172/172
f 14/14 172/172 16/16
f 16/16 172/172 173/173
f 16/16 173/173 18/18
f 18/18 173/173 174/174
f 18/18 174/174 20/20
f 20/20 174/174 175/175
f 20/20 175/175 22/22
f 22/22 175/175 176/176
f 22/22 176/176 24/24
f 24/24 176/176 177/177
f 24/24 177/177 26/26
f 26/26 177/177 178/178
f 26/26 178/178 28/28
f 28/28 178/178 179/179
f 28/28 179/179 30/30
f 30/30 179/179 180/180
f 30/30 180/180 32/32
f 32/32 180/180 181/181
f 32/32 181/181 34/34
f 34/34 181/181 182/182
f 34/34 182/182 36/36
f 36/36 182/182 183/183
f 36/36 183/183 38/38
f 38/38 183/183 184/184
f 38/38 184/184 40/40
f 40/40 184/184 185/185
f 40/40 185/185 42/42
f 42/42 185/185 186/186
f 42/42 186/186 44/44
f 44/44 186/186 187/187
f 44/44 187/187 46/46
f 46/46 187/187 188/188
f 46/46 188/188 48/48
f 48/48 188/188 189/189
f 48/48 189/189 50/50
f 50/50 189/189 190/190
f 50/50 190/190 52/52
f 52/52 190/190 191/191
f 52/52 191/191 54/54
f 54/54 191/191 192/192
f 54/54 192/192 56/56
f 56/56 192/192 193/193
f 56/56 193/193 58/58
f 58/58 193/193 194/194
f 58/58 194/194 60/60
f 60/60 194/194 195/195
f 60/60 195/195 62/62
f 62/62 195/195 196/196
f 62/62 196/196 64/64
f 64/64 196/196 197/197
f 64/64 197/197 66/66
f 66/66 197/197 198/198
f 66/66 198/198 68/68
f 68/68 198/198 199/199
f 68/68 199/199 70/70
f 70/70 199/199 200/200
f 70/70 200/200 72/72
f 72/72 200/200 201/201
f 72/72 201/201 74/74
f 74/74 201/201 202/202
f 74/74 202/202 76/76
f 76/76 202/202 203/203
f 76/76 203/203 78/78
f 78/78 203/203 204/204
f 78/78 204/204 80/80
f 80/80 204/204 205/205
f 80/80 205/205 82/82
f 82/82 205/205 206/206
f 82/82 206/206 2/2
f 2/2 206/206 93/93
f 168/168 207/207 169/169
f 169/169 207/207 208/208
f 169/169 208/208 170/170
f 170/170 208/208 209/209
f 170/170 209/209 210/210
f 170/170 210/210 171/171
f 171/171 210/210 211/211
f 171/171 211/211 172/172
f 172/172 211/211 212/212
f 172/172 212/212 173/173
f 173/173 212/212 213/213
f 173/173 213/213 174/174
f 174/174 213/213 214/214
f 174/174 214/214 175/175
f 175/175 214/214 215/215
f 175/175 215/215 176/176
f 176/176 215/215 216/216
f 176/176 216/216 177/177
f 177/177 216/216 217/217
f 177/177 217/217 178/178
f 178/178 217/217 218/218
f 178/178 218/218 179/179
f 179/179 218/218 219/219
f 179/179 219/219 180/180
f 180/180 219/219 220/220
f 180/180 220/220 181/181
f 181/181 220/220 221/221
f 181/181 221/221 182/182
f 182/182 221/221 222/222
f 182/182 222/222 183/183
f 183/183 222/222 223/223
f 183/183 223/223 184/184
f 184/184 223/223 224/224
f 184/184 224/224 185/185
f 185/185 224/224 225/225
f 185/185 225/225 186/186
f 186/186 225/225 226/226
f 186/186 226/226 187/187
f 187/187 226/226 227/227
f 187/187 227/227 188/188
f 188/188 227/227 228/228
f 188/188 228/228 189/189
f 189/189 228/228 229/229
f 189/189 229/229 190/190
f 190/190 229/229 230/230
f 190/190 230/230 191/191
f 191/191 230/230 231/231
f 191/191 231/231 192/192
f 192/192 231/231 232/232
f 192/192 232/232 193/193
f 193/193 232/232 233/233
f 193/193 233/233 194/194
f 194/194 233/233 234/234
f 194/194 234/234 195/195
f 195/195 234/234 235/235
f 195/195 235/235 196/196
f 196/196 235/235 236/236
f 196/196 236/236 197/197
f 197/197 236/236 237/237
f 197/197 237/237 198/198
f 198/198 237/237 238/238
f 198/198 238/238 199/199
f 199/199 238/238 239/239
f 199/199 239/239 200/200
f 200/200 239/239 240/240
f 200/200 240/240 201/201
f 201/201 240/240 241/241
f 201/201 241/241 202/202
f 202/202 241/241 242/242
f 202/202 242/242 203/203
f 203/203 242/242 243/243
f 203/203 243/243 204/204
f 204/204 243/243 244/244
f 204/204 244/244 205/205
f 205/205 244/244 245/245
f 205/205 245/245 206/206
f 206/206 245/245 93/93
f 93/93 245/245 91/91
f 207/207 86/86 208/208
f 208/208 86/86 84/84
f 208/208 84/84 209/209
f 209/209 84/84 94/94
f 209/209 94/94 210/210
f 210/210 94/94 96/96
f 210/210 96/96 211/211
f 211/211 96/96 98/98
f 211/211 98/98 212/212
f 212/212 98/98 100/100
f 212/212 100/100 213/213
f 213/213 100/100 102/102
f 213/213 102/102 214/214
f 214/214 102/102 104/104
f 214/214 104/104 215/215
f 215/215 104/104 106/106
f 215/215 106/106 216/216
f 216/216 106/106 108/108
f 216/216 108/108 217/217
f 217/217 108/108 110/110
f 217/217 110/110 218/218
f 218/218 110/110 112/112
f 218/218 112/112 219/219
f 219/219 112/112 114/114
f 219/219 114/114 220/220
f 220/220 114/114 116/116
f 220/220 116/116 221/221
f 221/221 116/116 118/118
f 221/221 118/118 222/222
f 222/222 118/118 120/120
f 222/222 120/120 223/223
f 223/223 120/120 122/122
f 223/223 122/122 224/224
f 224/224 122/122 124/124
f 224/224 124/124 225/225
f 225/225 124/124 126/126
f 225/225 126/126 226/226
f 226/226 126/126 128/128
f 226/226 128/128 227/227
f 227/227 128/128 130/130
f 227/227 130/130 228/228
f 228/228 130/130 132/132
f 228/228 132/132 229/229
f 229/229 132/132 134/134
f 229/229 134/134 230/230
f 230/230 134/134 136/136
f 230/230 136/136 231/231
f 231/231 136/136 138/138
f 231/231 138/138 232/232
f 232/232 138/138 140/140
f 232/232 140/140 233/233
f 233/233 140/140 142/142
f 233/233 142/142 234/234
f 234/234 142/142 144/144
f 234/234 144/144 235/235
f 235/235 144/144 146/146
f 235/235 146/146 236/236
f 236/236 146/146 148/148
f 236/236 148/148 237/237
f 237/237 148/148 150/150
f 237/237 150/150 238/238
f 238/238 150/150 152/152
f 238/238 152/152 239/239
f 239/239 152/152 154/154
f 239/239 154/154 240/240
f 240/240 154/154 156/156
f 240/240 156/156 241/241
f 241/241 156/156 158/158
f 241/241 158/158 242/242
f 242/242 158/158 160/160
f 242/242 160/160 243/243
f 243/243 160/160 162/162
f 243/243 162/162 244/244
f 244/244 162/162 164/164
f 244/244 164/164 245/245
f 245/245 164/164 166/166
f 245/245 166/166 91/91
f 91/91 166/166 89/89
f 246/246 247/247 248/248
f 248/248 247/247 249/249
f 248/248 249/249 250/250
f 247/247 246/246 251/251
f 251/251 246/246 252/252
f 251/251 252/252 253/253
f 250/250 254/254 248/248
f 248/248 254/254 255/255
f 248/248 255/255 256/256
f 256/256 257/257 248/248
f 248/248 257/257 258/258
f 248/248 258/258 259/259
f 248/248 259/259 260/260
f 260/260 259/259 261/261
f 260/260 261/261 262/262
f 262/262 261/261 263/263
f 262/262 263/263 264/264
f 264/264 263/263 265/265
f 264/264 265/265 266/266
f 266/266 265/265 267/267
f 266/266 267/267 268/268
f 268/268 267/267 269/269
f 268/268 269/269 270/270
f 268/268 270/270 271/271
f 271/271 270/270 272/272
f 271/271 272/272 273/273
f 273/273 272/272 274/274
f 273/273 274/274 275/275
f 273/273 275/275 276/276
f 276/276 275/275 277/277
f 276/276 277/277 278/278
f 278/278 277/277 279/279
f 278/278 279/279 280/280
f 278/278 280/280 281/281
f 281/281 280/280 282/282
f 281/281 282/282 283/283
f 283/283 282/282 284/284
f 283/283 284/284 285/285
f 285/285 284/284 286/286
f 285/285 286/286 287/287
f 287/287 286/286 288/288
f 287/287 288/288 289/289
f 289/289 288/288 290/290
f 289/289 290/290 291/291
f 291/291 292/292 289/289
f 289/289 292/292 293/293
f 289/289 293/293 294/294
f 294/294 295/295 289/289
f 289/289 295/295 296/296
f 289/289 296/296 297/297
f 289/289 297/297 298/298
f 298/298 297/297 299/299
f 298/298 299/299 300/300
f 300/300 299/299 301/301
f 287/287 302/302 285/285
f 285/285 302/302 303/303
f 303/303 302/302 304/304
f 303/303 304/304 305/305
f 305/305 304/304 306/306
f 305/305 306/306 307/307
f 307/307 306/306 308/308
f 307/307 308/308 309/309
f 307/307 309/309 310/310
f 310/310 309/309 311/311
f 310/310 311/311 312/312
f 312/312 311/311 313/313
f 312/312 313/313 314/314
f 312/312 314/314 315/315
f 315/315 314/314 316/316
f 315/315 316/316 317/317
f 317/317 316/316 318/318
f 317/317 318/318 319/319
f 317/317 319/319 320/320
f 320/320 319/319 321/321
f 320/320 321/321 322/322
f 322/322 321/321 323/323
f 322/322 323/323 324/324
f 324/324 323/323 325/325
f 324/324 325/325 326/326
f 326/326 325/325 327/327
f 327/327 325/325 328/328
f 327/327 328/328 329/329
f 329/329 328/328 330/330
f 330/330 328/328 331/331
f 331/331 328/328 332/332
f 332/332 328/328 333/333
f 333/333 328/328 334/334
f 334/334 328/328 335/335
f 335/335 328/328 336/336
f 336/336 328/328 337/337
f 336/336 337/337 338/338
f 338/338 337/337 339/339
f 338/338 339/339 340/340
f 326/326 341/341 324/324
f 324/324 341/341 342/342
f 342/342 341/341 343/343
f 342/342 343/343 344/344
f 344/344 343/343 345/345
f 344/344 345/345 346/346
f 346/346 345/345 347/347
f 346/346 347/347 348/348
f 346/346 348/348 349/349
f 349/349 348/348 350/350
f 349/349 350/350 351/351
f 351/351 350/350 352/352
f 351/351 352/352 353/353
f 351/351 353/353 354/354
f 354/354 353/353 355/355
f 354/354 355/355 356/356
f 356/356 355/355 357/357
f 356/356 357/357 358/358
f 356/356 358/358 359/359
f 359/359 358/358 360/360
f 359/359 360/360 361/361
f 361/361 360/360 362/362
f 361/361 362/362 363/363
f 363/363 362/362 364/364
f 363/363 364/364 365/365
f 365/365 364/364 366/366
f 365/365 366/366 367/367
f 367/367 366/366 368/368
f 368/368 366/366 369/369
f 369/369 366/366 370/370
f 370/370 366/366 371/371
f 371/371 366/366 372/372
f 372/372 366/366 373/373
f 373/373 366/366 374/374
f 374/374 366/366 375/375
f 375/375 366/366 376/376
f 376/376 366/366 377/377
f 377/377 366/366 378/378
f 378/378 366/366 379/379
f 365/365 380/380 363/363
f 363/363 380/380 381/381
f 381/381 380/380 382/382
f 381/381 382/382 383/383
f 383/383 382/382 384/384
f 383/383 384/384 385/385
f 385/385 384/384 386/386
f 385/385 386/386 387/387
f 385/385 387/387 388/388
f 388/388 387/387 389/389
f 388/388 389/389 390/390
f 390/390 389/389 391/391
f 390/390 391/391 392/392
f 390/390 392/392 393/393
f 393/393 392/392 394/394
f 393/393 394/394 395/395
f 395/395 394/394 396/396
f 395/395 396/396 397/397
f 395/395 397/397 398/398
f 398/398 397/397 399/399
f 398/398 399/399 400/400
f 400/400 399/399 401/401
f 400/400 401/401 262/262
f 262/262 401/401 260/260
f 402/402 403/403 404/404
f 404/404 403/403 405/405
f 404/404 405/405 406/406
f 406/406 405/405 407/407
f 406/406 407/407 408/408
f 408/408 407/407 409/409
f 408/408 409/409 410/410
f 410/410 409/409 411/411
f 410/410 411/411 412/412
f 412/412 411/411 413/413
f 412/412 413/413 414/414
f 414/414 413/413 415/415
f 414/414 415/415 416/416
f 416/416 415/415 417/417
f 416/416 417/417 418/418
f 418/418 417/417 419/419
f 418/418 419/419 420/420
f 420/420 419/419 421/421
f 420/420 421/421 422/422
f 422/422 421/421 423/423
f 422/422 423/423 424/424
f 424/424 423/423 425/425
f 424/424 425/425 426/426
f 426/426 425/425 427/427
f 426/426 427/427 428/428
f 428/428 427/427 429/429
f 428/428 429/429 430/430
f 430/430 429/429 431/431
f 430/430 431/431 432/432
f 432/432 431/431 433/433
f 432/432 433/433 434/434
f 434/434 433/433 435/435
f 434/434 435/435 436/436
f 436/436 435/435 437/437
f 436/436 437/437 438/438
f 438/438 437/437 439/439
f 438/438 439/439 440/440
f 440/440 439/439 441/441
f 440/440 441/441 442/442
f 443/443 444/444 445/445
f 443/443 445/445 446/446
f 446/446 445/445 447/447
f 446/446 447/447 448/448
f 448/448 447/447 449/449
f 448/448 449/449 450/450
f 450/450 449/449 451/451
f 450/450 451/451 452/452
f 452/452 451/451 453/453
f 452/452 453/453 454/454
f 454/454 453/453 455/455
f 454/454 455/455 456/456
f 456/456 455/455 457/457
f 456/456 457/457 458/458
f 458/458 457/457 459/459
f 458/458 459/459 460/460
f 460/460 459/459 461/461
f 460/460 461/461 462/462
f 462/462 461/461 463/463
f 462/462 463/463 464/464
f 464/464 463/463 465/465
f 464/464 465/465 466/466
f 466/466 465/465 467/467
f 466/466 467/467 468/468
f 468/468 467/467 469/469
f 468/468 469/469 470/470
f 470/470 469/469 471/471
f 470/470 471/471 472/472
f 472/472 471/471 473/473
f 472/472 473/473 474/474
f 474/474 473/473 475/475
f 474/474 475/475 476/476
f 476/476 475/475 477/477
f 476/476 477/477 478/478
f 478/478 477/477 479/479
f 478/478 479/479 480/480
f 480/480 479/479 481/481
f 480/480 481/481 402/402
f 402/402 481/481 403/403
f 482/482 483/483 484/484
f 484/484 483/483 485/485
f 484/484 485/485 486/486
f 486/486 485/485 487/487
f 486/486 487/487 488/488
f 488/488 487/487 489/489
f 488/488 489/489 490/490
f 490/490 489/489 491/491
f 490/490 491/491 492/492
f 492/492 491/491 493/493
f 492/492 493/493 494/494
f 494/494 493/493 495/495
f 494/494 495/495 496/496
f 496/496 495/495 497/497
f 496/496 497/497 498/498
f 498/498 497/497 499/499
f 498/498 499/499 500/500
f 500/500 499/499 501/501
f 500/500 501/501 502/502
f 502/502 501/501 503/503
f 502/502 503/503 504/504
f 504/504 503/503 505/505
f 504/504 505/505 506/506
f 506/506 505/505 507/507
f 506/506 507/507 508/508
f 508/508 507/507 509/509
f 508/508 509/509 510/510
f 483/483 511/511 485/485
f 485/485 511/511 512/512
f 485/485 512/512 487/487
f 487/487 512/512 513/513
f 487/487 513/513 489/489
f 489/489 513/513 514/514
f 489/489 514/514 491/491
f 491/491 514/514 515/515
f 491/491 515/515 493/493
f 493/493 515/515 516/516
f 493/493 516/516 495/495
f 495/495 516/516 517/517
f 495/495 517/517 497/497
f 497/497 517/517 518/518
f 497/497 518/518 499/499
f 499/499 518/518 519/519
f 499/499 519/519 501/501
f 501/501 519/519 520/520
f 501/501 520/520 503/503
f 503/503 520/520 521/521
f 503/503 521/521 505/505
f 505/505 521/521 522/522
f 505/505 522/522 507/507
f 507/507 522/522 523/523
f 507/507 523/523 509/509
f 509/509 523/523 524/524
f 524/524 523/523 525/525
f 524/524 525/525 526/526
f 526/526 525/525 527/527
f 526/526 527/527 528/528
f 528/528 527/527 529/529
f 528/528 529/529 530/530
f 511/511 531/531 512/512
f 512/512 531/531 532/532
f 512/512 532/532 513/513
f 513/513 532/532 533/533
f 513/513 533/533 534/534
f 513/513 534/534 514/514
f 514/514 534/534 535/535
f 514/514 535/535 515/515
f 515/515 535/535 536/536
f 515/515 536/536 516/516
f 516/516 536/536 537/537
f 516/516 537/537 517/517
f 517/517 537/537 538/538
f 517/517 538/538 518/518
f 518/518 538/538 539/539
f 518/518 539/539 519/519
f 519/519 539/539 540/540
f 519/519 540/540 520/520
f 520/520 540/540 541/541
f 520/520 541/541 521/521
f 521/521 541/541 542/542
f 521/521 542/542 522/522
f 522/522 542/542 523/523
f 523/523 542/542 525/525
f 531/531 543/543 532/532
f 532/532 543/543 544/544
f 532/532 544/544 533/533
f 533/533 544/544 545/545
f 533/533 545/545 534/534
f 534/534 545/545 546/546
f 534/534 546/546 535/535
f 535/535 546/546 547/547
f 535/535 547/547 536/536
f 536/536 547/547 548/548
f 536/536 548/548 537/537
f 537/537 548/548 549/549
f 537/537 549/549 538/538
f 538/538 549/549 550/550
f 538/538 550/550 539/539
f 539/539 550/550 551/551
f 539/539 551/551 540/540
f 540/540 551/551 552/552
f 540/540 552/552 541/541
f 541/541 552/552 553/553
f 541/541 553/553 542/542
f 542/542 553/553 554/554
f 542/542 554/554 525/525
f 525/525 554/554 527/527
f 543/543 555/555 544/544
f 544/544 555/555 556/556
f 544/544 556/556 545/545
f 545/545 556/556 557/557
f 545/545 557/557 546/546
f 546/546 557/557 558/558
f 546/546 558/558 547/547
f 547/547 558/558 559/559
f 547/547 559/559 548/548
f 548/548 559/559 560/560
f 548/548 560/560 549/549
f 549/549 560/560 561/561
f 549/549 561/561 550/550
f 550/550 561/561 562/562
f 550/550 562/562 551/551
f 551/551 562/562 563/563
f 551/551 563/563 552/552
f 552/552 563/563 564/564
f 552/552 564/564 553/553
f 553/553 564/564 565/565
f 553/553 565/565 554/554
f 554/554 565/565 566/566
f 554/554 566/566 527/527
f 527/527 566/566 529/529
f 567/567 568/568 569/569
f 569/569 568/568 570/570
f 569/569 570/570 571/571
f 571/571 570/570 572/572
f 571/571 572/572 573/573
f 573/573 572/572 574/574
f 573/573 574/574 575/575
f 575/575 574/574 576/576
f 576/576 574/574 577/577
f 576/576 577/577 578/578
f 578/578 577/577 579/579
f 578/578 579/579 580/580
f 580/580 579/579 581/581
f 580/580 581/581 582/582
f 582/582 581/581 583/583
f 582/582 583/583 584/584
f 568/568 585/585 570/570
f 570/570 585/585 586/586
f 570/570 586/586 572/572
f 572/572 586/586 587/587
f 572/572 587/587 574/574
f 574/574 587/587 577/577
f 585/585 588/588 586/586
f 586/586 588/588 589/589
f 586/586 589/589 587/587
f 587/587 589/589 590/590
f 587/587 590/590 577/577
f 577/577 590/590 579/579
f 588/588 591/591 589/589
f 589/589 591/591 592/592
f 589/589 592/592 590/590
f 590/590 592/592 593/593
f 590/590 593/593 579/579
f 579/579 593/593 581/581
f 591/591 594/594 592/592
f 592/592 594/594 595/595
f 592/592 595/595 593/593
f 593/593 595/595 596/596
f 593/593 596/596 581/581
f 581/581 596/596 583/583
f 597/597 598/598 599/599
f 599/599 598/598 600/600
f 599/599 600/600 601/601
f 601/601 600/600 602/602
f 601/601 602/602 603/603
f 603/603 602/602 604/604
f 603/603 604/604 605/605
f 605/605 604/604 606/606
f 605/605 606/606 607/607
f 607/607 606/606 608/608
f 607/607 608/608 609/609
f 609/609 608/608 610/610
f 609/609 610/610 611/611
f 611/611 610/610 612/612
f 611/611 612/612 613/613
f 613/613 612/612 614/614
f 614/614 612/612 615/615
f 614/614 615/615 616/616
f 616/616 615/615 617/617
f 616/616 617/617 618/618
f 618/618 617/617 619/619
f 618/618 619/619 620/620
f 620/620 619/619 621/621
f 620/620 621/621 622/622
f 598/598 623/623 600/600
f 600/600 623/623 624/624
f 600/600 624/624 602/602
f 602/602 624/624 625/625
f 602/602 625/625 604/604
f 604/604 625/625 626/626
f 604/604 626/626 606/606
f 606/606 626/626 627/627
f 606/606 627/627 608/608
f 608/608 627/627 628/628
f 608/608 628/628 610/610
f 610/610 628/628 629/629
f 610/610 629/629 612/612
f 612/612 629/629 615/615
f 623/623 630/630 624/624
f 624/624 630/630 631/631
f 624/624 631/631 625/625
f 625/625 631/631 632/632
f 625/625 632/632 633/633
f 625/625 633/633 626/626
f 626/626 633/633 634/634
f 626/626 634/634 627/627
f 627/627 634/634 635/635
f 627/627 635/635 628/628
f 628/628 635/635 636/636
f 628/628 636/636 629/629
f 629/629 636/636 615/615
f 615/615 636/636 617/617
f 630/630 637/637 631/631
f 631/631 637/637 638/638
f 631/631 638/638 632/632
f 632/632 638/638 639/639
f 632/632 639/639 633/633
f 633/633 639/639 640/640
f 633/633 640/640 634/634
f 634/634 640/640 641/641
f 634/634 641/641 635/635
f 635/635 641/641 642/642
f 635/635 642/642 636/636
f 636/636 642/642 643/643
f 636/636 643/643 617/617
f 617/617 643/643 619/619
f 637/637 644/644 638/638
f 638/638 644/644 645/645
f 638/638 645/645 639/639
f 639/639 645/645 646/646
f 639/639 646/646 640/640
f 640/640 646/646 647/647
f 640/640 647/647 641/641
f 641/641 647/647 648/648
f 641/641 648/648 642/642
f 642/642 648/648 649/649
f 642/642 649/649 643/643
f 643/643 649/649 650/650
f 643/643 650/650 619/619
f 619/619 650/650 621/621
f 651/651 652/652 653/653
f 653/653 652/652 654/654
f 653/653 654/654 655/655
f 655/655 654/654 656/656
f 655/655 656/656 657/657
f 657/657 656/656 658/658
f 657/657 658/658 659/659
f 659/659 658/658 660/660
f 660/660 658/658 661/661
f 660/660 661/661 662/662
f 662/662 661/661 663/663
f 662/662 663/663 664/664
f 664/664 663/663 665/665
f 664/664 665/665 666/666
f 666/666 665/665 667/667
f 666/666 667/667 668/668
f 652/652 669/669 654/654
f 654/654 669/669 670/670
f 654/654 670/670 656/656
f 656/656 670/670 671/671
f 656/656 671/671 658/658
f 658/658 671/671 661/661
f 669/669 672/672 670/670
f 670/670 672/672 673/673
f 670/670 673/673 671/671
f 671/671 673/673 674/674
f 671/671 674/674 661/661
f 661/661 674/674 663/663
f 672/672 675/675 673/673
f 673/673 675/675 676/676
f 673/673 676/676 674/674
f 674/674 676/676 677/677
f 674/674 677/677 663/663
f 663/663 677/677 665/665
f 675/675 678/678 676/676
f 676/676 678/678 679/679
f 676/676 679/679 677/677
f 677/677 679/679 680/680
f 677/677 680/680 665/665
f 665/665 680/680 667/667
f 681/681 682/682 683/683
f 683/683 682/682 684/684
f 683/683 684/684 685/685
f 685/685 684/684 686/686
f 685/685 686/686 687/687
f 687/687 686/686 688/688
f 687/687 688/688 689/689
f 689/689 688/688 690/690
f 689/689 690/690 691/691
f 691/691 690/690 692/692
f 691/691 692/692 693/693
f 693/693 692/692 694/694
f 693/693 694/694 695/695
f 695/695 694/694 696/696
f 695/695 696/696 697/697
f 697/697 696/696 698/698
f 697/697 698/698 699/699
f 699/699 698/698 700/700
f 699/699 700/700 701/701
f 701/701 700/700 702/702
f 701/701 702/702 703/703
f 703/703 702/702 704/704
f 703/703 704/704 705/705
f 705/705 704/704 706/706
f 705/705 706/706 651/651
f 651/651 706/706 707/707
f 707/707 706/706 708/708
f 707/707 708/708 709/709
f 709/709 708/708 710/710
f 709/709 710/710 711/711
f 711/711 710/710 712/712
f 711/711 712/712 713/713
f 713/713 712/712 714/714
f 713/713 714/714 715/715
f 682/682 716/716 684/684
f 684/684 716/716 717/717
f 684/684 717/717 686/686
f 686/686 717/717 718/718
f 686/686 718/718 688/688
f 688/688 718/718 719/719
f 688/688 719/719 690/690
f 690/690 719/719 720/720
f 690/690 720/720 692/692
f 692/692 720/720 721/721
f 692/692 721/721 694/694
f 694/694 721/721 722/722
f 694/694 722/722 696/696
f 696/696 722/722 723/723
f 696/696 723/723 698/698
f 698/698 723/723 724/724
f 698/698 724/724 700/700
f 700/700 724/724 725/725
f 700/700 725/725 702/702
f 702/702 725/725 726/726
f 702/702 726/726 704/704
f 704/704 726/726 727/727
f 704/704 727/727 706/706
f 706/706 727/727 708/708
f 716/716 728/728 717/717
f 717/717 728/728 729/729
f 717/717 729/729 718/718
f 718/718 729/729 730/730
f 718/718 730/730 731/731
f 718/718 731/731 719/719
f 719/719 731/731 732/732
f 719/719 732/732 720/720
f 720/720 732/732 733/733
f 720/720 733/733 721/721
f 721/721 733/733 734/734
f 721/721 734/734 722/722
f 722/722 734/734 735/735
f 722/722 735/735 723/723
f 723/723 735/735 736/736
f 723/723 736/736 724/724
f 724/724 736/736 737/737
f 724/724 737/737 725/725
f 725/725 737/737 738/738
f 725/725 738/738 726/726
f 726/726 738/738 739/739
f 726/726 739/739 727/727
f 727/727 739/739 708/708
f 708/708 739/739 710/710
f 728/728 740/740 729/729
f 729/729 740/740 741/741
f 729/729 741/741 730/730
f 730/730 741/741 742/742
f 730/730 742/742 731/731
f 731/731 742/742 743/743
f 731/731 743/743 732/732
f 732/732 743/743 744/744
f 732/732 744/744 733/733
f 733/733 744/744 745/745
f 733/733 745/745 734/734
f 734/734 745/745 746/746
f 734/734 746/746 735/735
f 735/735 746/746 747/747
f 735/735 747/747 736/736
f 736/736 747/747 748/748
f 736/736 748/748 737/737
f 737/737 748/748 749/749
f 737/737 749/749 738/738
f 738/738 749/749 750/750
f 738/738 750/750 739/739
f 739/739 750/750 751/751
f 739/739 751/751 710/710
f 710/710 751/751 712/712
f 752/752 753/753 740/740
f 740/740 753/753 741/741
f 753/753 754/754 741/741
f 741/741 754/754 742/742
f 754/754 755/755 742/742
f 742/742 755/755 743/743
f 755/755 756/756 743/743
f 743/743 756/756 744/744
f 756/756 757/757 744/744
f 744/744 757/757 745/745
f 757/757 758/758 745/745
f 745/745 758/758 746/746
f 758/758 759/759 746/746
f 746/746 759/759 747/747
f 759/759 760/760 747/747
f 747/747 760/760 748/748
f 760/760 761/761 748/748
f 748/748 761/761 749/749
f 761/761 762/762 749/749
f 749/749 762/762 750/750
f 762/762 763/763 750/750
f 750/750 763/763 751/751
f 763/763 764/764 751/751
f 751/751 764/764 712/712
f 764/764 714/714 712/712
f 765/765 766/766 767/767
f 767/767 766/766 768/768
f 767/767 768/768 769/769
f 769/769 768/768 770/770
f 769/769 770/770 771/771
f 771/771 770/770 772/772
f 771/771 772/772 773/773
f 773/773 772/772 774/774
f 774/774 772/772 775/775
f 774/774 775/775 776/776
f 776/776 775/775 777/777
f 776/776 777/777 778/778
f 778/778 777/777 779/779
f 778/778 779/779 780/780
f 780/780 779/779 781/781
f 780/780 781/781 782/782
f 766/766 783/783 768/768
f 768/768 783/783 784/784
f 768/768 784/784 770/770
f 770/770 784/784 785/785
f 770/770 785/785 772/772
f 772/772 785/785 775/775
f 783/783 786/786 784/784
f 784/784 786/786 787/787
f 784/784 787/787 785/785
f 785/785 787/787 788/788
f 785/785 788/788 775/775
f 775/775 788/788 777/777
f 786/786 789/789 787/787
f 787/787 789/789 790/790
f 787/787 790/790 788/788
f 788/788 790/790 791/791
f 788/788 791/791 777/777
f 777/777 791/791 779/779
f 789/789 792/792 790/790
f 790/790 792/792 793/793
f 790/790 793/793 791/791
f 791/791 793/793 794/794
f 791/791 794/794 779/779
f 779/779 794/794 781/781
f 795/795 796/796 797/797
f 797/797 796/796 798/798
f 797/797 798/798 799/799
f 799/799 798/798 800/800
f 799/799 800/800 801/801
f 801/801 800/800 802/802
f 801/801 802/802 803/803
f 803/803 802/802 804/804
f 803/803 804/804 805/805
f 805/805 804/804 806/806
f 805/805 806/806 807/807
f 807/807 806/806 808/808
f 807/807 808/808 809/809
f 809/809 808/808 810/810
f 809/809 810/810 811/811
f 811/811 810/810 812/812
f 812/812 810/810 813/813
f 812/812 813/813 814/814
f 814/814 813/813 815/815
f 814/814 815/815 816/816
f 816/816 815/815 817/817
f 816/816 817/817 818/818
f 818/818 817/817 819/819
f 818/818 819/819 820/820
f 796/796 821/821 798/798
f 798/798 821/821 822/822
f 798/798 822/822 800/800
f 800/800 822/822 823/823
f 800/800 823/823 802/802
f 802/802 823/823 824/824
f 802/802 824/824 804/804
f 804/804 824/824 825/825
f 804/804 825/825 806/806
f 806/806 825/825 826/826
f 806/806 826/826 808/808
f 808/808 826/826 827/827
f 808/808 827/827 810/810
f 810/810 827/827 813/813
f 821/821 828/828 822/822
f 822/822 828/828 829/829
f 822/822 829/829 823/823
f 823/823 829/829 830/830
f 823/823 830/830 831/831
f 823/823 831/831 824/824
f 824/824 831/831 832/832
f 824/824 832/832 825/825
f 825/825 832/832 833/833
f 825/825 833/833 826/826
f 826/826 833/833 834/834
f 826/826 834/834 827/827
f 827/827 834/834 813/813
f 813/813 834/834 815/815
f 828/828 835/835 829/829
f 829/829 835/835 836/836
f 829/829 836/836 830/830
f 830/830 836/836 837/837
f 830/830 837/837 831/831
f 831/831 837/837 838/838
f 831/831 838/838 832/832
f 832/832 838/838 839/839
f 832/832 839/839 833/833
f 833/833 839/839 840/840
f 833/833 840/840 834/834
f 834/834 840/840 841/841
f 834/834 841/841 815/815
f 815/815 841/841 817/817
f 835/835 842/842 836/836
f 836/836 842/842 843/843
f 836/836 843/843 837/837
f 837/837 843/843 844/844
f 837/837 844/844 838/838
f 838/838 844/844 845/845
f 838/838 845/845 839/839
f 839/839 845/845 846/846
f 839/839 846/846 840/840
f 840/840 846/846 847/847
f 840/840 847/847 841/841
f 841/841 847/847 848/848
f 841/841 848/848 817/817
f 817/817 848/848 819/819
f 849/849 850/850 851/851
f 851/851 850/850 852/852
f 851/851 852/852 853/853
f 853/853 852/852 854/854
f 853/853 854/854 855/855
f 855/855 854/854 856/856
f 855/855 856/856 857/857
f 857/857 856/856 858/858
f 858/858 856/856 859/859
f 858/858 859/859 860/860
f 860/860 859/859 861/861
f 860/860 861/861 862/862
f 862/862 861/861 863/863
f 862/862 863/863 864/864
f 864/864 863/863 865/865
f 864/864 865/865 866/866
f 850/850 867/867 852/852
f 852/852 867/867 868/868
f 852/852 868/868 854/854
f 854/854 868/868 869/869
f 854/854 869/869 856/856
f 856/856 869/869 859/859
f 867/867 870/870 868/868
f 868/868 870/870 871/871
f 868/868 871/871 869/869
f 869/869 871/871 872/872
f 869/869 872/872 859/859
f 859/859 872/872 861/861
f 870/870 873/873 871/871
f 871/871 873/873 874/874
f 871/871 874/874 872/872
f 872/872 874/874 875/875
f 872/872 875/875 861/861
f 861/861 875/875 863/863
f 873/873 876/876 874/874
f 874/874 876/876 877/877
f 874/874 877/877 875/875
f 875/875 877/877 878/878
f 875/875 878/878 863/863
f 863/863 878/878 865/865
f 879/879 880/880 881/881
f 881/881 880/880 882/882
f 881/881 882/882 883/883
f 883/883 882/882 884/884
f 883/883 884/884 885/885
f 885/885 884/884 886/886
f 885/885 886/886 887/887
f 887/887 886/886 888/888
f 887/887 888/888 889/889
f 889/889 888/888 890/890
f 889/889 890/890 891/891
f 891/891 890/890 892/892
f 891/891 892/892 893/893
f 893/893 892/892 894/894
f 893/893 894/894 895/895
f 895/895 894/894 896/896
f 895/895 896/896 897/897
f 897/897 896/896 898/898
f 897/897 898/898 899/899
f 899/899 898/898 900/900
f 899/899 900/900 901/901
f 901/901 900/900 902/902
f 901/901 902/902 903/903
f 903/903 902/902 904/904
f 903/903 904/904 849/849
f 849/849 904/904 905/905
f 905/905 904/904 906/906
f 905/905 906/906 907/907
f 907/907 906/906 908/908
f 907/907 908/908 909/909
f 909/909 908/908 910/910
f 909/909 910/910 911/911
f 911/911 910/910 912/912
f 911/911 912/912 913/913
f 880/880 914/914 882/882
f 882/882 914/914 915/915
f 882/882 915/915 884/884
f 884/884 915/915 916/916
f 884/884 916/916 886/886
f 886/886 916/916 917/917
f 886/886 917/917 888/888
f 888/888 917/917 918/918
f 888/888 918/918 890/890
f 890/890 918/918 919/919
f 890/890 919/919 892/892
f 892/892 919/919 920/920
f 892/892 920/920 894/894
f 894/894 920/920 921/921
f 894/894 921/921 896/896
f 896/896 921/921 922/922
f 896/896 922/922 898/898
f 898/898 922/922 923/923
f 898/898 923/923 900/900
f 900/900 923/923 924/924
f 900/900 924/924 902/902
f 902/902 924/924 925/925
f 902/902 925/925 904/904
f 904/904 925/925 906/906
f 914/914 926/926 915/915
f 915/915 926/926 927/927
f 915/915 927/927 916/916
f 916/916 927/927 928/928
f 916/916 928/928 929/929
f 916/916 929/929 917/917
f 917/917 929/929 930/930
f 917/917 930/930 918/918
f 918/918 930/930 931/931
f 918/918 931/931 919/919
f 919/919 931/931 932/932
f 919/919 932/932 920/920
f 920/920 932/932 933/933
f 920/920 933/933 921/921
f 921/921 933/933 934/934
f 921/921 934/934 922/922
f 922/922 934/934 935/935
f 922/922 935/935 923/923
f 923/923 935/935 936/936
f 923/923 936/936 924/924
f 924/924 936/936 937/937
f 924/924 937/937 925/925
f 925/925 937/937 906/906
f 906/906 937/937 908/908
f 926/926 938/938 927/927
f 927/927 938/938 939/939
f 927/927 939/939 928/928
f 928/928 939/939 940/940
f 928/928 940/940 929/929
f 929/929 940/940 941/941
f 929/929 941/941 930/930
f 930/930 941/941 942/942
f 930/930 942/942 931/931
f 931/931 942/942 943/943
f 931/931 943/943 932/932
f 932/932 943/943 944/944
f 932/932 944/944 933/933
f 933/933 944/944 945/945
f 933/933 945/945 934/934
f 934/934 945/945 946/946
f 934/934 946/946 935/935
f 935/935 946/946 947/947
f 935/935 947/947 936/936
f 936/936 947/947 948/948
f 936/936 948/948 937/937
f 937/937 948/948 949/949
f 937/937 949/949 908/908
f 908/908 949/949 910/910
f 950/950 951/951 938/938
f 938/938 951/951 939/939
f 951/951 952/952 939/939
f 939/939 952/952 940/940
f 952/952 953/953 940/940
f 940/940 953/953 941/941
f 953/953 954/954 941/941
f 941/941 954/954 942/942
f 954/954 955/955 942/942
f 942/942 955/955 943/943
f 955/955 956/956 943/943
f 943/943 956/956 944/944
f 956/956 957/957 944/944
f 944/944 957/957 945/945
f 957/957 958/958 945/945
f 945/945 958/958 946/946
f 958/958 959/959 946/946
f 946/946 959/959 947/947
f 959/959 960/960 947/947
f 947/947 960/960 948/948
f 960/960 961/961 948/948
f 948/948 961/961 949/949
f 961/961 962/962 949/949
f 949/949 962/962 910/910
f 962/962 912/912 910/910
f 963/963 964/964 965/965
f 965/965 964/964 966/966
f 965/965 966/966 967/967
f 967/967 966/966 968/968
f 967/967 968/968 969/969
f 969/969 968/968 970/970
f 969/969 970/970 971/971
f 971/971 970/970 972/972
f 972/972 970/970 973/973
f 972/972 973/973 974/974
f 974/974 973/973 975/975
f 974/974 975/975 976/976
f 976/976 975/975 977/977
f 976/976 977/977 978/978
f 978/978 977/977 979/979
f 978/978 979/979 980/980
f 964/964 981/981 966/966
f 966/966 981/981 982/982
f 966/966 982/982 968/968
f 968/968 982/982 983/983
f 968/968 983/983 970/970
f 970/970 983/983 973/973
f 981/981 984/984 982/982
f 982/982 984/984 985/985
f 982/982 985/985 983/983
f 983/983 985/985 986/986
f 983/983 986/986 973/973
f 973/973 986/986 975/975
f 984/984 987/987 985/985
f 985/985 987/987 988/988
f 985/985 988/988 986/986
f 986/986 988/988 989/989
f 986/986 989/989 975/975
f 975/975 989/989 977/977
f 987/987 990/990 988/988
f 988/988 990/990 991/991
f 988/988 991/991 989/989
f 989/989 991/991 992/992
f 989/989 992/992 977/977
f 977/977 992/992 979/979
f 993/993 994/994 995/995
f 995/995 994/994 996/996
f 995/995 996/996 997/997
f 997/997 996/996 998/998
f 997/997 998/998 999/999
f 999/999 998/998 1000/1000
f 999/999 1000/1000 1001/1001
f 1001/1001 1000/1000 1002/1002
f 1001/1001 1002/1002 1003/1003
f 1003/1003 1002/1002 1004/1004
f 1003/1003 1004/1004 1005/1005
f 1005/1005 1004/1004 1006/1006
f 1005/1005 1006/1006 1007/1007
f 1007/1007 1006/1006 1008/1008
f 1007/1007 1008/1008 1009/1009
f 1009/1009 1008/1008 1010/1010
f 1010/1010 1008/1008 1011/1011
f 1010/1010 1011/1011 1012/1012
f 1012/1012 1011/1011 1013/1013
f 1012/1012 1013/1013 1014/1014
f 1014/1014 1013/1013 1015/1015
f 1014/1014 1015/1015 1016/1016
f 1016/1016 1015/1015 1017/1017
f 1016/1016 1017/1017 1018/1018
f 994/994 1019/1019 996/996
f 996/996 1019/1019 1020/1020
f 996/996 1020/1020 998/998
f 998/998 1020/1020 1021/1021
f 998/998 1021/1021 1000/1000
f 1000/1000 1021/1021 1022/1022
f 1000/1000 1022/1022 1002/1002
f 1002/1002 1022/1022 1023/1023
f 1002/1002 1023/1023 1004/1004
f 1004/1004 1023/1023 1024/1024
f 1004/1004 1024/1024 1006/1006
f 1006/1006 1024/1024 1025/1025
f 1006/1006 1025/1025 1008/1008
f 1008/1008 1025/1025 1011/1011
f 1019/1019 1026/1026 1020/1020
f 1020/1020 1026/1026 1027/1027
f 1020/1020 1027/1027 1021/1021
f 1021/1021 1027/1027 1028/1028
f 1021/1021 1028/1028 1029/1029
f 1021/1021 1029/1029 1022/1022
f 1022/1022 1029/1029 1030/1030
f 1022/1022 1030/1030 1023/1023
f 1023/1023 1030/1030 1031/1031
f 1023/1023 1031/1031 1024/1024
f 1024/1024 1031/1031 1032/1032
f 1024/1024 1032/1032 1025/1025
f 1025/1025 1032/1032 1011/1011
f 1011/1011 1032/1032 1013/1013
f 1026/1026 1033/1033 1027/1027
f 1027/1027 1033/1033 1034/1034
f 1027/1027 1034/1034 1028/1028
f 1028/1028 1034/1034 1035/1035
f 1028/1028 1035/1035 1029/1029
f 1029/1029 1035/1035 1036/1036
f 1029/1029 1036/1036 1030/1030
f 1030/1030 1036/1036 1037/1037
f 1030/1030 1037/1037 1031/1031
f 1031/1031 1037/1037 1038/1038
f 1031/1031 1038/1038 1032/1032
f 1032/1032 1038/1038 1039/1039
f 1032/1032 1039/1039 1013/1013
f 1013/1013 1039/1039 1015/1015
f 1033/1033 1040/1040 1034/1034
f 1034/1034 1040/1040 1041/1041
f 1034/1034 1041/1041 1035/1035
f 1035/1035 1041/1041 1042/1042
f 1035/1035 1042/1042 1036/1036
f 1036/1036 1042/1042 1043/1043
f 1036/1036 1043/1043 1037/1037
f 1037/1037 1043/1043 1044/1044
f 1037/1037 1044/1044 1038/1038
f 1038/1038 1044/1044 1045/1045
f 1038/1038 1045/1045 1039/1039
f 1039/1039 1045/1045 1046/1046
f 1039/1039 1046/1046 1015/1015
f 1015/1015 1046/1046 1017/1017
f 1047/1047 1048/1048 1049/1049
f 1049/1049 1048/1048 1050/1050
f 1049/1049 1050/1050 1051/1051
f 1051/1051 1050/1050 1052/1052
f 1051/1051 1052/1052 1053/1053
f 1053/1053 1052/1052 1054/1054
f 1053/1053 1054/1054 1055/1055
f 1055/1055 1054/1054 1056/1056
f 1056/1056 1054/1054 1057/1057
f 1056/1056 1057/1057 1058/1058
f 1058/1058 1057/1057 1059/1059
f 1058/1058 1059/1059 1060/1060
f 1060/1060 1059/1059 1061/1061
f 1060/1060 1061/1061 1062/1062
f 1062/1062 1061/1061 1063/1063
f 1062/1062 1063/1063 1064/1064
f 1048/1048 1065/1065 1050/1050
f 1050/1050 1065/1065 1066/1066
f 1050/1050 1066/1066 1052/1052
f 1052/1052 1066/1066 1067/1067
f 1052/1052 1067/1067 1054/1054
f 1054/1054 1067/1067 1057/1057
f 1065/1065 1068/1068 1066/1066
f 1066/1066 1068/1068 1069/1069
f 1066/1066 1069/1069 1067/1067
f 1067/1067 1069/1069 1070/1070
f 1067/1067 1070/1070 1057/1057
f 1057/1057 1070/1070 1059/1059
f 1068/1068 1071/1071 1069/1069
f 1069/1069 1071/1071 1072/1072
f 1069/1069 1072/1072 1070/1070
f 1070/1070 1072/1072 1073/1073
f 1070/1070 1073/1073 1059/1059
f 1059/1059 1073/1073 1061/1061
f 1071/1071 1074/1074 1072/1072
f 1072/1072 1074/1074 1075/1075
f 1072/1072 1075/1075 1073/1073
f 1073/1073 1075/1075 1076/1076
f 1073/1073 1076/1076 1061/1061
f 1061/1061 1076/1076 1063/1063
f 1077/1077 1078/1078 1079/1079
f 1079/1079 1078/1078 1080/1080
f 1079/1079 1080/1080 1081/1081
f 1081/1081 1080/1080 1082/1082
f 1081/1081 1082/1082 1083/1083
f 1083/1083 1082/1082 1084/1084
f 1083/1083 1084/1084 1085/1085
f 1085/1085 1084/1084 1086/1086
f 1085/1085 1086/1086 1087/1087
f 1087/1087 1086/1086 1088/1088
f 1087/1087 1088/1088 1089/1089
f 1089/1089 1088/1088 1090/1090
f 1089/1089 1090/1090 1091/1091
f 1091/1091 1090/1090 1092/1092
f 1091/1091 1092/1092 1093/1093
f 1093/1093 1092/1092 1094/1094
f 1093/1093 1094/1094 1095/1095
f 1095/1095 1094/1094 1096/1096
f 1095/1095 1096/1096 1097/1097
f 1097/1097 1096/1096 1098/1098
f 1097/1097 1098/1098 1099/1099
f 1099/1099 1098/1098 1100/1100
f 1099/1099 1100/1100 1101/1101
f 1101/1101 1100/1100 1102/1102
f 1101/1101 1102/1102 1047/1047
f 1047/1047 1102/1102 1103/1103
f 1103/1103 1102/1102 1104/1104
f 1103/1103 1104/1104 1105/1105
f 1105/1105 1104/1104 1106/1106
f 1105/1105 1106/1106 1107/1107
f 1107/1107 1106/1106 1108/1108
f 1107/1107 1108/1108 1109/1109
f 1109/1109 1108/1108 1110/1110
f 1109/1109 1110/1110 1111/1111
f 1078/1078 1112/1112 1080/1080
f 1080/1080 1112/1112 1113/1113
f 1080/1080 1113/1113 1082/1082
f 1082/1082 1113/1113 1114/1114
f 1082/1082 1114/1114 1084/1084
f 1084/1084 1114/1114 1115/1115
f 1084/1084 1115/1115 1086/1086
f 1086/1086 1115/1115 1116/1116
f 1086/1086 1116/1116 1088/1088
f 1088/1088 1116/1116 1117/1117
f 1088/1088 1117/1117 1090/1090
f 1090/1090 1117/1117 1118/1118
f 1090/1090 1118/1118 1092/1092
f 1092/1092 1118/1118 1119/1119
f 1092/1092 1119/1119 1094/1094
f 1094/1094 1119/1119 1120/1120
f 1094/1094 1120/1120 1096/1096
f 1096/1096 1120/1120 1121/1121
f 1096/1096 1121/1121 1098/1098
f 1098/1098 1121/1121 1122/1122
f 1098/1098 1122/1122 1100/1100
f 1100/1100 1122/1122 1123/1123
f 1100/1100 1123/1123 1102/1102
f 1102/1102 1123/1123 1104/1104
f 1112/1112 1124/1124 1113/1113
f 1113/1113 1124/1124 1125/1125
f 1113/1113 1125/1125 1114/1114
f 1114/1114 1125/1125 1126/1126
f 1114/1114 1126/1126 1127/1127
f 1114/1114 1127/1127 1115/1115
f 1115/1115 1127/1127 1128/1128
f 1115/1115 1128/1128 1116/1116
f 1116/1116 1128/1128 1129/1129
f 1116/1116 1129/1129 1117/1117
f 1117/1117 1129/1129 1130/1130
f 1117/1117 1130/1130 1118/1118
f 1118/1118 1130/1130 1131/1131
f 1118/1118 1131/1131 1119/1119
f 1119/1119 1131/1131 1132/1132
f 1119/1119 1132/1132 1120/1120
f 1120/1120 1132/1132 1133/1133
f 1120/1120 1133/1133 1121/1121
f 1121/1121 1133/1133 1134/1134
f 1121/1121 1134/1134 1122/1122
f 1122/1122 1134/1134 1135/1135
f 1122/1122 1135/1135 1123/1123
f 1123/1123 1135/1135 1104/1104
f 1104/1104 1135/1135 1106/1106
f 1124/1124 1136/1136 1125/1125
f 1125/1125 1136/1136 1137/1137
f 1125/1125 1137/1137 1126/1126
f 1126/1126 1137/1137 1138/1138
f 1126/1126 1138/1138 1127/1127
f 1127/1127 1138/1138 1139/1139
f 1127/1127 1139/1139 1128/1128
f 1128/1128 1139/1139 1140/1140
f 1128/1128 1140/1140 1129/1129
f 1129/1129 1140/1140 1141/1141
f 1129/1129 1141/1141 1130/1130
f 1130/1130 1141/1141 1142/1142
f 1130/1130 1142/1142 1131/1131
f 1131/1131 1142/1142 1143/1143
f 1131/1131 1143/1143 1132/1132
f 1132/1132 1143/1143 1144/1144
f 1132/1132 1144/1144 1133/1133
f 1133/1133 1144/1144 1145/1145
f 1133/1133 1145/1145 1134/1134
f 1134/1134 1145/1145 1146/1146
f 1134/1134 1146/1146 1135/1135
f 1135/1135 1146/1146 1147/1147
f 1135/1135 1147/1147 1106/1106
f 1106/1106 1147/1147 1108/1108
f 1148/1148 1149/1149 1136/1136
f 1136/1136 1149/1149 1137/1137
f 1149/1149 1150/1150 1137/1137
f 1137/1137 1150/1150 1138/1138
f 1150/1150 1151/1151 1138/1138
f 1138/1138 1151/1151 1139/1139
f 1151/1151 1152/1152 1139/1139
f 1139/1139 1152/1152 1140/1140
f 1152/1152 1153/1153 1140/1140
f 1140/1140 1153/1153 1141/1141
f 1153/1153 1154/1154 1141/1141
f 1141/1141 1154/1154 1142/1142
f 1154/1154 1155/1155 1142/1142
f 1142/1142 1155/1155 1143/1143
f 1155/1155 1156/1156 1143/1143
f 1143/1143 1156/1156 1144/1144
f 1156/1156 1157/1157 1144/1144
f 1144/1144 1157/1157 1145/1145
f 1157/1157 1158/1158 1145/1145
f 1145/1145 1158/1158 1146/1146
f 1158/1158 1159/1159 1146/1146
f 1146/1146 1159/1159 1147/1147
f 1159/1159 1160/1160 1147/1147
f 1147/1147 1160/1160 1108/1108
f 1160/1160 1110/1110 1108/1108
f 1161/1161 1162/1162 1163/1163
f 1163/1163 1162/1162 1164/1164
f 1163/1163 1164/1164 1165/1165
f 1165/1165 1164/1164 1166/1166
f 1165/1165 1166/1166 1167/1167
f 1167/1167 1166/1166 1168/1168
f 1167/1167 1168/1168 1169/1169
f 1169/1169 1168/1168 1170/1170
f 1170/1170 1168/1168 1171/1171
f 1170/1170 1171/1171 1172/1172
f 1172/1172 1171/1171 1173/1173
f 1172/1172 1173/1173 1174/1174
f 1174/1174 1173/1173 1175/1175
f 1174/1174 1175/1175 1176/1176
f 1176/1176 1175/1175 1177/1177
f 1176/1176 1177/1177 1178/1178
f 1162/1162 1179/1179 1164/1164
f 1164/1164 1179/1179 1180/1180
f 1164/1164 1180/1180 1166/1166
f 1166/1166 1180/1180 1181/1181
f 1166/1166 1181/1181 1168/1168
f 1168/1168 1181/1181 1171/1171
f 1179/1179 1182/1182 1180/1180
f 1180/1180 1182/1182 1183/1183
f 1180/1180 1183/1183 1181/1181
f 1181/1181 1183/1183 1184/1184
f 1181/1181 1184/1184 1171/1171
f 1171/1171 1184/1184 1173/1173
f 1182/1182 1185/1185 1183/1183
f 1183/1183 1185/1185 1186/1186
f 1183/1183 1186/1186 1184/1184
f 1184/1184 1186/1186 1187/1187
f 1184/1184 1187/1187 1173/1173
f 1173/1173 1187/1187 1175/1175
f 1185/1185 1188/1188 1186/1186
f 1186/1186 1188/1188 1189/1189
f 1186/1186 1189/1189 1187/1187
f 1187/1187 1189/1189 1190/1190
f 1187/1187 1190/1190 1175/1175
f 1175/1175 1190/1190 1177/1177
f 1191/1191 1192/1192 1193/1193
f 1193/1193 1192/1192 1194/1194
f 1193/1193 1194/1194 1195/1195
f 1195/1195 1194/1194 1196/1196
f 1195/1195 1196/1196 1197/1197
f 1197/1197 1196/1196 1198/1198
f 1197/1197 1198/1198 1199/1199
f 1199/1199 1198/1198 1200/1200
f 1199/1199 1200/1200 1201/1201
f 1201/1201 1200/1200 1202/1202
f 1201/1201 1202/1202 1203/1203
f 1203/1203 1202/1202 1204/1204
f 1203/1203 1204/1204 1205/1205
f 1205/1205 1204/1204 1206/1206
f 1205/1205 1206/1206 1207/1207
f 1207/1207 1206/1206 1208/1208
f 1208/1208 1206/1206 1209/1209
f 1208/1208 1209/1209 1210/1210
f 1210/1210 1209/1209 1211/1211
f 1210/1210 1211/1211 1212/1212
f 1212/1212 1211/1211 1213/1213
f 1212/1212 1213/1213 1214/1214
f 1214/1214 1213/1213 1215/1215
f 1214/1214 1215/1215 1216/1216
f 1192/1192 1217/1217 1194/1194
f 1194/1194 1217/1217 1218/1218
f 1194/1194 1218/1218 1196/1196
f 1196/1196 1218/1218 1219/1219
f 1196/1196 1219/1219 1198/1198
f 1198/1198 1219/1219 1220/1220
f 1198/1198 1220/1220 1200/1200
f 1200/1200 1220/1220 1221/1221
f 1200/1200 1221/1221 1202/1202
f 1202/1202 1221/1221 1222/1222
f 1202/1202 1222/1222 1204/1204
f 1204/1204 1222/1222 1223/1223
f 1204/1204 1223/1223 1206/1206
f 1206/1206 1223/1223 1209/1209
f 1217/1217 1224/1224 1218/1218
f 1218/1218 1224/1224 1225/1225
f 1218/1218 1225/1225 1219/1219
f 1219/1219 1225/1225 1226/1226
f 1219/1219 1226/1226 1227/1227
f 1219/1219 1227/1227 1220/1220
f 1220/1220 1227/1227 1228/1228
f 1220/1220 1228/1228 1221/1221
f 1221/1221 1228/1228 1229/1229
f 1221/1221 1229/1229 1222/1222
f 1222/1222 1229/1229 1230/1230
f 1222/1222 1230/1230 1223/1223
f 1223/1223 1230/1230 1209/1209
f 1209/1209 1230/1230 1211/1211
f 1224/1224 1231/1231 1225/1225
f 1225/1225 1231/1231 1232/1232
f 1225/1225 1232/1232 1226/1226
f 1226/1226 1232/1232 1233/1233
f 1226/1226 1233/1233 1227/1227
f 1227/1227 1233/1233 1234/1234
f 1227/1227 1234/1234 1228/1228
f 1228/1228 1234/1234 1235/1235
f 1228/1228 1235/1235 1229/1229
f 1229/1229 1235/1235 1236/1236
f 1229/1229 1236/1236 1230/1230
f 1230/1230 1236/1236 1237/1237
f 1230/1230 1237/1237 1211/1211
f 1211/1211 1237/1237 1213/1213
f 1231/1231 1238/1238 1232/1232
f 1232/1232 1238/1238 1239/1239
f 1232/1232 1239/1239 1233/1233
f 1233/1233 1239/1239 1240/1240
f 1233/1233 1240/1240 1234/1234
f 1234/1234 1240/1240 1241/1241
f 1234/1234 1241/1241 1235/1235
f 1235/1235 1241/1241 1242/1242
f 1235/1235 1242/1242 1236/1236
f 1236/1236 1242/1242 1243/1243
f 1236/1236 1243/1243 1237/1237
f 1237/1237 1243/1243 1244/1244
f 1237/1237 1244/1244 1213/1213
f 1213/1213 1244/1244 1215/1215
f 555/555 1245/1245 1246/1246
f 1246/1246 1245/1245 1247/1247
f 1246/1246 1247/1247 1248/1248
f 1248/1248 1247/1247 1249/1249
f 1248/1248 1249/1249 1250/1250
f 1250/1250 1249/1249 1251/1251
f 1250/1250 1251/1251 1252/1252
f 1252/1252 1251/1251 1253/1253
f 1253/1253 1251/1251 1254/1254
f 1253/1253 1254/1254 1255/1255
f 1255/1255 1254/1254 1256/1256
f 1255/1255 1256/1256 1257/1257
f 1257/1257 1256/1256 1258/1258
f 1257/1257 1258/1258 1259/1259
f 1259/1259 1258/1258 1260/1260
f 1259/1259 1260/1260 1261/1261
f 1245/1245 1262/1262 1247/1247
f 1247/1247 1262/1262 1263/1263
f 1247/1247 1263/1263 1249/1249
f 1249/1249 1263/1263 1264/1264
f 1249/1249 1264/1264 1251/1251
f 1251/1251 1264/1264 1254/1254
f 1262/1262 1265/1265 1263/1263
f 1263/1263 1265/1265 1266/1266
f 1263/1263 1266/1266 1264/1264
f 1264/1264 1266/1266 1267/1267
f 1264/1264 1267/1267 1254/1254
f 1254/1254 1267/1267 1256/1256
f 1265/1265 1268/1268 1266/1266
f 1266/1266 1268/1268 1269/1269
f 1266/1266 1269/1269 1267/1267
f 1267/1267 1269/1269 1270/1270
f 1267/1267 1270/1270 1256/1256
f 1256/1256 1270/1270 1258/1258
f 1268/1268 1271/1271 1269/1269
f 1269/1269 1271/1271 1272/1272
f 1269/1269 1272/1272 1270/1270
f 1270/1270 1272/1272 1273/1273
f 1270/1270 1273/1273 1258/1258
f 1258/1258 1273/1273 1260/1260
f 1274/1274 1275/1275 1276/1276
f 1276/1276 1275/1275 1277/1277
f 1276/1276 1277/1277 1278/1278
f 1278/1278 1277/1277 1279/1279
f 1278/1278 1279/1279 1280/1280
f 1280/1280 1279/1279 1281/1281
f 1280/1280 1281/1281 1282/1282
f 1282/1282 1281/1281 1283/1283
f 1284/1284 1285/1285 1286/1286
f 1286/1286 1285/1285 1287/1287
f 1286/1286 1287/1287 1288/1288
f 1288/1288 1287/1287 1289/1289
f 1288/1288 1289/1289 1290/1290
f 1290/1290 1289/1289 1291/1291
f 1290/1290 1291/1291 1292/1292
f 1292/1292 1291/1291 1293/1293
f 1292/1292 1293/1293 1294/1294
f 1294/1294 1293/1293 1295/1295
f 1294/1294 1295/1295 1296/1296
f 1296/1296 1295/1295 1297/1297
f 1296/1296 1297/1297 1298/1298
f 1298/1298 1297/1297 1299/1299
f 1298/1298 1299/1299 1300/1300
f 1300/1300 1299/1299 1301/1301
f 1302/1302 1303/1303 1304/1304
f 1304/1304 1303/1303 1305/1305
f 1304/1304 1305/1305 1306/1306
f 1306/1306 1305/1305 1307/1307
f 1306/1306 1307/1307 1308/1308
f 1308/1308 1307/1307 1309/1309
f 1308/1308 1309/1309 1310/1310
f 1310/1310 1309/1309 1311/1311
f 1312/1312 1313/1313 1314/1314
f 1314/1314 1313/1313 1315/1315
f 1314/1314 1315/1315 1316/1316
f 1314/1314 1316/1316 1317/1317
f 1317/1317 1316/1316 1318/1318
f 1317/1317 1318/1318 1319/1319
f 1319/1319 1318/1318 1320/1320
f 1319/1319 1320/1320 1321/1321
f 1321/1321 1320/1320 1322/1322
f 1321/1321 1322/1322 1323/1323
f 1323/1323 1322/1322 1324/1324
f 1323/1323 1324/1324 1325/1325
f 1325/1325 1324/1324 1326/1326
f 1325/1325 1326/1326 1327/1327
f 1327/1327 1326/1326 1328/1328
f 1327/1327 1328/1328 1329/1329
f 1329/1329 1328/1328 1330/1330
f 1329/1329 1330/1330 1331/1331
f 1331/1331 1330/1330 1332/1332
f 1331/1331 1332/1332 1333/1333
f 1333/1333 1332/1332 1334/1334
f 1333/1333 1334/1334 1335/1335
f 1335/1335 1334/1334 1336/1336
f 1335/1335 1336/1336 1337/1337
f 1337/1337 1336/1336 1338/1338
f 1337/1337 1338/1338 1339/1339
f 1339/1339 1338/1338 1340/1340
f 1340/1340 1338/1338 1341/1341
f 1342/1342 1343/1343 1344/1344
f 1344/1344 1343/1343 1345/1345
f 1344/1344 1345/1345 1346/1346
f 1346/1346 1345/1345 1347/1347
f 1346/1346 1347/1347 1348/1348
f 1348/1348 1347/1347 1349/1349
f 1348/1348 1349/1349 1350/1350
f 1350/1350 1349/1349 1351/1351
f 1352/1352 1353/1353 1354/1354
f 1354/1354 1353/1353 1355/1355
f 1354/1354 1355/1355 1356/1356
f 1356/1356 1355/1355 1357/1357
f 1356/1356 1357/1357 1358/1358
f 1358/1358 1357/1357 1359/1359
f 1358/1358 1359/1359 1360/1360
f 1360/1360 1359/1359 1361/1361
f 1360/1360 1361/1361 1362/1362
f 1362/1362 1361/1361 1363/1363
f 1362/1362 1363/1363 1364/1364
f 1364/1364 1363/1363 1365/1365
f 1364/1364 1365/1365 1366/1366
f 1366/1366 1365/1365 1367/1367
f 1366/1366 1367/1367 1368/1368
f 1368/1368 1367/1367 1369/1369
f 1370/1370 1371/1371 1372/1372
f 1372/1372 1371/1371 1373/1373
f 1372/1372 1373/1373 1374/1374
f 1374/1374 1373/1373 1375/1375
f 1374/1374 1375/1375 1376/1376
f 1376/1376 1375/1375 1377/1377
f 1376/1376 1377/1377 1378/1378
f 1378/1378 1377/1377 1379/1379
f 1380/1380 1381/1381 1382/1382
f 1382/1382 1381/1381 1383/1383
f 1382/1382 1383/1383 1384/1384
f 1382/1382 1384/1384 1385/1385
f 1385/1385 1384/1384 1386/1386
f 1385/1385 1386/1386 1387/1387
f 1387/1387 1386/1386 1388/1388
f 1387/1387 1388/1388 1389/1389
f 1389/1389 1388/1388 1390/1390
f 1389/1389 1390/1390 1391/1391
f 1391/1391 1390/1390 1392/1392
f 1391/1391 1392/1392 1393/1393
f 1393/1393 1392/1392 1394/1394
f 1393/1393 1394/1394 1395/1395
f 1395/1395 1394/1394 1396/1396
f 1395/1395 1396/1396 1397/1397
f 1397/1397 1396/1396 1398/1398
f 1397/1397 1398/1398 1399/1399
f 1399/1399 1398/1398 1400/1400
f 1399/1399 1400/1400 1401/1401
f 1401/1401 1400/1400 1402/1402
f 1401/1401 1402/1402 1403/1403
f 1403/1403 1402/1402 1404/1404
f 1403/1403 1404/1404 1405/1405
f 1405/1405 1404/1404 1406/1406
f 1405/1405 1406/1406 1407/1407
f 1407/1407 1406/1406 1408/1408
f 1408/1408 1406/1406 1409/1409
f 1410/1410 1411/1411 1412/1412
f 1412/1412 1411/1411 1413/1413
f 1412/1412 1413/1413 1414/1414
f 1414/1414 1413/1413 1415/1415
f 1414/1414 1415/1415 1416/1416
f 1416/1416 1415/1415 1417/1417
f 1416/1416 1417/1417 1418/1418
f 1418/1418 1417/1417 1419/1419
f 1419/1419 1417/1417 1420/1420
f 1419/1419 1420/1420 1421/1421
f 1421/1421 1420/1420 1422/1422
f 1421/1421 1422/1422 1423/1423
f 1423/1423 1422/1422 1424/1424
f 1423/1423 1424/1424 1425/1425
f 1425/1425 1424/1424 1426/1426
f 1425/1425 1426/1426 1427/1427
f 1411/1411 1428/1428 1413/1413
f 1413/1413 1428/1428 1429/1429
f 1413/1413 1429/1429 1415/1415
f 1415/1415 1429/1429 1430/1430
f 1415/1415 1430/1430 1417/1417
f 1417/1417 1430/1430 1420/1420
f 1428/1428 1431/1431 1429/1429
f 1429/1429 1431/1431 1432/1432
f 1429/1429 1432/1432 1430/1430
f 1430/1430 1432/1432 1433/1433
f 1430/1430 1433/1433 1420/1420
f 1420/1420 1433/1433 1422/1422
f 1431/1431 1434/1434 1432/1432
f 1432/1432 1434/1434 1435/1435
f 1432/1432 1435/1435 1433/1433
f 1433/1433 1435/1435 1436/1436
f 1433/1433 1436/1436 1422/1422
f 1422/1422 1436/1436 1424/1424
f 1434/1434 1437/1437 1435/1435
f 1435/1435 1437/1437 1438/1438
f 1435/1435 1438/1438 1436/1436
f 1436/1436 1438/1438 1439/1439
f 1436/1436 1439/1439 1424/1424
f 1424/1424 1439/1439 1426/1426
f 1440/1440 1441/1441 1442/1442
f 1442/1442 1441/1441 1443/1443
f 1442/1442 1443/1443 1444/1444
f 1444/1444 1443/1443 1445/1445
f 1444/1444 1445/1445 1446/1446
f 1446/1446 1445/1445 1447/1447
f 1446/1446 1447/1447 1448/1448
f 1448/1448 1447/1447 1449/1449
f 1448/1448 1449/1449 1450/1450
f 1450/1450 1449/1449 1451/1451
f 1450/1450 1451/1451 1452/1452
f 1452/1452 1451/1451 1453/1453
f 1452/1452 1453/1453 1454/1454
f 1454/1454 1453/1453 1455/1455
f 1454/1454 1455/1455 1456/1456
f 1456/1456 1455/1455 1457/1457
f 1457/1457 1455/1455 1458/1458
f 1457/1457 1458/1458 1459/1459
f 1459/1459 1458/1458 1460/1460
f 1459/1459 1460/1460 1461/1461
f 1461/1461 1460/1460 1462/1462
f 1461/1461 1462/1462 1463/1463
f 1463/1463 1462/1462 1464/1464
f 1463/1463 1464/1464 1465/1465
f 1441/1441 1466/1466 1443/1443
f 1443/1443 1466/1466 1467/1467
f 1443/1443 1467/1467 1445/1445
f 1445/1445 1467/1467 1468/1468
f 1445/1445 1468/1468 1447/1447
f 1447/1447 1468/1468 1469/1469
f 1447/1447 1469/1469 1449/1449
f 1449/1449 1469/1469 1470/1470
f 1449/1449 1470/1470 1451/1451
f 1451/1451 1470/1470 1471/1471
f 1451/1451 1471/1471 1453/1453
f 1453/1453 1471/1471 1472/1472
f 1453/1453 1472/1472 1455/1455
f 1455/1455 1472/1472 1458/1458
f 1466/1466 1473/1473 1467/1467
f 1467/1467 1473/1473 1474/1474
f 1467/1467 1474/1474 1468/1468
f 1468/1468 1474/1474 1475/1475
f 1468/1468 1475/1475 1476/1476
f 1468/1468 1476/1476 1469/1469
f 1469/1469 1476/1476 1477/1477
f 1469/1469 1477/1477 1470/1470
f 1470/1470 1477/1477 1478/1478
f 1470/1470 1478/1478 1471/1471
f 1471/1471 1478/1478 1479/1479
f 1471/1471 1479/1479 1472/1472
f 1472/1472 1479/1479 1458/1458
f 1458/1458 1479/1479 1460/1460
f 1473/1473 1480/1480 1474/1474
f 1474/1474 1480/1480 1481/1481
f 1474/1474 1481/1481 1475/1475
f 1475/1475 1481/1481 1482/1482
f 1475/1475 1482/1482 1476/1476
f 1476/1476 1482/1482 1483/1483
f 1476/1476 1483/1483 1477/1477
f 1477/1477 1483/1483 1484/1484
f 1477/1477 1484/1484 1478/1478
f 1478/1478 1484/1484 1485/1485
f 1478/1478 1485/1485 1479/1479
f 1479/1479 1485/1485 1486/1486
f 1479/1479 1486/1486 1460/1460
f 1460/1460 1486/1486 1462/1462
f 1480/1480 1487/1487 1481/1481
f 1481/1481 1487/1487 1488/1488
f 1481/1481 1488/1488 1482/1482
f 1482/1482 1488/1488 1489/1489
f 1482/1482 1489/1489 1483/1483
f 1483/1483 1489/1489 1490/1490
f 1483/1483 1490/1490 1484/1484
f 1484/1484 1490/1490 1491/1491
f 1484/1484 1491/1491 1485/1485
f 1485/1485 1491/1491 1492/1492
f 1485/1485 1492/1492 1486/1486
f 1486/1486 1492/1492 1493/1493
f 1486/1486 1493/1493 1462/1462
f 1462/1462 1493/1493 1464/1464
f 1494/1494 1495/1495 1496/1496
f 1496/1496 1495/1495 1497/1497
f 1496/1496 1497/1497 1498/1498
f 1498/1498 1497/1497 1499/1499
f 1498/1498 1499/1499 1500/1500
f 1500/1500 1499/1499 1501/1501
f 1500/1500 1501/1501 1502/1502
f 1502/1502 1501/1501 1503/1503
f 1503/1503 1501/1501 1504/1504
f 1503/1503 1504/1504 1505/1505
f 1505/1505 1504/1504 1506/1506
f 1505/1505 1506/1506 1507/1507
f 1507/1507 1506/1506 1508/1508
f 1507/1507 1508/1508 1509/1509
f 1509/1509 1508/1508 1510/1510
f 1509/1509 1510/1510 1511/1511
f 1495/1495 1512/1512 1497/1497
f 1497/1497 1512/1512 1513/1513
f 1497/1497 1513/1513 1499/1499
f 1499/1499 1513/1513 1514/1514
f 1499/1499 1514/1514 1501/1501
f 1501/1501 1514/1514 1504/1504
f 1512/1512 1515/1515 1513/1513
f 1513/1513 1515/1515 1516/1516
f 1513/1513 1516/1516 1514/1514
f 1514/1514 1516/1516 1517/1517
f 1514/1514 1517/1517 1504/1504
f 1504/1504 1517/1517 1506/1506
f 1515/1515 1518/1518 1516/1516
f 1516/1516 1518/1518 1519/1519
f 1516/1516 1519/1519 1517/1517
f 1517/1517 1519/1519 1520/1520
f 1517/1517 1520/1520 1506/1506
f 1506/1506 1520/1520 1508/1508
f 1518/1518 1521/1521 1519/1519
f 1519/1519 1521/1521 1522/1522
f 1519/1519 1522/1522 1520/1520
f 1520/1520 1522/1522 1523/1523
f 1520/1520 1523/1523 1508/1508
f 1508/1508 1523/1523 1510/1510
f 1524/1524 1525/1525 1526/1526
f 1526/1526 1525/1525 1527/1527
f 1526/1526 1527/1527 1528/1528
f 1528/1528 1527/1527 1529/1529
f 1528/1528 1529/1529 1530/1530
f 1530/1530 1529/1529 1531/1531
f 1530/1530 1531/1531 1532/1532
f 1532/1532 1531/1531 1533/1533
f 1532/1532 1533/1533 1534/1534
f 1534/1534 1533/1533 1535/1535
f 1534/1534 1535/1535 1536/1536
f 1536/1536 1535/1535 1537/1537
f 1536/1536 1537/1537 1538/1538
f 1538/1538 1537/1537 1539/1539
f 1538/1538 1539/1539 1540/1540
f 1540/1540 1539/1539 1541/1541
f 1540/1540 1541/1541 1542/1542
f 1542/1542 1541/1541 1543/1543
f 1542/1542 1543/1543 1544/1544
f 1544/1544 1543/1543 1545/1545
f 1544/1544 1545/1545 1546/1546
f 1546/1546 1545/1545 1547/1547
f 1546/1546 1547/1547 1548/1548
f 1548/1548 1547/1547 1549/1549
f 1548/1548 1549/1549 1550/1550
f 1550/1550 1549/1549 1551/1551
f 1551/1551 1549/1549 1552/1552
f 1551/1551 1552/1552 1553/1553
f 1553/1553 1552/1552 1554/1554
f 1553/1553 1554/1554 1555/1555
f 1555/1555 1554/1554 1556/1556
f 1555/1555 1556/1556 1557/1557
f 1557/1557 1556/1556 1558/1558
f 1557/1557 1558/1558 1559/1559
f 1525/1525 1560/1560 1527/1527
f 1527/1527 1560/1560 1561/1561
f 1527/1527 1561/1561 1529/1529
f 1529/1529 1561/1561 1562/1562
f 1529/1529 1562/1562 1531/1531
f 1531/1531 1562/1562 1563/1563
f 1531/1531 1563/1563 1533/1533
f 1533/1533 1563/1563 1564/1564
f 1533/1533 1564/1564 1535/1535
f 1535/1535 1564/1564 1565/1565
f 1535/1535 1565/1565 1537/1537
f 1537/1537 1565/1565 1566/1566
f 1537/1537 1566/1566 1539/1539
f 1539/1539 1566/1566 1567/1567
f 1539/1539 1567/1567 1541/1541
f 1541/1541 1567/1567 1568/1568
f 1541/1541 1568/1568 1543/1543
f 1543/1543 1568/1568 1569/1569
f 1543/1543 1569/1569 1545/1545
f 1545/1545 1569/1569 1570/1570
f 1545/1545 1570/1570 1547/1547
f 1547/1547 1570/1570 1571/1571
f 1547/1547 1571/1571 1549/1549
f 1549/1549 1571/1571 1552/1552
f 1560/1560 1572/1572 1561/1561
f 1561/1561 1572/1572 1573/1573
f 1561/1561 1573/1573 1562/1562
f 1562/1562 1573/1573 1574/1574
f 1562/1562 1574/1574 1575/1575
f 1562/1562 1575/1575 1563/1563
f 1563/1563 1575/1575 1576/1576
f 1563/1563 1576/1576 1564/1564
f 1564/1564 1576/1576 1577/1577
f 1564/1564 1577/1577 1565/1565
f 1565/1565 1577/1577 1578/1578
f 1565/1565 1578/1578 1566/1566
f 1566/1566 1578/1578 1579/1579
f 1566/1566 1579/1579 1567/1567
f 1567/1567 1579/1579 1580/1580
f 1567/1567 1580/1580 1568/1568
f 1568/1568 1580/1580 1581/1581
f 1568/1568 1581/1581 1569/1569
f 1569/1569 1581/1581 1582/1582
f 1569/1569 1582/1582 1570/1570
f 1570/1570 1582/1582 1583/1583
f 1570/1570 1583/1583 1571/1571
f 1571/1571 1583/1583 1552/1552
f 1552/1552 1583/1583 1554/1554
f 1572/1572 1584/1584 1573/1573
f 1573/1573 1584/1584 1585/1585
f 1573/1573 1585/1585 1574/1574
f 1574/1574 1585/1585 1586/1586
f 1574/1574 1586/1586 1575/1575
f 1575/1575 1586/1586 1587/1587
f 1575/1575 1587/1587 1576/1576
f 1576/1576 1587/1587 1588/1588
f 1576/1576 1588/1588 1577/1577
f 1577/1577 1588/1588 1589/1589
f 1577/1577 1589/1589 1578/1578
f 1578/1578 1589/1589 1590/1590
f 1578/1578 1590/1590 1579/1579
f 1579/1579 1590/1590 1591/1591
f 1579/1579 1591/1591 1580/1580
f 1580/1580 1591/1591 1592/1592
f 1580/1580 1592/1592 1581/1581
f 1581/1581 1592/1592 1593/1593
f 1581/1581 1593/1593 1582/1582
f 1582/1582 1593/1593 1594/1594
f 1582/1582 1594/1594 1583/1583
f 1583/1583 1594/1594 1595/1595
f 1583/1583 1595/1595 1554/1554
f 1554/1554 1595/1595 1556/1556
f 1596/1596 1597/1597 1584/1584
f 1584/1584 1597/1597 1585/1585
f 1597/1597 1598/1598 1585/1585
f 1585/1585 1598/1598 1586/1586
f 1598/1598 1599/1599 1586/1586
f 1586/1586 1599/1599 1587/1587
f 1599/1599 1600/1600 1587/1587
f 1587/1587 1600/1600 1588/1588
f 1600/1600 1601/1601 1588/1588
f 1588/1588 1601/1601 1589/1589
f 1601/1601 1602/1602 1589/1589
f 1589/1589 1602/1602 1590/1590
f 1602/1602 1603/1603 1590/1590
f 1590/1590 1603/1603 1591/1591
f 1603/1603 1604/1604 1591/1591
f 1591/1591 1604/1604 1592/1592
f 1604/1604 1605/1605 1592/1592
f 1592/1592 1605/1605 1593/1593
f 1605/1605 1606/1606 1593/1593
f 1593/1593 1606/1606 1594/1594
f 1606/1606 1607/1607 1594/1594
f 1594/1594 1607/1607 1595/1595
f 1607/1607 1608/1608 1595/1595
f 1595/1595 1608/1608 1556/1556
f 1608/1608 1558/1558 1556/1556
f 1609/1609 1610/1610 1611/1611
f 1611/1611 1610/1610 1612/1612
f 1611/1611 1612/1612 1613/1613
f 1613/1613 1612/1612 1614/1614
f 1613/1613 1614/1614 1615/1615
f 1615/1615 1614/1614 1616/1616
f 1615/1615 1616/1616 1524/1524
f 1524/1524 1616/1616 1617/1617
f 1617/1617 1616/1616 1618/1618
f 1617/1617 1618/1618 1619/1619
f 1619/1619 1618/1618 1620/1620
f 1619/1619 1620/1620 1621/1621
f 1621/1621 1620/1620 1622/1622
f 1621/1621 1622/1622 1623/1623
f 1623/1623 1622/1622 1624/1624
f 1623/1623 1624/1624 1625/1625
f 1610/1610 1626/1626 1612/1612
f 1612/1612 1626/1626 1627/1627
f 1612/1612 1627/1627 1614/1614
f 1614/1614 1627/1627 1628/1628
f 1614/1614 1628/1628 1616/1616
f 1616/1616 1628/1628 1618/1618
f 1626/1626 1629/1629 1627/1627
f 1627/1627 1629/1629 1630/1630
f 1627/1627 1630/1630 1628/1628
f 1628/1628 1630/1630 1631/1631
f 1628/1628 1631/1631 1618/1618
f 1618/1618 1631/1631 1620/1620
f 1629/1629 1632/1632 1630/1630
f 1630/1630 1632/1632 1633/1633
f 1630/1630 1633/1633 1631/1631
f 1631/1631 1633/1633 1634/1634
f 1631/1631 1634/1634 1620/1620
f 1620/1620 1634/1634 1622/1622
f 1632/1632 1635/1635 1633/1633
f 1633/1633 1635/1635 1636/1636
f 1633/1633 1636/1636 1634/1634
f 1634/1634 1636/1636 1637/1637
f 1634/1634 1637/1637 1622/1622
f 1622/1622 1637/1637 1624/1624
f 1638/1638 1639/1639 1640/1640
f 1640/1640 1639/1639 1641/1641
f 1640/1640 1641/1641 1642/1642
f 1642/1642 1641/1641 1643/1643
f 1642/1642 1643/1643 1644/1644
f 1644/1644 1643/1643 1645/1645
f 1644/1644 1645/1645 1646/1646
f 1646/1646 1645/1645 1647/1647
f 1646/1646 1647/1647 1648/1648
f 1648/1648 1647/1647 1649/1649
f 1648/1648 1649/1649 1650/1650
f 1650/1650 1649/1649 1651/1651
f 1650/1650 1651/1651 1652/1652
f 1652/1652 1651/1651 1653/1653
f 1652/1652 1653/1653 1654/1654
f 1654/1654 1653/1653 1655/1655
f 1655/1655 1653/1653 1656/1656
f 1655/1655 1656/1656 1657/1657
f 1657/1657 1656/1656 1658/1658
f 1657/1657 1658/1658 1659/1659
f 1659/1659 1658/1658 1660/1660
f 1659/1659 1660/1660 1661/1661
f 1661/1661 1660/1660 1662/1662
f 1661/1661 1662/1662 1663/1663
f 1639/1639 1664/1664 1641/1641
f 1641/1641 1664/1664 1665/1665
f 1641/1641 1665/1665 1643/1643
f 1643/1643 1665/1665 1666/1666
f 1643/1643 1666/1666 1645/1645
f 1645/1645 1666/1666 1667/1667
f 1645/1645 1667/1667 1647/1647
f 1647/1647 1667/1667 1668/1668
f 1647/1647 1668/1668 1649/1649
f 1649/1649 1668/1668 1669/1669
f 1649/1649 1669/1669 1651/1651
f 1651/1651 1669/1669 1670/1670
f 1651/1651 1670/1670 1653/1653
f 1653/1653 1670/1670 1656/1656
f 1664/1664 1671/1671 1665/1665
f 1665/1665 1671/1671 1672/1672
f 1665/1665 1672/1672 1666/1666
f 1666/1666 1672/1672 1673/1673
f 1666/1666 1673/1673 1674/1674
f 1666/1666 1674/1674 1667/1667
f 1667/1667 1674/1674 1675/1675
f 1667/1667 1675/1675 1668/1668
f 1668/1668 1675/1675 1676/1676
f 1668/1668 1676/1676 1669/1669
f 1669/1669 1676/1676 1677/1677
f 1669/1669 1677/1677 1670/1670
f 1670/1670 1677/1677 1656/1656
f 1656/1656 1677/1677 1658/1658
f 1671/1671 1678/1678 1672/1672
f 1672/1672 1678/1678 1679/1679
f 1672/1672 1679/1679 1673/1673
f 1673/1673 1679/1679 1680/1680
f 1673/1673 1680/1680 1674/1674
f 1674/1674 1680/1680 1681/1681
f 1674/1674 1681/1681 1675/1675
f 1675/1675 1681/1681 1682/1682
f 1675/1675 1682/1682 1676/1676
f 1676/1676 1682/1682 1683/1683
f 1676/1676 1683/1683 1677/1677
f 1677/1677 1683/1683 1684/1684
f 1677/1677 1684/1684 1658/1658
f 1658/1658 1684/1684 1660/1660
f 1678/1678 1685/1685 1679/1679
f 1679/1679 1685/1685 1686/1686
f 1679/1679 1686/1686 1680/1680
f 1680/1680 1686/1686 1687/1687
f 1680/1680 1687/1687 1681/1681
f 1681/1681 1687/1687 1688/1688
f 1681/1681 1688/1688 1682/1682
f 1682/1682 1688/1688 1689/1689
f 1682/1682 1689/1689 1683/1683
f 1683/1683 1689/1689 1690/1690
f 1683/1683 1690/1690 1684/1684
f 1684/1684 1690/1690 1691/1691
f 1684/1684 1691/1691 1660/1660
f 1660/1660 1691/1691 1662/1662
f 1692/1692 1693/1693 1694/1694
f 1694/1694 1693/1693 1695/1695
f 1694/1694 1695/1695 1696/1696
f 1696/1696 1695/1695 1697/1697
f 1696/1696 1697/1697 1698/1698
f 1698/1698 1697/1697 1699/1699
f 1698/1698 1699/1699 1700/1700
f 1700/1700 1699/1699 1701/1701
f 1701/1701 1699/1699 1702/1702
f 1701/1701 1702/1702 1703/1703
f 1703/1703 1702/1702 1704/1704
f 1703/1703 1704/1704 1705/1705
f 1705/1705 1704/1704 1706/1706
f 1705/1705 1706/1706 1707/1707
f 1707/1707 1706/1706 1708/1708
f 1707/1707 1708/1708 1709/1709
f 1693/1693 1710/1710 1695/1695
f 1695/1695 1710/1710 1711/1711
f 1695/1695 1711/1711 1697/1697
f 1697/1697 1711/1711 1712/1712
f 1697/1697 1712/1712 1699/1699
f 1699/1699 1712/1712 1702/1702
f 1710/1710 1713/1713 1711/1711
f 1711/1711 1713/1713 1714/1714
f 1711/1711 1714/1714 1712/1712
f 1712/1712 1714/1714 1715/1715
f 1712/1712 1715/1715 1702/1702
f 1702/1702 1715/1715 1704/1704
f 1713/1713 1716/1716 1714/1714
f 1714/1714 1716/1716 1717/1717
f 1714/1714 1717/1717 1715/1715
f 1715/1715 1717/1717 1718/1718
f 1715/1715 1718/1718 1704/1704
f 1704/1704 1718/1718 1706/1706
f 1716/1716 1719/1719 1717/1717
f 1717/1717 1719/1719 1720/1720
f 1717/1717 1720/1720 1718/1718
f 1718/1718 1720/1720 1721/1721
f 1718/1718 1721/1721 1706/1706
f 1706/1706 1721/1721 1708/1708
f 1722/1722 1723/1723 1724/1724
f 1724/1724 1723/1723 1725/1725
f 1724/1724 1725/1725 1726/1726
f 1726/1726 1725/1725 1727/1727
f 1726/1726 1727/1727 1728/1728
f 1728/1728 1727/1727 1729/1729
f 1728/1728 1729/1729 1730/1730
f 1730/1730 1729/1729 1731/1731
f 1730/1730 1731/1731 1732/1732
f 1732/1732 1731/1731 1733/1733
f 1732/1732 1733/1733 1734/1734
f 1734/1734 1733/1733 1735/1735
f 1734/1734 1735/1735 1736/1736
f 1736/1736 1735/1735 1737/1737
f 1736/1736 1737/1737 1738/1738
f 1738/1738 1737/1737 1739/1739
f 1738/1738 1739/1739 1740/1740
f 1740/1740 1739/1739 1741/1741
f 1740/1740 1741/1741 1742/1742
f 1742/1742 1741/1741 1743/1743
f 1742/1742 1743/1743 1744/1744
f 1744/1744 1743/1743 1745/1745
f 1744/1744 1745/1745 1746/1746
f 1746/1746 1745/1745 1747/1747
f 1746/1746 1747/1747 1748/1748
f 1748/1748 1747/1747 1749/1749
f 1749/1749 1747/1747 1750/1750
f 1749/1749 1750/1750 1751/1751
f 1751/1751 1750/1750 1752/1752
f 1751/1751 1752/1752 1753/1753
f 1753/1753 1752/1752 1754/1754
f 1753/1753 1754/1754 1755/1755
f 1755/1755 1754/1754 1756/1756
f 1755/1755 1756/1756 1757/1757
f 1723/1723 1758/1758 1725/1725
f 1725/1725 1758/1758 1759/1759
f 1725/1725 1759/1759 1727/1727
f 1727/1727 1759/1759 1760/1760
f 1727/1727 1760/1760 1729/1729
f 1729/1729 1760/1760 1761/1761
f 1729/1729 1761/1761 1731/1731
f 1731/1731 1761/1761 1762/1762
f 1731/1731 1762/1762 1733/1733
f 1733/1733 1762/1762 1763/1763
f 1733/1733 1763/1763 1735/1735
f 1735/1735 1763/1763 1764/1764
f 1735/1735 1764/1764 1737/1737
f 1737/1737 1764/1764 1765/1765
f 1737/1737 1765/1765 1739/1739
f 1739/1739 1765/1765 1766/1766
f 1739/1739 1766/1766 1741/1741
f 1741/1741 1766/1766 1767/1767
f 1741/1741 1767/1767 1743/1743
f 1743/1743 1767/1767 1768/1768
f 1743/1743 1768/1768 1745/1745
f 1745/1745 1768/1768 1769/1769
f 1745/1745 1769/1769 1747/1747
f 1747/1747 1769/1769 1750/1750
f 1758/1758 1770/1770 1759/1759
f 1759/1759 1770/1770 1771/1771
f 1759/1759 1771/1771 1760/1760
f 1760/1760 1771/1771 1772/1772
f 1760/1760 1772/1772 1773/1773
f 1760/1760 1773/1773 1761/1761
f 1761/1761 1773/1773 1774/1774
f 1761/1761 1774/1774 1762/1762
f 1762/1762 1774/1774 1775/1775
f 1762/1762 1775/1775 1763/1763
f 1763/1763 1775/1775 1776/1776
f 1763/1763 1776/1776 1764/1764
f 1764/1764 1776/1776 1777/1777
f 1764/1764 1777/1777 1765/1765
f 1765/1765 1777/1777 1778/1778
f 1765/1765 1778/1778 1766/1766
f 1766/1766 1778/1778 1779/1779
f 1766/1766 1779/1779 1767/1767
f 1767/1767 1779/1779 1780/1780
f 1767/1767 1780/1780 1768/1768
f 1768/1768 1780/1780 1781/1781
f 1768/1768 1781/1781 1769/1769
f 1769/1769 1781/1781 1750/1750
f 1750/1750 1781/1781 1752/1752
f 1770/1770 1782/1782 1771/1771
f 1771/1771 1782/1782 1783/1783
f 1771/1771 1783/1783 1772/1772
f 1772/1772 1783/1783 1784/1784
f 1772/1772 1784/1784 1773/1773
f 1773/1773 1784/1784 1785/1785
f 1773/1773 1785/1785 1774/1774
f 1774/1774 1785/1785 1786/1786
f 1774/1774 1786/1786 1775/1775
f 1775/1775 1786/1786 1787/1787
f 1775/1775 1787/1787 1776/1776
f 1776/1776 1787/1787 1788/1788
f 1776/1776 1788/1788 1777/1777
f 1777/1777 1788/1788 1789/1789
f 1777/1777 1789/1789 1778/1778
f 1778/1778 1789/1789 1790/1790
f 1778/1778 1790/1790 1779/1779
f 1779/1779 1790/1790 1791/1791
f 1779/1779 1791/1791 1780/1780
f 1780/1780 1791/1791 1792/1792
f 1780/1780 1792/1792 1781/1781
f 1781/1781 1792/1792 1793/1793
f 1781/1781 1793/1793 1752/1752
f 1752/1752 1793/1793 1754/1754
f 1794/1794 1795/1795 1782/1782
f 1782/1782 1795/1795 1783/1783
f 1795/1795 1796/1796 1783/1783
f 1783/1783 1796/1796 1784/1784
f 1796/1796 1797/1797 1784/1784
f 1784/1784 1797/1797 1785/1785
f 1797/1797 1798/1798 1785/1785
f 1785/1785 1798/1798 1786/1786
f 1798/1798 1799/1799 1786/1786
f 1786/1786 1799/1799 1787/1787
f 1799/1799 1800/1800 1787/1787
f 1787/1787 1800/1800 1788/1788
f 1800/1800 1801/1801 1788/1788
f 1788/1788 1801/1801 1789/1789
f 1801/1801 1802/1802 1789/1789
f 1789/1789 1802/1802 1790/1790
f 1802/1802 1803/1803 1790/1790
f 1790/1790 1803/1803 1791/1791
f 1803/1803 1804/1804 1791/1791
f 1791/1791 1804/1804 1792/1792
f 1804/1804 1805/1805 1792/1792
f 1792/1792 1805/1805 1793/1793
f 1805/1805 1806/1806 1793/1793
f 1793/1793 1806/1806 1754/1754
f 1806/1806 1756/1756 1754/1754
f 1807/1807 1808/1808 1809/1809
f 1809/1809 1808/1808 1810/1810
f 1809/1809 1810/1810 1811/1811
f 1811/1811 1810/1810 1812/1812
f 1811/1811 1812/1812 1813/1813
f 1813/1813 1812/1812 1814/1814
f 1813/1813 1814/1814 1722/1722
f 1722/1722 1814/1814 1815/1815
f 1815/1815 1814/1814 1816/1816
f 1815/1815 1816/1816 1817/1817
f 1817/1817 1816/1816 1818/1818
f 1817/1817 1818/1818 1819/1819
f 1819/1819 1818/1818 1820/1820
f 1819/1819 1820/1820 1821/1821
f 1821/1821 1820/1820 1822/1822
f 1821/1821 1822/1822 1823/1823
f 1808/1808 1824/1824 1810/1810
f 1810/1810 1824/1824 1825/1825
f 1810/1810 1825/1825 1812/1812
f 1812/1812 1825/1825 1826/1826
f 1812/1812 1826/1826 1814/1814
f 1814/1814 1826/1826 1816/1816
f 1824/1824 1827/1827 1825/1825
f 1825/1825 1827/1827 1828/1828
f 1825/1825 1828/1828 1826/1826
f 1826/1826 1828/1828 1829/1829
f 1826/1826 1829/1829 1816/1816
f 1816/1816 1829/1829 1818/1818
f 1827/1827 1830/1830 1828/1828
f 1828/1828 1830/1830 1831/1831
f 1828/1828 1831/1831 1829/1829
f 1829/1829 1831/1831 1832/1832
f 1829/1829 1832/1832 1818/1818
f 1818/1818 1832/1832 1820/1820
f 1830/1830 1833/1833 1831/1831
f 1831/1831 1833/1833 1834/1834
f 1831/1831 1834/1834 1832/1832
f 1832/1832 1834/1834 1835/1835
f 1832/1832 1835/1835 1820/1820
f 1820/1820 1835/1835 1822/1822
f 1836/1836 1837/1837 1838/1838
f 1838/1838 1837/1837 1839/1839
f 1838/1838 1839/1839 1840/1840
f 1840/1840 1839/1839 1841/1841
f 1840/1840 1841/1841 1842/1842
f 1842/1842 1841/1841 1843/1843
f 1842/1842 1843/1843 1844/1844
f 1844/1844 1843/1843 1845/1845
f 1844/1844 1845/1845 1846/1846
f 1846/1846 1845/1845 1847/1847
f 1846/1846 1847/1847 1848/1848
f 1848/1848 1847/1847 1849/1849
f 1848/1848 1849/1849 1850/1850
f 1850/1850 1849/1849 1851/1851
f 1850/1850 1851/1851 1852/1852
f 1852/1852 1851/1851 1853/1853
f 1853/1853 1851/1851 1854/1854
f 1853/1853 1854/1854 1855/1855
f 1855/1855 1854/1854 1856/1856
f 1855/1855 1856/1856 1857/1857
f 1857/1857 1856/1856 1858/1858
f 1857/1857 1858/1858 1859/1859
f 1859/1859 1858/1858 1860/1860
f 1859/1859 1860/1860 1861/1861
f 1837/1837 1862/1862 1839/1839
f 1839/1839 1862/1862 1863/1863
f 1839/1839 1863/1863 1841/1841
f 1841/1841 1863/1863 1864/1864
f 1841/1841 1864/1864 1843/1843
f 1843/1843 1864/1864 1865/1865
f 1843/1843 1865/1865 1845/1845
f 1845/1845 1865/1865 1866/1866
f 1845/1845 1866/1866 1847/1847
f 1847/1847 1866/1866 1867/1867
f 1847/1847 1867/1867 1849/1849
f 1849/1849 1867/1867 1868/1868
f 1849/1849 1868/1868 1851/1851
f 1851/1851 1868/1868 1854/1854
f 1862/1862 1869/1869 1863/1863
f 1863/1863 1869/1869 1870/1870
f 1863/1863 1870/1870 1864/1864
f 1864/1864 1870/1870 1871/1871
f 1864/1864 1871/1871 1872/1872
f 1864/1864 1872/1872 1865/1865
f 1865/1865 1872/1872 1873/1873
f 1865/1865 1873/1873 1866/1866
f 1866/1866 1873/1873 1874/1874
f 1866/1866 1874/1874 1867/1867
f 1867/1867 1874/1874 1875/1875
f 1867/1867 1875/1875 1868/1868
f 1868/1868 1875/1875 1854/1854
f 1854/1854 1875/1875 1856/1856
f 1869/1869 1876/1876 1870/1870
f 1870/1870 1876/1876 1877/1877
f 1870/1870 1877/1877 1871/1871
f 1871/1871 1877/1877 1878/1878
f 1871/1871 1878/1878 1872/1872
f 1872/1872 1878/1878 1879/1879
f 1872/1872 1879/1879 1873/1873
f 1873/1873 1879/1879 1880/1880
f 1873/1873 1880/1880 1874/1874
f 1874/1874 1880/1880 1881/1881
f 1874/1874 1881/1881 1875/1875
f 1875/1875 1881/1881 1882/1882
f 1875/1875 1882/1882 1856/1856
f 1856/1856 1882/1882 1858/1858
f 1876/1876 1883/1883 1877/1877
f 1877/1877 1883/1883 1884/1884
f 1877/1877 1884/1884 1878/1878
f 1878/1878 1884/1884 1885/1885
f 1878/1878 1885/1885 1879/1879
f 1879/1879 1885/1885 1886/1886
f 1879/1879 1886/1886 1880/1880
f 1880/1880 1886/1886 1887/1887
f 1880/1880 1887/1887 1881/1881
f 1881/1881 1887/1887 1888/1888
f 1881/1881 1888/1888 1882/1882
f 1882/1882 1888/1888 1889/1889
f 1882/1882 1889/1889 1858/1858
f 1858/1858 1889/1889 1860/1860
f 1890/1890 1891/1891 1892/1892
f 1892/1892 1891/1891 1893/1893
f 1892/1892 1893/1893 1894/1894
f 1894/1894 1893/1893 1895/1895
f 1894/1894 1895/1895 1896/1896
f 1896/1896 1895/1895 1897/1897
f 1896/1896 1897/1897 1898/1898
f 1898/1898 1897/1897 1899/1899
f 1899/1899 1897/1897 1900/1900
f 1899/1899 1900/1900 1901/1901
f 1901/1901 1900/1900 1902/1902
f 1901/1901 1902/1902 1903/1903
f 1903/1903 1902/1902 1904/1904
f 1903/1903 1904/1904 1905/1905
f 1905/1905 1904/1904 1906/1906
f 1905/1905 1906/1906 1907/1907
f 1891/1891 1908/1908 1893/1893
f 1893/1893 1908/1908 1909/1909
f 1893/1893 1909/1909 1895/1895
f 1895/1895 1909/1909 1910/1910
f 1895/1895 1910/1910 1897/1897
f 1897/1897 1910/1910 1900/1900
f 1908/1908 1911/1911 1909/1909
f 1909/1909 1911/1911 1912/1912
f 1909/1909 1912/1912 1910/1910
f 1910/1910 1912/1912 1913/1913
f 1910/1910 1913/1913 1900/1900
f 1900/1900 1913/1913 1902/1902
f 1911/1911 1914/1914 1912/1912
f 1912/1912 1914/1914 1915/1915
f 1912/1912 1915/1915 1913/1913
f 1913/1913 1915/1915 1916/1916
f 1913/1913 1916/1916 1902/1902
f 1902/1902 1916/1916 1904/1904
f 1914/1914 1917/1917 1915/1915
f 1915/1915 1917/1917 1918/1918
f 1915/1915 1918/1918 1916/1916
f 1916/1916 1918/1918 1919/1919
f 1916/1916 1919/1919 1904/1904
f 1904/1904 1919/1919 1906/1906
f 1920/1920 1921/1921 1922/1922
f 1922/1922 1921/1921 1923/1923
f 1922/1922 1923/1923 1924/1924
f 1924/1924 1923/1923 1925/1925
f 1924/1924 1925/1925 1926/1926
f 1926/1926 1925/1925 1927/1927
f 1926/1926 1927/1927 1928/1928
f 1928/1928 1927/1927 1929/1929
f 1928/1928 1929/1929 1930/1930
f 1930/1930 1929/1929 1931/1931
f 1930/1930 1931/1931 1932/1932
f 1932/1932 1931/1931 1933/1933
f 1932/1932 1933/1933 1934/1934
f 1934/1934 1933/1933 1935/1935
f 1934/1934 1935/1935 1936/1936
f 1936/1936 1935/1935 1937/1937
f 1936/1936 1937/1937 1938/1938
f 1938/1938 1937/1937 1939/1939
f 1938/1938 1939/1939 1940/1940
f 1940/1940 1939/1939 1941/1941
f 1940/1940 1941/1941 1942/1942
f 1942/1942 1941/1941 1943/1943
f 1942/1942 1943/1943 1944/1944
f 1944/1944 1943/1943 1945/1945
f 1944/1944 1945/1945 1946/1946
f 1946/1946 1945/1945 1947/1947
f 1947/1947 1945/1945 1948/1948
f 1947/1947 1948/1948 1949/1949
f 1949/1949 1948/1948 1950/1950
f 1949/1949 1950/1950 1951/1951
f 1951/1951 1950/1950 1952/1952
f 1951/1951 1952/1952 1953/1953
f 1953/1953 1952/1952 1954/1954
f 1953/1953 1954/1954 1955/1955
f 1921/1921 1956/1956 1923/1923
f 1923/1923 1956/1956 1957/1957
f 1923/1923 1957/1957 1925/1925
f 1925/1925 1957/1957 1958/1958
f 1925/1925 1958/1958 1927/1927
f 1927/1927 1958/1958 1959/1959
f 1927/1927 1959/1959 1929/1929
f 1929/1929 1959/1959 1960/1960
f 1929/1929 1960/1960 1931/1931
f 1931/1931 1960/1960 1961/1961
f 1931/1931 1961/1961 1933/1933
f 1933/1933 1961/1961 1962/1962
f 1933/1933 1962/1962 1935/1935
f 1935/1935 1962/1962 1963/1963
f 1935/1935 1963/1963 1937/1937
f 1937/1937 1963/1963 1964/1964
f 1937/1937 1964/1964 1939/1939
f 1939/1939 1964/1964 1965/1965
f 1939/1939 1965/1965 1941/1941
f 1941/1941 1965/1965 1966/1966
f 1941/1941 1966/1966 1943/1943
f 1943/1943 1966/1966 1967/1967
f 1943/1943 1967/1967 1945/1945
f 1945/1945 1967/1967 1948/1948
f 1956/1956 1968/1968 1957/1957
f 1957/1957 1968/1968 1969/1969
f 1957/1957 1969/1969 1958/1958
f 1958/1958 1969/1969 1970/1970
f 1958/1958 1970/1970 1971/1971
f 1958/1958 1971/1971 1959/1959
f 1959/1959 1971/1971 1972/1972
f 1959/1959 1972/1972 1960/1960
f 1960/1960 1972/1972 1973/1973
f 1960/1960 1973/1973 1961/1961
f 1961/1961 1973/1973 1974/1974
f 1961/1961 1974/1974 1962/1962
f 1962/1962 1974/1974 1975/1975
f 1962/1962 1975/1975 1963/1963
f 1963/1963 1975/1975 1976/1976
f 1963/1963 1976/1976 1964/1964
f 1964/1964 1976/1976 1977/1977
f 1964/1964 1977/1977 1965/1965
f 1965/1965 1977/1977 1978/1978
f 1965/1965 1978/1978 1966/1966
f 1966/1966 1978/1978 1979/1979
f 1966/1966 1979/1979 1967/1967
f 1967/1967 1979/1979 1948/1948
f 1948/1948 1979/1979 1950/1950
f 1968/1968 1980/1980 1969/1969
f 1969/1969 1980/1980 1981/1981
f 1969/1969 1981/1981 1970/1970
f 1970/1970 1981/1981 1982/1982
f 1970/1970 1982/1982 1971/1971
f 1971/1971 1982/1982 1983/1983
f 1971/1971 1983/1983 1972/1972
f 1972/1972 1983/1983 1984/1984
f 1972/1972 1984/1984 1973/1973
f 1973/1973 1984/1984 1985/1985
f 1973/1973 1985/1985 1974/1974
f 1974/1974 1985/1985 1986/1986
f 1974/1974 1986/1986 1975/1975
f 1975/1975 1986/1986 1987/1987
f 1975/1975 1987/1987 1976/1976
f 1976/1976 1987/1987 1988/1988
f 1976/1976 1988/1988 1977/1977
f 1977/1977 1988/1988 1989/1989
f 1977/1977 1989/1989 1978/1978
f 1978/1978 1989/1989 1990/1990
f 1978/1978 1990/1990 1979/1979
f 1979/1979 1990/1990 1991/1991
f 1979/1979 1991/1991 1950/1950
f 1950/1950 1991/1991 1952/1952
f 1992/1992 1993/1993 1980/1980
f 1980/1980 1993/1993 1981/1981
f 1993/1993 1994/1994 1981/1981
f 1981/1981 1994/1994 1982/1982
f 1994/1994 1995/1995 1982/1982
f 1982/1982 1995/1995 1983/1983
f 1995/1995 1996/1996 1983/1983
f 1983/1983 1996/1996 1984/1984
f 1996/1996 1997/1997 1984/1984
f 1984/1984 1997/1997 1985/1985
f 1997/1997 1998/1998 1985/1985
f 1985/1985 1998/1998 1986/1986
f 1998/1998 1999/1999 1986/1986
f 1986/1986 1999/1999 1987/1987
f 1999/1999 2000/2000 1987/1987
f 1987/1987 2000/2000 1988/1988
f 2000/2000 2001/2001 1988/1988
f 1988/1988 2001/2001 1989/1989
f 2001/2001 2002/2002 1989/1989
f 1989/1989 2002/2002 1990/1990
f 2002/2002 2003/2003 1990/1990
f 1990/1990 2003/2003 1991/1991
f 2003/2003 2004/2004 1991/1991
f 1991/1991 2004/2004 1952/1952
f 2004/2004 1954/1954 1952/1952
f 2005/2005 2006/2006 2007/2007
f 2007/2007 2006/2006 2008/2008
f 2007/2007 2008/2008 2009/2009
f 2009/2009 2008/2008 2010/2010
f 2009/2009 2010/2010 2011/2011
f 2011/2011 2010/2010 2012/2012
f 2011/2011 2012/2012 1920/1920
f 1920/1920 2012/2012 2013/2013
f 2013/2013 2012/2012 2014/2014
f 2013/2013 2014/2014 2015/2015
f 2015/2015 2014/2014 2016/2016
f 2015/2015 2016/2016 2017/2017
f 2017/2017 2016/2016 2018/2018
f 2017/2017 2018/2018 2019/2019
f 2019/2019 2018/2018 2020/2020
f 2019/2019 2020/2020 2021/2021
f 2006/2006 2022/2022 2008/2008
f 2008/2008 2022/2022 2023/2023
f 2008/2008 2023/2023 2010/2010
f 2010/2010 2023/2023 2024/2024
f 2010/2010 2024/2024 2012/2012
f 2012/2012 2024/2024 2014/2014
f 2022/2022 2025/2025 2023/2023
f 2023/2023 2025/2025 2026/2026
f 2023/2023 2026/2026 2024/2024
f 2024/2024 2026/2026 2027/2027
f 2024/2024 2027/2027 2014/2014
f 2014/2014 2027/2027 2016/2016
f 2025/2025 2028/2028 2026/2026
f 2026/2026 2028/2028 2029/2029
f 2026/2026 2029/2029 2027/2027
f 2027/2027 2029/2029 2030/2030
f 2027/2027 2030/2030 2016/2016
f 2016/2016 2030/2030 2018/2018
f 2028/2028 2031/2031 2029/2029
f 2029/2029 2031/2031 2032/2032
f 2029/2029 2032/2032 2030/2030
f 2030/2030 2032/2032 2033/2033
f 2030/2030 2033/2033 2018/2018
f 2018/2018 2033/2033 2020/2020
f 2034/2034 2035/2035 2036/2036
f 2036/2036 2035/2035 2037/2037
f 2036/2036 2037/2037 2038/2038
f 2038/2038 2037/2037 2039/2039
f 2038/2038 2039/2039 2040/2040
f 2040/2040 2039/2039 2041/2041
f 2040/2040 2041/2041 2042/2042
f 2042/2042 2041/2041 2043/2043
f 2042/2042 2043/2043 2044/2044
f 2044/2044 2043/2043 2045/2045
f 2044/2044 2045/2045 2046/2046
f 2046/2046 2045/2045 2047/2047
f 2046/2046 2047/2047 2048/2048
f 2048/2048 2047/2047 2049/2049
f 2048/2048 2049/2049 2050/2050
f 2050/2050 2049/2049 2051/2051
f 2051/2051 2049/2049 2052/2052
f 2051/2051 2052/2052 2053/2053
f 2053/2053 2052/2052 2054/2054
f 2053/2053 2054/2054 2055/2055
f 2055/2055 2054/2054 2056/2056
f 2055/2055 2056/2056 2057/2057
f 2057/2057 2056/2056 2058/2058
f 2057/2057 2058/2058 2059/2059
f 2035/2035 2060/2060 2037/2037
f 2037/2037 2060/2060 2061/2061
f 2037/2037 2061/2061 2039/2039
f 2039/2039 2061/2061 2062/2062
f 2039/2039 2062/2062 2041/2041
f 2041/2041 2062/2062 2063/2063
f 2041/2041 2063/2063 2043/2043
f 2043/2043 2063/2063 2064/2064
f 2043/2043 2064/2064 2045/2045
f 2045/2045 2064/2064 2065/2065
f 2045/2045 2065/2065 2047/2047
f 2047/2047 2065/2065 2066/2066
f 2047/2047 2066/2066 2049/2049
f 2049/2049 2066/2066 2052/2052
f 2060/2060 2067/2067 2061/2061
f 2061/2061 2067/2067 2068/2068
f 2061/2061 2068/2068 2062/2062
f 2062/2062 2068/2068 2069/2069
f 2062/2062 2069/2069 2070/2070
f 2062/2062 2070/2070 2063/2063
f 2063/2063 2070/2070 2071/2071
f 2063/2063 2071/2071 2064/2064
f 2064/2064 2071/2071 2072/2072
f 2064/2064 2072/2072 2065/2065
f 2065/2065 2072/2072 2073/2073
f 2065/2065 2073/2073 2066/2066
f 2066/2066 2073/2073 2052/2052
f 2052/2052 2073/2073 2054/2054
f 2067/2067 2074/2074 2068/2068
f 2068/2068 2074/2074 2075/2075
f 2068/2068 2075/2075 2069/2069
f 2069/2069 2075/2075 2076/2076
f 2069/2069 2076/2076 2070/2070
f 2070/2070 2076/2076 2077/2077
f 2070/2070 2077/2077 2071/2071
f 2071/2071 2077/2077 2078/2078
f 2071/2071 2078/2078 2072/2072
f 2072/2072 2078/2078 2079/2079
f 2072/2072 2079/2079 2073/2073
f 2073/2073 2079/2079 2080/2080
f 2073/2073 2080/2080 2054/2054
f 2054/2054 2080/2080 2056/2056
f 2074/2074 2081/2081 2075/2075
f 2075/2075 2081/2081 2082/2082
f 2075/2075 2082/2082 2076/2076
f 2076/2076 2082/2082 2083/2083
f 2076/2076 2083/2083 2077/2077
f 2077/2077 2083/2083 2084/2084
f 2077/2077 2084/2084 2078/2078
f 2078/2078 2084/2084 2085/2085
f 2078/2078 2085/2085 2079/2079
f 2079/2079 2085/2085 2086/2086
f 2079/2079 2086/2086 2080/2080
f 2080/2080 2086/2086 2087/2087
f 2080/2080 2087/2087 2056/2056
f 2056/2056 2087/2087 2058/2058
f 2088/2088 2089/2089 2090/2090
f 2090/2090 2089/2089 2091/2091
f 2090/2090 2091/2091 2092/2092
f 2092/2092 2091/2091 2093/2093
f 2092/2092 2093/2093 2094/2094
f 2094/2094 2093/2093 2095/2095
f 2094/2094 2095/2095 2096/2096
f 2096/2096 2095/2095 2097/2097
f 2097/2097 2095/2095 2098/2098
f 2097/2097 2098/2098 2099/2099
f 2099/2099 2098/2098 2100/2100
f 2099/2099 2100/2100 2101/2101
f 2101/2101 2100/2100 2102/2102
f 2101/2101 2102/2102 2103/2103
f 2103/2103 2102/2102 2104/2104
f 2103/2103 2104/2104 2105/2105
f 2089/2089 2106/2106 2091/2091
f 2091/2091 2106/2106 2107/2107
f 2091/2091 2107/2107 2093/2093
f 2093/2093 2107/2107 2108/2108
f 2093/2093 2108/2108 2095/2095
f 2095/2095 2108/2108 2098/2098
f 2106/2106 2109/2109 2107/2107
f 2107/2107 2109/2109 2110/2110
f 2107/2107 2110/2110 2108/2108
f 2108/2108 2110/2110 2111/2111
f 2108/2108 2111/2111 2098/2098
f 2098/2098 2111/2111 2100/2100
f 2109/2109 2112/2112 2110/2110
f 2110/2110 2112/2112 2113/2113
f 2110/2110 2113/2113 2111/2111
f 2111/2111 2113/2113 2114/2114
f 2111/2111 2114/2114 2100/2100
f 2100/2100 2114/2114 2102/2102
f 2112/2112 2115/2115 2113/2113
f 2113/2113 2115/2115 2116/2116
f 2113/2113 2116/2116 2114/2114
f 2114/2114 2116/2116 2117/2117
f 2114/2114 2117/2117 2102/2102
f 2102/2102 2117/2117 2104/2104
f 2118/2118 2119/2119 2120/2120
f 2120/2120 2119/2119 2121/2121
f 2120/2120 2121/2121 2122/2122
f 2122/2122 2121/2121 2123/2123
f 2122/2122 2123/2123 2124/2124
f 2124/2124 2123/2123 2125/2125
f 2124/2124 2125/2125 2126/2126
f 2126/2126 2125/2125 2127/2127
f 2126/2126 2127/2127 2128/2128
f 2128/2128 2127/2127 2129/2129
f 2128/2128 2129/2129 2130/2130
f 2130/2130 2129/2129 2131/2131
f 2130/2130 2131/2131 2132/2132
f 2132/2132 2131/2131 2133/2133
f 2132/2132 2133/2133 2134/2134
f 2134/2134 2133/2133 2135/2135
f 2134/2134 2135/2135 2136/2136
f 2136/2136 2135/2135 2137/2137
f 2136/2136 2137/2137 2138/2138
f 2138/2138 2137/2137 2139/2139
f 2138/2138 2139/2139 2140/2140
f 2140/2140 2139/2139 2141/2141
f 2140/2140 2141/2141 2142/2142
f 2142/2142 2141/2141 2143/2143
f 2142/2142 2143/2143 2144/2144
f 2144/2144 2143/2143 2145/2145
f 2144/2144 2145/2145 2146/2146
f 2119/2119 2147/2147 2121/2121
f 2121/2121 2147/2147 2148/2148
f 2121/2121 2148/2148 2123/2123
f 2123/2123 2148/2148 2149/2149
f 2123/2123 2149/2149 2125/2125
f 2125/2125 2149/2149 2150/2150
f 2125/2125 2150/2150 2127/2127
f 2127/2127 2150/2150 2151/2151
f 2127/2127 2151/2151 2129/2129
f 2129/2129 2151/2151 2152/2152
f 2129/2129 2152/2152 2131/2131
f 2131/2131 2152/2152 2153/2153
f 2131/2131 2153/2153 2133/2133
f 2133/2133 2153/2153 2154/2154
f 2133/2133 2154/2154 2135/2135
f 2135/2135 2154/2154 2155/2155
f 2135/2135 2155/2155 2137/2137
f 2137/2137 2155/2155 2156/2156
f 2137/2137 2156/2156 2139/2139
f 2139/2139 2156/2156 2157/2157
f 2139/2139 2157/2157 2141/2141
f 2141/2141 2157/2157 2158/2158
f 2141/2141 2158/2158 2143/2143
f 2143/2143 2158/2158 2159/2159
f 2143/2143 2159/2159 2145/2145
f 2145/2145 2159/2159 2160/2160
f 2160/2160 2159/2159 2161/2161
f 2160/2160 2161/2161 2162/2162
f 2162/2162 2161/2161 2163/2163
f 2162/2162 2163/2163 2164/2164
f 2164/2164 2163/2163 2165/2165
f 2164/2164 2165/2165 1437/1437
f 2147/2147 2166/2166 2148/2148
f 2148/2148 2166/2166 2167/2167
f 2148/2148 2167/2167 2149/2149
f 2149/2149 2167/2167 2168/2168
f 2149/2149 2168/2168 2169/2169
f 2149/2149 2169/2169 2150/2150
f 2150/2150 2169/2169 2170/2170
f 2150/2150 2170/2170 2151/2151
f 2151/2151 2170/2170 2171/2171
f 2151/2151 2171/2171 2152/2152
f 2152/2152 2171/2171 2172/2172
f 2152/2152 2172/2172 2153/2153
f 2153/2153 2172/2172 2173/2173
f 2153/2153 2173/2173 2154/2154
f 2154/2154 2173/2173 2174/2174
f 2154/2154 2174/2174 2155/2155
f 2155/2155 2174/2174 2175/2175
f 2155/2155 2175/2175 2156/2156
f 2156/2156 2175/2175 2176/2176
f 2156/2156 2176/2176 2157/2157
f 2157/2157 2176/2176 2177/2177
f 2157/2157 2177/2177 2158/2158
f 2158/2158 2177/2177 2159/2159
f 2159/2159 2177/2177 2161/2161
f 2166/2166 2178/2178 2167/2167
f 2167/2167 2178/2178 2179/2179
f 2167/2167 2179/2179 2168/2168
f 2168/2168 2179/2179 2180/2180
f 2168/2168 2180/2180 2169/2169
f 2169/2169 2180/2180 2181/2181
f 2169/2169 2181/2181 2170/2170
f 2170/2170 2181/2181 2182/2182
f 2170/2170 2182/2182 2171/2171
f 2171/2171 2182/2182 2183/2183
f 2171/2171 2183/2183 2172/2172
f 2172/2172 2183/2183 2184/2184
f 2172/2172 2184/2184 2173/2173
f 2173/2173 2184/2184 2185/2185
f 2173/2173 2185/2185 2174/2174
f 2174/2174 2185/2185 2186/2186
f 2174/2174 2186/2186 2175/2175
f 2175/2175 2186/2186 2187/2187
f 2175/2175 2187/2187 2176/2176
f 2176/2176 2187/2187 2188/2188
f 2176/2176 2188/2188 2177/2177
f 2177/2177 2188/2188 2189/2189
f 2177/2177 2189/2189 2161/2161
f 2161/2161 2189/2189 2163/2163
f 2178/2178 2190/2190 2179/2179
f 2179/2179 2190/2190 2191/2191
f 2179/2179 2191/2191 2180/2180
f 2180/2180 2191/2191 2192/2192
f 2180/2180 2192/2192 2181/2181
f 2181/2181 2192/2192 2193/2193
f 2181/2181 2193/2193 2182/2182
f 2182/2182 2193/2193 2194/2194
f 2182/2182 2194/2194 2183/2183
f 2183/2183 2194/2194 2195/2195
f 2183/2183 2195/2195 2184/2184
f 2184/2184 2195/2195 2196/2196
f 2184/2184 2196/2196 2185/2185
f 2185/2185 2196/2196 2197/2197
f 2185/2185 2197/2197 2186/2186
f 2186/2186 2197/2197 2198/2198
f 2186/2186 2198/2198 2187/2187
f 2187/2187 2198/2198 2199/2199
f 2187/2187 2199/2199 2188/2188
f 2188/2188 2199/2199 2200/2200
f 2188/2188 2200/2200 2189/2189
f 2189/2189 2200/2200 2201/2201
f 2189/2189 2201/2201 2163/2163
f 2163/2163 2201/2201 2165/2165
f 2202/2202 2203/2203 2204/2204
f 2204/2204 2203/2203 2205/2205
f 2204/2204 2205/2205 2206/2206
f 2206/2206 2205/2205 2207/2207
f 2206/2206 2207/2207 2208/2208
f 2208/2208 2207/2207 2209/2209
f 2208/2208 2209/2209 2210/2210
f 2210/2210 2209/2209 2211/2211
f 2210/2210 2211/2211 2212/2212
f 2212/2212 2211/2211 2213/2213
f 2212/2212 2213/2213 2214/2214
f 2214/2214 2213/2213 2215/2215
f 2214/2214 2215/2215 2216/2216
f 2216/2216 2215/2215 2217/2217
f 2216/2216 2217/2217 2218/2218
f 2218/2218 2217/2217 2219/2219
f 2220/2220 2221/2221 2222/2222
f 2222/2222 2221/2221 2223/2223
f 2222/2222 2223/2223 2224/2224
f 2224/2224 2223/2223 2225/2225
f 2224/2224 2225/2225 2226/2226
f 2226/2226 2225/2225 2227/2227
f 2226/2226 2227/2227 2228/2228
f 2228/2228 2227/2227 2229/2229
f 2230/2230 2231/2231 2232/2232
f 2232/2232 2231/2231 2233/2233
f 2232/2232 2233/2233 2234/2234
f 2232/2232 2234/2234 2235/2235
f 2235/2235 2234/2234 2236/2236
f 2235/2235 2236/2236 2237/2237
f 2237/2237 2236/2236 2238/2238
f 2237/2237 2238/2238 2239/2239
f 2239/2239 2238/2238 2240/2240
f 2239/2239 2240/2240 2241/2241
f 2241/2241 2240/2240 2242/2242
f 2241/2241 2242/2242 2243/2243
f 2243/2243 2242/2242 2244/2244
f 2243/2243 2244/2244 2245/2245
f 2245/2245 2244/2244 2246/2246
f 2245/2245 2246/2246 2247/2247
f 2247/2247 2246/2246 2248/2248
f 2247/2247 2248/2248 2249/2249
f 2249/2249 2248/2248 2250/2250
f 2249/2249 2250/2250 2251/2251
f 2251/2251 2250/2250 2252/2252
f 2251/2251 2252/2252 2253/2253
f 2253/2253 2252/2252 2254/2254
f 2253/2253 2254/2254 2255/2255
f 2255/2255 2254/2254 2256/2256
f 2255/2255 2256/2256 2257/2257
f 2257/2257 2256/2256 2258/2258
f 2258/2258 2256/2256 2259/2259
f 2260/2260 2261/2261 2262/2262
f 2262/2262 2261/2261 2263/2263
f 2262/2262 2263/2263 2264/2264
f 2264/2264 2263/2263 2265/2265
f 2264/2264 2265/2265 2266/2266
f 2266/2266 2265/2265 2267/2267
f 2266/2266 2267/2267 2268/2268
f 2268/2268 2267/2267 2269/2269
f 2270/2270 2271/2271 2272/2272
f 2272/2272 2271/2271 2273/2273
f 2272/2272 2273/2273 2274/2274
f 2274/2274 2273/2273 2275/2275
f 2274/2274 2275/2275 2276/2276
f 2276/2276 2275/2275 2277/2277
f 2276/2276 2277/2277 2278/2278
f 2278/2278 2277/2277 2279/2279
f 2278/2278 2279/2279 2280/2280
f 2280/2280 2279/2279 2281/2281
f 2280/2280 2281/2281 2282/2282
f 2282/2282 2281/2281 2283/2283
f 2282/2282 2283/2283 2284/2284
f 2284/2284 2283/2283 2285/2285
f 2284/2284 2285/2285 2286/2286
f 2286/2286 2285/2285 2287/2287
f 2288/2288 2289/2289 2290/2290
f 2290/2290 2289/2289 2291/2291
f 2290/2290 2291/2291 2292/2292
f 2292/2292 2291/2291 2293/2293
f 2292/2292 2293/2293 2294/2294
f 2294/2294 2293/2293 2295/2295
f 2294/2294 2295/2295 2296/2296
f 2296/2296 2295/2295 2297/2297
f 2298/2298 2299/2299 2300/2300
f 2300/2300 2299/2299 2301/2301
f 2300/2300 2301/2301 2302/2302
f 2299/2299 2298/2298 2303/2303
f 2303/2303 2298/2298 2304/2304
f 2303/2303 2304/2304 2305/2305
f 2305/2305 2304/2304 2306/2306
f 2305/2305 2306/2306 2307/2307
f 2307/2307 2306/2306 2308/2308
f 2307/2307 2308/2308 2309/2309
f 2309/2309 2308/2308 2310/2310
f 2310/2310 2308/2308 2311/2311
f 2310/2310 2311/2311 2312/2312
f 2312/2312 2311/2311 2313/2313
f 2313/2313 2311/2311 2314/2314
f 2314/2314 2311/2311 2315/2315
f 2314/2314 2315/2315 2316/2316
f 2316/2316 2315/2315 2317/2317
f 2317/2317 2315/2315 2318/2318
f 2318/2318 2315/2315 2319/2319
f 2319/2319 2315/2315 2320/2320
f 2320/2320 2315/2315 2321/2321
f 2320/2320 2321/2321 2322/2322
f 2322/2322 2321/2321 2323/2323
f 2323/2323 2321/2321 2324/2324
f 2324/2324 2321/2321 2325/2325
f 2325/2325 2321/2321 2326/2326
f 2326/2326 2321/2321 2327/2327
f 2326/2326 2327/2327 2328/2328
f 2328/2328 2327/2327 2329/2329
f 2329/2329 2327/2327 2330/2330
f 2330/2330 2327/2327 2331/2331
f 2330/2330 2331/2331 2332/2332
f 2332/2332 2331/2331 2333/2333
f 2333/2333 2331/2331 2334/2334
f 2334/2334 2331/2331 2335/2335
f 2334/2334 2335/2335 2336/2336
f 2336/2336 2335/2335 2337/2337
f 2336/2336 2337/2337 2338/2338
f 2338/2338 2337/2337 2339/2339
f 2338/2338 2339/2339 2340/2340
f 2340/2340 2339/2339 2341/2341
f 2340/2340 2341/2341 2342/2342
f 2342/2342 2341/2341 2343/2343
f 2342/2342 2343/2343 2344/2344
f 2344/2344 2343/2343 2345/2345
f 2344/2344 2345/2345 2346/2346
f 2346/2346 2345/2345 2347/2347
f 2347/2347 2345/2345 2348/2348
f 2347/2347 2348/2348 2349/2349
f 2349/2349 2348/2348 2350/2350
f 2349/2349 2350/2350 2351/2351
f 2351/2351 2350/2350 2352/2352
f 2351/2351 2352/2352 2353/2353
f 2353/2353 2352/2352 2354/2354
f 2354/2354 2352/2352 2355/2355
f 2355/2355 2352/2352 2356/2356
f 2355/2355 2356/2356 2357/2357
f 2357/2357 2356/2356 2358/2358
f 2358/2358 2356/2356 2359/2359
f 2359/2359 2356/2356 2360/2360
f 2360/2360 2356/2356 2361/2361
f 2360/2360 2361/2361 2362/2362
f 2362/2362 2361/2361 2363/2363
f 2363/2363 2361/2361 2364/2364
f 2364/2364 2361/2361 2365/2365
f 2365/2365 2361/2361 2366/2366
f 2366/2366 2361/2361 2367/2367
f 2367/2367 2361/2361 2368/2368
f 2367/2367 2368/2368 2369/2369
f 2369/2369 2368/2368 2370/2370
f 2370/2370 2368/2368 2371/2371
f 2371/2371 2368/2368 2372/2372
f 2372/2372 2368/2368 2373/2373
f 2372/2372 2373/2373 2374/2374
f 2374/2374 2373/2373 2375/2375
f 2375/2375 2373/2373 2376/2376
f 2375/2375 2376/2376 2377/2377
f 2377/2377 2376/2376 2378/2378
f 2378/2378 2376/2376 2379/2379
f 2378/2378 2379/2379 2380/2380
f 2380/2380 2379/2379 2381/2381
f 2380/2380 2381/2381 2382/2382
f 2382/2382 2381/2381 2383/2383
f 2382/2382 2383/2383 2384/2384
f 2384/2384 2383/2383 2385/2385
f 2384/2384 2385/2385 2386/2386
f 2386/2386 2385/2385 2387/2387
f 2386/2386 2387/2387 2388/2388
f 2388/2388 2387/2387 2389/2389
f 2388/2388 2389/2389 2390/2390
f 2390/2390 2389/2389 2391/2391
f 2390/2390 2391/2391 2392/2392
f 2392/2392 2391/2391 2393/2393
f 2393/2393 2391/2391 2394/2394
f 2393/2393 2394/2394 2395/2395
f 2395/2395 2394/2394 2396/2396
f 2396/2396 2394/2394 2397/2397
f 2396/2396 2397/2397 2398/2398
f 2398/2398 2397/2397 2399/2399
f 2399/2399 2397/2397 2400/2400
f 2400/2400 2397/2397 2401/2401
f 2401/2401 2397/2397 2402/2402
f 2401/2401 2402/2402 2403/2403
f 2403/2403 2402/2402 2404/2404
f 2404/2404 2402/2402 2405/2405
f 2405/2405 2402/2402 2406/2406
f 2406/2406 2402/2402 2407/2407
f 2407/2407 2402/2402 2408/2408
f 2408/2408 2402/2402 2409/2409
f 2408/2408 2409/2409 2410/2410
f 2410/2410 2409/2409 2411/2411
f 2411/2411 2409/2409 2412/2412
f 2412/2412 2409/2409 2413/2413
f 2413/2413 2409/2409 2414/2414
f 2413/2413 2414/2414 2415/2415
f 2415/2415 2414/2414 2416/2416
f 2416/2416 2414/2414 2417/2417
f 2417/2417 2414/2414 2418/2418
f 2417/2417 2418/2418 2419/2419
f 2419/2419 2418/2418 2420/2420
f 2419/2419 2420/2420 2421/2421
f 2421/2421 2420/2420 2422/2422
f 2421/2421 2422/2422 2423/2423
f 2423/2423 2422/2422 2424/2424
f 2424/2424 2422/2422 2425/2425
f 2424/2424 2425/2425 2426/2426
f 2426/2426 2425/2425 2427/2427
f 2426/2426 2427/2427 2428/2428
f 2428/2428 2427/2427 2429/2429
f 2428/2428 2429/2429 2430/2430
f 2430/2430 2429/2429 2431/2431
f 2430/2430 2431/2431 2432/2432
f 2432/2432 2431/2431 2433/2433
f 2432/2432 2433/2433 2434/2434
f 2434/2434 2433/2433 2435/2435
f 2434/2434 2435/2435 2436/2436
f 2436/2436 2435/2435 2437/2437
f 2437/2437 2435/2435 2438/2438
f 2438/2438 2435/2435 2439/2439
f 2438/2438 2439/2439 2440/2440
f 2440/2440 2439/2439 2441/2441
f 2441/2441 2439/2439 2442/2442
f 2442/2442 2439/2439 2443/2443
f 2442/2442 2443/2443 2444/2444
f 2444/2444 2443/2443 2445/2445
f 2445/2445 2443/2443 2446/2446
f 2446/2446 2443/2443 2447/2447
f 2447/2447 2443/2443 2448/2448
f 2448/2448 2443/2443 2449/2449
f 2448/2448 2449/2449 2450/2450
f 2450/2450 2449/2449 2451/2451
f 2451/2451 2449/2449 2452/2452
f 2452/2452 2449/2449 2453/2453
f 2453/2453 2449/2449 2454/2454
f 2454/2454 2449/2449 2455/2455
f 2454/2454 2455/2455 2456/2456
f 2456/2456 2455/2455 2457/2457
f 2457/2457 2455/2455 2458/2458
f 2458/2458 2455/2455 2459/2459
f 2458/2458 2459/2459 2460/2460
f 2460/2460 2459/2459 2461/2461
f 2461/2461 2459/2459 2462/2462
f 2461/2461 2462/2462 2463/2463
f 2463/2463 2462/2462 2464/2464
f 2463/2463 2464/2464 2465/2465
f 2465/2465 2464/2464 2466/2466
f 2465/2465 2466/2466 2302/2302
f 2302/2302 2466/2466 2300/2300
f 2467/2467 2468/2468 2469/2469
f 2469/2469 2468/2468 2470/2470
f 2471/2471 2472/2472 2473/2473
f 2473/2473 2472/2472 2474/2474
f 2473/2473 2474/2474 2475/2475
f 2475/2475 2474/2474 2476/2476
f 2475/2475 2476/2476 2477/2477
f 2477/2477 2476/2476 2478/2478
f 2477/2477 2478/2478 2479/2479
f 2479/2479 2478/2478 2480/2480
f 2479/2479 2480/2480 2481/2481
f 2481/2481 2480/2480 2482/2482
f 2481/2481 2482/2482 2483/2483
f 2483/2483 2482/2482 2484/2484
f 2483/2483 2484/2484 2485/2485
f 2485/2485 2484/2484 2486/2486
f 2485/2485 2486/2486 2487/2487
f 2487/2487 2486/2486 2488/2488
f 2487/2487 2488/2488 2489/2489
f 2489/2489 2488/2488 2490/2490
f 2489/2489 2490/2490 2491/2491
f 2491/2491 2490/2490 2492/2492
f 2491/2491 2492/2492 2493/2493
f 2493/2493 2492/2492 2494/2494
f 2493/2493 2494/2494 2495/2495
f 2495/2495 2494/2494 2496/2496
f 2495/2495 2496/2496 2497/2497
f 2497/2497 2496/2496 2498/2498
f 2497/2497 2498/2498 2499/2499
f 2499/2499 2498/2498 2500/2500
f 2499/2499 2500/2500 2501/2501
f 2501/2501 2500/2500 2502/2502
f 2501/2501 2502/2502 2503/2503
f 2503/2503 2502/2502 2504/2504
f 2503/2503 2504/2504 2505/2505
f 2505/2505 2504/2504 2506/2506
f 2505/2505 2506/2506 2507/2507
f 2507/2507 2506/2506 2508/2508
f 2507/2507 2508/2508 2509/2509
f 2509/2509 2508/2508 2510/2510
f 2509/2509 2510/2510 2511/2511
f 2511/2511 2510/2510 2512/2512
f 2511/2511 2512/2512 2513/2513
f 2513/2513 2512/2512 2514/2514
f 2513/2513 2514/2514 2515/2515
f 2515/2515 2514/2514 2516/2516
f 2515/2515 2516/2516 2517/2517
f 2517/2517 2516/2516 2518/2518
f 2517/2517 2518/2518 2519/2519
f 2519/2519 2518/2518 2520/2520
f 2519/2519 2520/2520 2521/2521
f 2521/2521 2520/2520 2522/2522
f 2521/2521 2522/2522 2523/2523
f 2523/2523 2522/2522 2524/2524
f 2523/2523 2524/2524 2525/2525
f 2525/2525 2524/2524 2526/2526
f 2525/2525 2526/2526 2527/2527
f 2527/2527 2526/2526 2528/2528
f 2527/2527 2528/2528 2529/2529
f 2529/2529 2528/2528 2530/2530
f 2529/2529 2530/2530 2531/2531
f 2531/2531 2530/2530 2532/2532
f 2531/2531 2532/2532 2533/2533
f 2533/2533 2532/2532 2534/2534
f 2533/2533 2534/2534 2535/2535
f 2535/2535 2534/2534 2536/2536
f 2535/2535 2536/2536 2537/2537
f 2537/2537 2536/2536 2538/2538
f 2537/2537 2538/2538 2539/2539
f 2539/2539 2538/2538 2540/2540
f 2539/2539 2540/2540 2541/2541
f 2541/2541 2540/2540 2542/2542
f 2541/2541 2542/2542 2543/2543
f 2543/2543 2542/2542 2544/2544
f 2543/2543 2544/2544 2545/2545
f 2545/2545 2544/2544 2546/2546
f 2545/2545 2546/2546 2547/2547
f 2547/2547 2546/2546 2548/2548
f 2547/2547 2548/2548 2549/2549
f 2549/2549 2548/2548 2550/2550
f 2549/2549 2550/2550 2551/2551
f 2551/2551 2550/2550 2552/2552
f 2551/2551 2552/2552 2553/2553
f 2553/2553 2552/2552 2554/2554
f 2553/2553 2554/2554 2555/2555
f 2555/2555 2554/2554 2556/2556
f 2555/2555 2556/2556 2557/2557
f 2557/2557 2556/2556 2558/2558
f 2557/2557 2558/2558 2559/2559
f 2559/2559 2558/2558 2560/2560
f 2559/2559 2560/2560 2561/2561
f 2561/2561 2560/2560 2562/2562
f 2561/2561 2562/2562 2563/2563
f 2563/2563 2562/2562 2564/2564
f 2563/2563 2564/2564 2565/2565
f 2565/2565 2564/2564 2566/2566
f 2565/2565 2566/2566 2567/2567
f 2567/2567 2566/2566 2568/2568
f 2567/2567 2568/2568 2569/2569
f 2569/2569 2568/2568 2570/2570
f 2569/2569 2570/2570 2571/2571
f 2571/2571 2570/2570 2572/2572
f 2571/2571 2572/2572 2467/2467
f 2467/2467 2572/2572 2468/2468
f 2573/2573 2574/2574 2575/2575
f 2575/2575 2574/2574 2576/2576
f 2575/2575 2576/2576 2577/2577
f 2577/2577 2576/2576 2578/2578
f 2577/2577 2578/2578 2579/2579
f 2579/2579 2578/2578 2580/2580
f 2579/2579 2580/2580 2581/2581
f 2581/2581 2580/2580 2582/2582
f 2581/2581 2582/2582 2583/2583
f 2583/2583 2582/2582 2584/2584
f 2583/2583 2584/2584 2585/2585
f 2585/2585 2584/2584 2586/2586
f 2585/2585 2586/2586 2587/2587
f 2587/2587 2586/2586 2588/2588
f 2587/2587 2588/2588 2589/2589
f 2589/2589 2588/2588 2590/2590
f 2589/2589 2590/2590 2591/2591
f 2591/2591 2590/2590 2592/2592
f 2591/2591 2592/2592 2593/2593
f 2593/2593 2592/2592 2594/2594
f 2593/2593 2594/2594 2595/2595
f 2595/2595 2594/2594 2596/2596
f 2595/2595 2596/2596 2597/2597
f 2597/2597 2596/2596 2598/2598
f 2597/2597 2598/2598 2599/2599
f 2599/2599 2598/2598 2600/2600
f 2599/2599 2600/2600 2601/2601
f 2601/2601 2600/2600 2602/2602
f 2601/2601 2602/2602 2603/2603
f 2603/2603 2602/2602 2604/2604
f 2603/2603 2604/2604 2605/2605
f 2605/2605 2604/2604 2606/2606
f 2605/2605 2606/2606 2607/2607
f 2607/2607 2606/2606 2608/2608
f 2607/2607 2608/2608 2609/2609
f 2609/2609 2608/2608 2610/2610
f 2609/2609 2610/2610 2611/2611
f 2611/2611 2610/2610 2612/2612
f 2611/2611 2612/2612 2613/2613
f 2613/2613 2612/2612 2614/2614
f 2613/2613 2614/2614 2615/2615
f 2615/2615 2614/2614 2616/2616
f 2615/2615 2616/2616 2617/2617
f 2617/2617 2616/2616 2618/2618
f 2617/2617 2618/2618 2619/2619
f 2619/2619 2618/2618 2620/2620
f 2619/2619 2620/2620 2621/2621
f 2621/2621 2620/2620 2622/2622
f 2621/2621 2622/2622 2623/2623
f 2623/2623 2622/2622 2624/2624
f 2623/2623 2624/2624 2625/2625
f 2625/2625 2624/2624 2626/2626
f 2625/2625 2626/2626 2627/2627
f 2627/2627 2626/2626 2628/2628
f 2627/2627 2628/2628 2629/2629
f 2629/2629 2628/2628 2630/2630
f 2629/2629 2630/2630 2631/2631
f 2631/2631 2630/2630 2632/2632
f 2631/2631 2632/2632 2633/2633
f 2633/2633 2632/2632 2634/2634
f 2633/2633 2634/2634 2635/2635
f 2635/2635 2634/2634 2636/2636
f 2635/2635 2636/2636 2637/2637
f 2637/2637 2636/2636 2638/2638
f 2637/2637 2638/2638 2639/2639
f 2639/2639 2638/2638 2640/2640
f 2639/2639 2640/2640 2641/2641
f 2641/2641 2640/2640 2642/2642
f 2641/2641 2642/2642 2643/2643
f 2643/2643 2642/2642 2644/2644
f 2643/2643 2644/2644 2645/2645
f 2645/2645 2644/2644 2646/2646
f 2645/2645 2646/2646 2647/2647
f 2647/2647 2646/2646 2648/2648
f 2647/2647 2648/2648 2649/2649
f 2649/2649 2648/2648 2650/2650
f 2649/2649 2650/2650 2651/2651
f 2651/2651 2650/2650 2652/2652
f 2651/2651 2652/2652 2653/2653
f 2653/2653 2652/2652 2654/2654
f 2653/2653 2654/2654 2655/2655
f 2655/2655 2654/2654 2656/2656
f 2655/2655 2656/2656 2657/2657
f 2657/2657 2656/2656 2658/2658
f 2657/2657 2658/2658 2659/2659
f 2659/2659 2658/2658 2660/2660
f 2659/2659 2660/2660 2661/2661
f 2661/2661 2660/2660 2662/2662
f 2661/2661 2662/2662 2663/2663
f 2663/2663 2662/2662 2664/2664
f 2663/2663 2664/2664 2665/2665
f 2665/2665 2664/2664 2666/2666
f 2665/2665 2666/2666 2667/2667
f 2667/2667 2666/2666 2668/2668
f 2667/2667 2668/2668 2669/2669
f 2669/2669 2668/2668 2670/2670
f 2669/2669 2670/2670 2671/2671
f 2671/2671 2670/2670 2672/2672
f 2671/2671 2672/2672 2673/2673
f 2673/2673 2672/2672 2674/2674
f 2673/2673 2674/2674 2675/2675
f 2675/2675 2674/2674 2676/2676
f 2675/2675 2676/2676 2677/2677
f 2677/2677 2676/2676 2573/2573
f 2677/2677 2573/2573 2575/2575
f 2678/2678 2679/2679 2680/2680
f 2680/2680 2679/2679 2681/2681
f 2682/2682 2683/2683 2684/2684
f 2684/2684 2683/2683 2685/2685
f 2684/2684 2685/2685 2686/2686
f 2686/2686 2685/2685 2687/2687
f 2686/2686 2687/2687 2688/2688
f 2688/2688 2687/2687 2689/2689
f 2688/2688 2689/2689 2690/2690
f 2690/2690 2689/2689 2691/2691
f 2690/2690 2691/2691 2692/2692
f 2692/2692 2691/2691 2693/2693
f 2692/2692 2693/2693 2694/2694
f 2694/2694 2693/2693 2695/2695
f 2694/2694 2695/2695 2696/2696
f 2696/2696 2695/2695 2697/2697
f 2696/2696 2697/2697 2698/2698
f 2698/2698 2697/2697 2699/2699
f 2698/2698 2699/2699 2700/2700
f 2700/2700 2699/2699 2701/2701
f 2700/2700 2701/2701 2702/2702
f 2702/2702 2701/2701 2703/2703
f 2702/2702 2703/2703 2704/2704
f 2704/2704 2703/2703 2705/2705
f 2704/2704 2705/2705 2706/2706
f 2706/2706 2705/2705 2707/2707
f 2706/2706 2707/2707 2708/2708
f 2708/2708 2707/2707 2709/2709
f 2708/2708 2709/2709 2710/2710
f 2710/2710 2709/2709 2711/2711
f 2710/2710 2711/2711 2712/2712
f 2712/2712 2711/2711 2713/2713
f 2712/2712 2713/2713 2714/2714
f 2714/2714 2713/2713 2715/2715
f 2714/2714 2715/2715 2716/2716
f 2716/2716 2715/2715 2717/2717
f 2716/2716 2717/2717 2718/2718
f 2718/2718 2717/2717 2719/2719
f 2718/2718 2719/2719 2720/2720
f 2720/2720 2719/2719 2721/2721
f 2720/2720 2721/2721 2722/2722
f 2722/2722 2721/2721 2723/2723
f 2722/2722 2723/2723 2724/2724
f 2724/2724 2723/2723 2725/2725
f 2724/2724 2725/2725 2726/2726
f 2726/2726 2725/2725 2727/2727
f 2726/2726 2727/2727 2728/2728
f 2728/2728 2727/2727 2729/2729
f 2728/2728 2729/2729 2730/2730
f 2730/2730 2729/2729 2731/2731
f 2730/2730 2731/2731 2732/2732
f 2732/2732 2731/2731 2733/2733
f 2732/2732 2733/2733 2734/2734
f 2734/2734 2733/2733 2735/2735
f 2734/2734 2735/2735 2736/2736
f 2736/2736 2735/2735 2737/2737
f 2736/2736 2737/2737 2738/2738
f 2738/2738 2737/2737 2739/2739
f 2738/2738 2739/2739 2740/2740
f 2740/2740 2739/2739 2741/2741
f 2740/2740 2741/2741 2742/2742
f 2742/2742 2741/2741 2743/2743
f 2742/2742 2743/2743 2744/2744
f 2744/2744 2743/2743 2745/2745
f 2744/2744 2745/2745 2746/2746
f 2746/2746 2745/2745 2747/2747
f 2746/2746 2747/2747 2748/2748
f 2748/2748 2747/2747 2749/2749
f 2748/2748 2749/2749 2750/2750
f 2750/2750 2749/2749 2751/2751
f 2750/2750 2751/2751 2752/2752
f 2752/2752 2751/2751 2753/2753
f 2752/2752 2753/2753 2754/2754
f 2754/2754 2753/2753 2755/2755
f 2754/2754 2755/2755 2756/2756
f 2756/2756 2755/2755 2757/2757
f 2756/2756 2757/2757 2758/2758
f 2758/2758 2757/2757 2759/2759
f 2758/2758 2759/2759 2760/2760
f 2760/2760 2759/2759 2761/2761
f 2760/2760 2761/2761 2762/2762
f 2762/2762 2761/2761 2763/2763
f 2762/2762 2763/2763 2764/2764
f 2764/2764 2763/2763 2765/2765
f 2764/2764 2765/2765 2766/2766
f 2766/2766 2765/2765 2767/2767
f 2766/2766 2767/2767 2768/2768
f 2768/2768 2767/2767 2769/2769
f 2768/2768 2769/2769 2770/2770
f 2770/2770 2769/2769 2771/2771
f 2770/2770 2771/2771 2772/2772
f 2772/2772 2771/2771 2773/2773
f 2772/2772 2773/2773 2774/2774
f 2774/2774 2773/2773 2775/2775
f 2774/2774 2775/2775 2776/2776
f 2776/2776 2775/2775 2777/2777
f 2776/2776 2777/2777 2778/2778
f 2778/2778 2777/2777 2779/2779
f 2778/2778 2779/2779 2780/2780
f 2780/2780 2779/2779 2781/2781
f 2780/2780 2781/2781 2782/2782
f 2782/2782 2781/2781 2783/2783
f 2782/2782 2783/2783 2784/2784
f 2784/2784 2783/2783 2785/2785
f 2784/2784 2785/2785 2678/2678
f 2678/2678 2785/2785 2679/2679
f 2786/2786 2787/2787 2788/2788
f 2788/2788 2787/2787 2789/2789
f 2788/2788 2789/2789 2790/2790
f 2790/2790 2789/2789 2791/2791
f 2790/2790 2791/2791 2792/2792
f 2792/2792 2791/2791 2793/2793
f 2792/2792 2793/2793 2794/2794
f 2794/2794 2793/2793 2795/2795
f 2794/2794 2795/2795 2796/2796
f 2794/2794 2796/2796 2797/2797
f 2797/2797 2796/2796 2798/2798
f 2797/2797 2798/2798 2799/2799
f 2799/2799 2798/2798 2800/2800
f 2799/2799 2800/2800 2801/2801
f 2801/2801 2800/2800 2802/2802
f 2801/2801 2802/2802 2803/2803
f 2801/2801 2803/2803 2804/2804
f 2804/2804 2803/2803 2805/2805
f 2804/2804 2805/2805 2806/2806
f 2806/2806 2805/2805 2807/2807
f 2806/2806 2807/2807 2808/2808
f 2808/2808 2807/2807 2809/2809
f 2808/2808 2809/2809 2810/2810
f 2808/2808 2810/2810 2811/2811
f 2811/2811 2810/2810 2812/2812
f 2811/2811 2812/2812 2813/2813
f 2813/2813 2812/2812 2814/2814
f 2813/2813 2814/2814 2815/2815
f 2815/2815 2814/2814 2816/2816
f 2815/2815 2816/2816 2817/2817
f 2815/2815 2817/2817 2818/2818
f 2818/2818 2817/2817 2819/2819
f 2818/2818 2819/2819 2820/2820
f 2820/2820 2819/2819 2821/2821
f 2820/2820 2821/2821 2822/2822
f 2822/2822 2821/2821 2823/2823
f 2822/2822 2823/2823 2824/2824
f 2822/2822 2824/2824 2825/2825
f 2825/2825 2824/2824 2826/2826
f 2825/2825 2826/2826 2827/2827
f 2827/2827 2826/2826 2828/2828
f 2827/2827 2828/2828 2829/2829
f 2829/2829 2828/2828 2830/2830
f 2829/2829 2830/2830 2831/2831
f 2829/2829 2831/2831 2832/2832
f 2832/2832 2831/2831 2833/2833
f 2832/2832 2833/2833 2834/2834
f 2834/2834 2833/2833 2835/2835
f 2834/2834 2835/2835 2836/2836
f 2836/2836 2835/2835 2837/2837
f 2836/2836 2837/2837 2838/2838
f 2836/2836 2838/2838 2839/2839
f 2839/2839 2838/2838 2840/2840
f 2839/2839 2840/2840 2841/2841
f 2841/2841 2840/2840 2842/2842
f 2841/2841 2842/2842 2843/2843
f 2843/2843 2842/2842 2844/2844
f 2843/2843 2844/2844 2845/2845
f 2843/2843 2845/2845 2846/2846
f 2846/2846 2845/2845 2847/2847
f 2846/2846 2847/2847 2848/2848
f 2848/2848 2847/2847 2849/2849
f 2848/2848 2849/2849 2850/2850
f 2850/2850 2849/2849 2851/2851
f 2850/2850 2851/2851 2852/2852
f 2850/2850 2852/2852 2853/2853
f 2853/2853 2852/2852 2854/2854
f 2853/2853 2854/2854 2855/2855
f 2855/2855 2854/2854 2856/2856
f 2855/2855 2856/2856 2857/2857
f 2857/2857 2856/2856 2858/2858
f 2857/2857 2858/2858 2859/2859
f 2857/2857 2859/2859 2860/2860
f 2860/2860 2859/2859 2861/2861
f 2860/2860 2861/2861 2862/2862
f 2862/2862 2861/2861 2863/2863
f 2862/2862 2863/2863 2864/2864
f 2864/2864 2863/2863 2865/2865
f 2864/2864 2865/2865 2866/2866
f 2864/2864 2866/2866 2867/2867
f 2867/2867 2866/2866 2868/2868
f 2867/2867 2868/2868 2869/2869
f 2869/2869 2868/2868 2870/2870
f 2869/2869 2870/2870 2871/2871
f 2871/2871 2870/2870 2872/2872
f 2871/2871 2872/2872 2873/2873
f 2871/2871 2873/2873 2874/2874
f 2874/2874 2873/2873 2875/2875
f 2874/2874 2875/2875 2876/2876
f 2876/2876 2875/2875 2786/2786
f 2876/2876 2786/2786 2788/2788
f 2877/2877 2878/2878 2879/2879
f 2879/2879 2878/2878 2880/2880
f 2879/2879 2880/2880 2881/2881
f 2881/2881 2880/2880 2882/2882
f 2881/2881 2882/2882 2883/2883
f 2883/2883 2882/2882 2884/2884
f 2883/2883 2884/2884 2885/2885
f 2885/2885 2884/2884 2886/2886
f 2887/2887 2888/2888 2889/2889
f 2889/2889 2888/2888 2890/2890
f 2889/2889 2890/2890 2891/2891
f 2889/2889 2891/2891 2892/2892
f 2892/2892 2891/2891 2893/2893
f 2892/2892 2893/2893 2894/2894
f 2894/2894 2893/2893 2895/2895
f 2894/2894 2895/2895 2896/2896
f 2896/2896 2895/2895 2897/2897
f 2896/2896 2897/2897 2898/2898
f 2898/2898 2897/2897 2899/2899
f 2898/2898 2899/2899 2900/2900
f 2900/2900 2899/2899 2901/2901
f 2900/2900 2901/2901 2902/2902
f 2902/2902 2901/2901 2903/2903
f 2902/2902 2903/2903 2904/2904
f 2904/2904 2903/2903 2905/2905
f 2904/2904 2905/2905 2906/2906
f 2906/2906 2905/2905 2907/2907
f 2906/2906 2907/2907 2908/2908
f 2908/2908 2907/2907 2909/2909
f 2908/2908 2909/2909 2910/2910
f 2910/2910 2909/2909 2911/2911
f 2910/2910 2911/2911 2912/2912
f 2912/2912 2911/2911 2913/2913
f 2912/2912 2913/2913 2914/2914
f 2914/2914 2913/2913 2915/2915
f 2915/2915 2913/2913 2916/2916

