# https://github.com/mikedh/trimesh
mtllib material.mtl
usemtl material_0
v -0.02921408 -0.00307052 0.00000000
v -0.02933840 -0.00308359 0.00012500
v -0.02937500 0.00000000 0.00000000
v -0.02950000 0.00000000 0.00012500
v -0.02937500 0.00000000 0.00000000
v -0.02950000 0.00000000 0.00012500
v -0.02921408 0.00307052 -0.00000000
v -0.02933840 0.00308359 0.00012500
v -0.02873309 0.00610741 -0.00000000
v -0.02885535 0.00613339 0.00012500
v -0.02793729 0.00907737 -0.00000000
v -0.02805617 0.00911600 0.00012500
v -0.02683540 0.01194789 -0.00000000
v -0.02694959 0.01199873 0.00012500
v -0.02543950 0.01468750 -0.00000000
v -0.02554775 0.01475000 0.00012499
v -0.02376487 0.01726619 -0.00000001
v -0.02386600 0.01733966 0.00012499
v -0.02182988 0.01965571 -0.00000001
v -0.02192277 0.01973935 0.00012499
v -0.01965571 0.02182988 -0.00000001
v -0.01973935 0.02192277 0.00012499
v -0.01726619 0.02376487 -0.00000001
v -0.01733966 0.02386600 0.00012499
v -0.01468750 0.02543950 -0.00000001
v -0.01475000 0.02554775 0.00012499
v -0.01194789 0.02683540 -0.00000001
v -0.01199873 0.02694959 0.00012499
v -0.00907737 0.02793729 -0.00000001
v -0.00911600 0.02805617 0.00012499
v -0.00610741 0.02873309 -0.00000001
v -0.00613339 0.02885535 0.00012499
v -0.00307052 0.02921408 -0.00000001
v -0.00308359 0.02933840 0.00012499
v 0.00000000 0.02937500 -0.00000001
v 0.00000000 0.02950000 0.00012499
v 0.00307052 0.02921408 -0.00000001
v 0.00308359 0.02933840 0.00012499
v 0.00610741 0.02873309 -0.00000001
v 0.00613339 0.02885535 0.00012499
v 0.00907737 0.02793729 -0.00000001
v 0.00911600 0.02805617 0.00012499
v 0.01194789 0.02683540 -0.00000001
v 0.01199873 0.02694959 0.00012499
v 0.01468750 0.02543950 -0.00000001
v 0.01475000 0.02554775 0.00012499
v 0.01726619 0.02376487 -0.00000001
v 0.01733966 0.02386600 0.00012499
v 0.01965571 0.02182988 -0.00000001
v 0.01973935 0.02192277 0.00012499
v 0.02182988 0.01965571 -0.00000001
v 0.02192277 0.01973935 0.00012499
v 0.02376487 0.01726619 -0.00000001
v 0.02386600 0.01733966 0.00012499
v 0.02543950 0.01468750 -0.00000000
v 0.02554775 0.01475000 0.00012499
v 0.02683540 0.01194789 -0.00000000
v 0.02694959 0.01199873 0.00012500
v 0.02793729 0.00907737 -0.00000000
v 0.02805617 0.00911600 0.00012500
v 0.02873309 0.00610741 -0.00000000
v 0.02885535 0.00613339 0.00012500
v 0.02921408 0.00307052 -0.00000000
v 0.02933840 0.00308359 0.00012500
v 0.02937500 0.00000000 0.00000000
v 0.02950000 0.00000000 0.00012500
v 0.02921408 -0.00307052 0.00000000
v 0.02933840 -0.00308359 0.00012500
v 0.02873309 -0.00610741 0.00000000
v 0.02885535 -0.00613339 0.00012500
v 0.02793729 -0.00907737 0.00000000
v 0.02805617 -0.00911600 0.00012500
v 0.02683540 -0.01194789 0.00000000
v 0.02694959 -0.01199873 0.00012500
v 0.02543950 -0.01468750 0.00000000
v 0.02554775 -0.01475000 0.00012500
v 0.02376487 -0.01726619 0.00000001
v 0.02386600 -0.01733966 0.00012500
v 0.02182988 -0.01965571 0.00000001
v 0.02192277 -0.01973935 0.00012501
v 0.01965571 -0.02182988 0.00000001
v 0.01973935 -0.02192277 0.00012501
v 0.01726619 -0.02376487 0.00000001
v 0.01733966 -0.02386600 0.00012501
v 0.01468750 -0.02543950 0.00000001
v 0.01475000 -0.02554775 0.00012501
v 0.01194789 -0.02683540 0.00000001
v 0.01199873 -0.02694959 0.00012501
v 0.00907737 -0.02793729 0.00000001
v 0.00911600 -0.02805617 0.00012501
v 0.00610741 -0.02873309 0.00000001
v 0.00613339 -0.02885535 0.00012501
v 0.00307052 -0.02921408 0.00000001
v 0.00308359 -0.02933840 0.00012501
v 0.00000000 -0.02937500 0.00000001
v 0.00000000 -0.02950000 0.00012501
v -0.00307052 -0.02921408 0.00000001
v -0.00308359 -0.02933840 0.00012501
v -0.00610741 -0.02873309 0.00000001
v -0.00613339 -0.02885535 0.00012501
v -0.00907737 -0.02793729 0.00000001
v -0.00911600 -0.02805617 0.00012501
v -0.01194789 -0.02683540 0.00000001
v -0.01199873 -0.02694959 0.00012501
v -0.01468750 -0.02543950 0.00000001
v -0.01475000 -0.02554775 0.00012501
v -0.01726619 -0.02376487 0.00000001
v -0.01733966 -0.02386600 0.00012501
v -0.01965571 -0.02182988 0.00000001
v -0.01973935 -0.02192277 0.00012501
v -0.02182988 -0.01965571 0.00000001
v -0.02192277 -0.01973935 0.00012501
v -0.02376487 -0.01726619 0.00000001
v -0.02386600 -0.01733966 0.00012500
v -0.02543950 -0.01468750 0.00000000
v -0.02554775 -0.01475000 0.00012500
v -0.02683540 -0.01194789 0.00000000
v -0.02694959 -0.01199873 0.00012500
v -0.02793729 -0.00907737 0.00000000
v -0.02805617 -0.00911600 0.00012500
v -0.02873309 -0.00610741 0.00000000
v -0.02885535 -0.00613339 0.00012500
v -0.02933840 0.00308359 0.01287500
v -0.02933840 0.00308359 0.00012500
v -0.02950000 0.00000000 0.01287500
v -0.02950000 0.00000000 0.00012500
v -0.02950000 0.00000000 0.01287500
v -0.02950000 0.00000000 0.00012500
v -0.02933840 -0.00308359 0.01287500
v -0.02933840 -0.00308359 0.00012500
v -0.02885535 -0.00613339 0.01287500
v -0.02885535 -0.00613339 0.00012500
v -0.02805617 -0.00911600 0.01287500
v -0.02805617 -0.00911600 0.00012500
v -0.02694959 -0.01199873 0.01287500
v -0.02694959 -0.01199873 0.00012500
v -0.02554775 -0.01475000 0.01287500
v -0.02554775 -0.01475000 0.00012500
v -0.02386600 -0.01733966 0.01287501
v -0.02386600 -0.01733966 0.00012500
v -0.02192277 -0.01973935 0.01287501
v -0.02192277 -0.01973935 0.00012501
v -0.01973935 -0.02192277 0.01287501
v -0.01973935 -0.02192277 0.00012501
v -0.01733966 -0.02386600 0.01287501
v -0.01733966 -0.02386600 0.00012501
v -0.01475000 -0.02554775 0.01287501
v -0.01475000 -0.02554775 0.00012501
v -0.01199873 -0.02694958 0.01287501
v -0.01199873 -0.02694959 0.00012501
v -0.00911600 -0.02805617 0.01287501
v -0.00911600 -0.02805617 0.00012501
v -0.00613339 -0.02885535 0.01287501
v -0.00613339 -0.02885535 0.00012501
v -0.00308359 -0.02933840 0.01287501
v -0.00308359 -0.02933840 0.00012501
v 0.00000000 -0.02950000 0.01287501
v 0.00000000 -0.02950000 0.00012501
v 0.00308359 -0.02933840 0.01287501
v 0.00308359 -0.02933840 0.00012501
v 0.00613339 -0.02885535 0.01287501
v 0.00613339 -0.02885535 0.00012501
v 0.00911600 -0.02805617 0.01287501
v 0.00911600 -0.02805617 0.00012501
v 0.01199873 -0.02694958 0.01287501
v 0.01199873 -0.02694959 0.00012501
v 0.01475000 -0.02554775 0.01287501
v 0.01475000 -0.02554775 0.00012501
v 0.01733966 -0.02386600 0.01287501
v 0.01733966 -0.02386600 0.00012501
v 0.01973935 -0.02192277 0.01287501
v 0.01973935 -0.02192277 0.00012501
v 0.02192277 -0.01973935 0.01287501
v 0.02192277 -0.01973935 0.00012501
v 0.02386600 -0.01733966 0.01287501
v 0.02386600 -0.01733966 0.00012500
v 0.02554775 -0.01475000 0.01287500
v 0.02554775 -0.01475000 0.00012500
v 0.02694959 -0.01199873 0.01287500
v 0.02694959 -0.01199873 0.00012500
v 0.02805617 -0.00911600 0.01287500
v 0.02805617 -0.00911600 0.00012500
v 0.02885535 -0.00613339 0.01287500
v 0.02885535 -0.00613339 0.00012500
v 0.02933840 -0.00308359 0.01287500
v 0.02933840 -0.00308359 0.00012500
v 0.02950000 0.00000000 0.01287500
v 0.02950000 0.00000000 0.00012500
v 0.02933840 0.00308359 0.01287500
v 0.02933840 0.00308359 0.00012500
v 0.02885535 0.00613340 0.01287500
v 0.02885535 0.00613339 0.00012500
v 0.02805617 0.00911600 0.01287500
v 0.02805617 0.00911600 0.00012500
v 0.02694959 0.01199873 0.01287500
v 0.02694959 0.01199873 0.00012500
v 0.02554775 0.01475000 0.01287500
v 0.02554775 0.01475000 0.00012499
v 0.02386600 0.01733966 0.01287499
v 0.02386600 0.01733966 0.00012499
v 0.02192277 0.01973935 0.01287499
v 0.02192277 0.01973935 0.00012499
v 0.01973935 0.02192277 0.01287499
v 0.01973935 0.02192277 0.00012499
v 0.01733966 0.02386600 0.01287499
v 0.01733966 0.02386600 0.00012499
v 0.01475000 0.02554775 0.01287499
v 0.01475000 0.02554775 0.00012499
v 0.01199873 0.02694959 0.01287499
v 0.01199873 0.02694959 0.00012499
v 0.00911600 0.02805617 0.01287499
v 0.00911600 0.02805617 0.00012499
v 0.00613339 0.02885535 0.01287499
v 0.00613339 0.02885535 0.00012499
v 0.00308359 0.02933840 0.01287499
v 0.00308359 0.02933840 0.00012499
v 0.00000000 0.02950000 0.01287499
v 0.00000000 0.02950000 0.00012499
v -0.00308359 0.02933840 0.01287499
v -0.00308359 0.02933840 0.00012499
v -0.00613339 0.02885535 0.01287499
v -0.00613339 0.02885535 0.00012499
v -0.00911600 0.02805617 0.01287499
v -0.00911600 0.02805617 0.00012499
v -0.01199873 0.02694959 0.01287499
v -0.01199873 0.02694959 0.00012499
v -0.01475000 0.02554775 0.01287499
v -0.01475000 0.02554775 0.00012499
v -0.01733966 0.02386600 0.01287499
v -0.01733966 0.02386600 0.00012499
v -0.01973935 0.02192277 0.01287499
v -0.01973935 0.02192277 0.00012499
v -0.02192277 0.01973935 0.01287499
v -0.02192277 0.01973935 0.00012499
v -0.02386600 0.01733966 0.01287499
v -0.02386600 0.01733966 0.00012499
v -0.02554775 0.01475000 0.01287500
v -0.02554775 0.01475000 0.00012499
v -0.02694959 0.01199873 0.01287500
v -0.02694959 0.01199873 0.00012500
v -0.02805617 0.00911600 0.01287500
v -0.02805617 0.00911600 0.00012500
v -0.02885535 0.00613340 0.01287500
v -0.02885535 0.00613339 0.00012500
v -0.02783586 -0.00302733 0.00000000
v -0.02921408 -0.00307052 0.00000000
v -0.02800000 0.00000000 0.00000000
v -0.02937500 0.00000000 0.00000000
v -0.02921408 0.00307052 -0.00000000
v -0.02873309 -0.00610741 0.00000000
v -0.02734538 -0.00601917 0.00000000
v -0.02793729 -0.00907737 0.00000000
v -0.02653429 -0.00894044 0.00000000
v -0.02683540 -0.01194789 0.00000000
v -0.02541211 -0.01175689 0.00000000
v -0.02543950 -0.01468750 0.00000000
v -0.02399200 -0.01443551 0.00000000
v -0.02376487 -0.01726619 0.00000001
v -0.02229061 -0.01694488 0.00000001
v -0.02182988 -0.01965571 0.00000001
v -0.02032787 -0.01925558 0.00000001
v -0.01965571 -0.02182988 0.00000001
v -0.01812682 -0.02134054 0.00000001
v -0.01726619 -0.02376487 0.00000001
v -0.01571324 -0.02317529 0.00000001
v -0.01468750 -0.02543950 0.00000001
v -0.01311544 -0.02473834 0.00000001
v -0.01194789 -0.02683540 0.00000001
v -0.01036387 -0.02601135 0.00000001
v -0.00907737 -0.02793729 0.00000001
v -0.00749079 -0.02697940 0.00000001
v -0.00610741 -0.02873309 0.00000001
v -0.00452990 -0.02763114 0.00000001
v -0.00307052 -0.02921408 0.00000001
v -0.00151589 -0.02795894 0.00000001
v 0.00000000 -0.02937500 0.00000001
v 0.00151589 -0.02795894 0.00000001
v 0.00307052 -0.02921408 0.00000001
v 0.00452990 -0.02763114 0.00000001
v 0.00610741 -0.02873309 0.00000001
v 0.00749079 -0.02697940 0.00000001
v 0.00907737 -0.02793729 0.00000001
v 0.01036387 -0.02601135 0.00000001
v 0.01194789 -0.02683540 0.00000001
v 0.01311544 -0.02473834 0.00000001
v 0.01468750 -0.02543950 0.00000001
v 0.01571324 -0.02317529 0.00000001
v 0.01726619 -0.02376487 0.00000001
v 0.01812682 -0.02134054 0.00000001
v 0.01965571 -0.02182988 0.00000001
v 0.02032787 -0.01925558 0.00000001
v 0.02182988 -0.01965571 0.00000001
v 0.02229061 -0.01694488 0.00000001
v 0.02376487 -0.01726619 0.00000001
v 0.02399200 -0.01443551 0.00000000
v 0.02543950 -0.01468750 0.00000000
v 0.02541211 -0.01175689 0.00000000
v 0.02683540 -0.01194789 0.00000000
v 0.02653429 -0.00894044 0.00000000
v 0.02793729 -0.00907737 0.00000000
v 0.02734538 -0.00601917 0.00000000
v 0.02873309 -0.00610741 0.00000000
v 0.02783586 -0.00302733 0.00000000
v 0.02921408 -0.00307052 0.00000000
v 0.02800000 0.00000000 0.00000000
v 0.02937500 0.00000000 0.00000000
v 0.02921408 0.00307052 -0.00000000
v 0.02783586 0.00302733 -0.00000000
v 0.02873309 0.00610741 -0.00000000
v 0.02734538 0.00601917 -0.00000000
v 0.02793729 0.00907737 -0.00000000
v 0.02653429 0.00894044 -0.00000000
v 0.02683540 0.01194789 -0.00000000
v 0.02541211 0.01175689 -0.00000000
v 0.02543950 0.01468750 -0.00000000
v 0.02399200 0.01443551 -0.00000000
v 0.02376487 0.01726619 -0.00000001
v 0.02229061 0.01694488 -0.00000001
v 0.02182988 0.01965571 -0.00000001
v 0.02032787 0.01925558 -0.00000001
v 0.01965571 0.02182988 -0.00000001
v 0.01812682 0.02134054 -0.00000001
v 0.01726619 0.02376487 -0.00000001
v 0.01571324 0.02317529 -0.00000001
v 0.01468750 0.02543950 -0.00000001
v 0.01311544 0.02473834 -0.00000001
v 0.01194789 0.02683540 -0.00000001
v 0.01036387 0.02601135 -0.00000001
v 0.00907737 0.02793729 -0.00000001
v 0.00749079 0.02697940 -0.00000001
v 0.00610741 0.02873309 -0.00000001
v 0.00452990 0.02763114 -0.00000001
v 0.00307052 0.02921408 -0.00000001
v 0.00151589 0.02795894 -0.00000001
v 0.00000000 0.02937500 -0.00000001
v -0.00151589 0.02795894 -0.00000001
v -0.00307052 0.02921408 -0.00000001
v -0.00452990 0.02763114 -0.00000001
v -0.00610741 0.02873309 -0.00000001
v -0.00749079 0.02697940 -0.00000001
v -0.00907737 0.02793729 -0.00000001
v -0.01036387 0.02601135 -0.00000001
v -0.01194789 0.02683540 -0.00000001
v -0.01311544 0.02473834 -0.00000001
v -0.01468750 0.02543950 -0.00000001
v -0.01571324 0.02317529 -0.00000001
v -0.01726619 0.02376487 -0.00000001
v -0.01812682 0.02134054 -0.00000001
v -0.01965571 0.02182988 -0.00000001
v -0.02032787 0.01925558 -0.00000001
v -0.02182988 0.01965571 -0.00000001
v -0.02229061 0.01694488 -0.00000001
v -0.02376487 0.01726619 -0.00000001
v -0.02399200 0.01443551 -0.00000000
v -0.02543950 0.01468750 -0.00000000
v -0.02541211 0.01175689 -0.00000000
v -0.02683540 0.01194789 -0.00000000
v -0.02653429 0.00894044 -0.00000000
v -0.02793729 0.00907737 -0.00000000
v -0.02734538 0.00601917 -0.00000000
v -0.02873309 0.00610741 -0.00000000
v -0.02783586 0.00302733 -0.00000000
v -0.02933840 -0.00308359 0.01287500
v -0.02921408 -0.00307052 0.01300000
v -0.02950000 0.00000000 0.01287500
v -0.02937500 0.00000000 0.01300000
v -0.02950000 0.00000000 0.01287500
v -0.02937500 0.00000000 0.01300000
v -0.02933840 0.00308359 0.01287500
v -0.02921408 0.00307053 0.01300000
v -0.02885535 0.00613340 0.01287500
v -0.02873309 0.00610741 0.01300000
v -0.02805617 0.00911600 0.01287500
v -0.02793729 0.00907738 0.01300000
v -0.02694959 0.01199873 0.01287500
v -0.02683540 0.01194789 0.01300000
v -0.02554775 0.01475000 0.01287500
v -0.02543950 0.01468750 0.01299999
v -0.02386600 0.01733966 0.01287499
v -0.02376487 0.01726619 0.01299999
v -0.02192277 0.01973935 0.01287499
v -0.02182988 0.01965571 0.01299999
v -0.01973935 0.02192277 0.01287499
v -0.01965571 0.02182988 0.01299999
v -0.01733966 0.02386600 0.01287499
v -0.01726619 0.02376487 0.01299999
v -0.01475000 0.02554775 0.01287499
v -0.01468750 0.02543950 0.01299999
v -0.01199873 0.02694959 0.01287499
v -0.01194789 0.02683540 0.01299999
v -0.00911600 0.02805617 0.01287499
v -0.00907737 0.02793729 0.01299999
v -0.00613339 0.02885535 0.01287499
v -0.00610741 0.02873309 0.01299999
v -0.00308359 0.02933840 0.01287499
v -0.00307052 0.02921408 0.01299999
v 0.00000000 0.02950000 0.01287499
v 0.00000000 0.02937500 0.01299999
v 0.00308359 0.02933840 0.01287499
v 0.00307052 0.02921408 0.01299999
v 0.00613339 0.02885535 0.01287499
v 0.00610741 0.02873309 0.01299999
v 0.00911600 0.02805617 0.01287499
v 0.00907737 0.02793729 0.01299999
v 0.01199873 0.02694959 0.01287499
v 0.01194789 0.02683540 0.01299999
v 0.01475000 0.02554775 0.01287499
v 0.01468750 0.02543950 0.01299999
v 0.01733966 0.02386600 0.01287499
v 0.01726619 0.02376487 0.01299999
v 0.01973935 0.02192277 0.01287499
v 0.01965571 0.02182988 0.01299999
v 0.02192277 0.01973935 0.01287499
v 0.02182988 0.01965571 0.01299999
v 0.02386600 0.01733966 0.01287499
v 0.02376487 0.01726619 0.01299999
v 0.02554775 0.01475000 0.01287500
v 0.02543950 0.01468750 0.01299999
v 0.02694959 0.01199873 0.01287500
v 0.02683540 0.01194789 0.01300000
v 0.02805617 0.00911600 0.01287500
v 0.02793729 0.00907738 0.01300000
v 0.02885535 0.00613340 0.01287500
v 0.02873309 0.00610741 0.01300000
v 0.02933840 0.00308359 0.01287500
v 0.02921408 0.00307053 0.01300000
v 0.02950000 0.00000000 0.01287500
v 0.02937500 0.00000000 0.01300000
v 0.02933840 -0.00308359 0.01287500
v 0.02921408 -0.00307052 0.01300000
v 0.02885535 -0.00613339 0.01287500
v 0.02873309 -0.00610740 0.01300000
v 0.02805617 -0.00911600 0.01287500
v 0.02793729 -0.00907737 0.01300000
v 0.02694959 -0.01199873 0.01287500
v 0.02683540 -0.01194789 0.01300000
v 0.02554775 -0.01475000 0.01287500
v 0.02543950 -0.01468750 0.01300000
v 0.02386600 -0.01733966 0.01287501
v 0.02376487 -0.01726619 0.01300000
v 0.02192277 -0.01973935 0.01287501
v 0.02182988 -0.01965571 0.01300001
v 0.01973935 -0.02192277 0.01287501
v 0.01965571 -0.02182987 0.01300001
v 0.01733966 -0.02386600 0.01287501
v 0.01726619 -0.02376487 0.01300001
v 0.01475000 -0.02554775 0.01287501
v 0.01468750 -0.02543950 0.01300001
v 0.01199873 -0.02694958 0.01287501
v 0.01194789 -0.02683540 0.01300001
v 0.00911600 -0.02805617 0.01287501
v 0.00907737 -0.02793729 0.01300001
v 0.00613339 -0.02885535 0.01287501
v 0.00610741 -0.02873308 0.01300001
v 0.00308359 -0.02933840 0.01287501
v 0.00307052 -0.02921407 0.01300001
v 0.00000000 -0.02950000 0.01287501
v 0.00000000 -0.02937500 0.01300001
v -0.00308359 -0.02933840 0.01287501
v -0.00307052 -0.02921407 0.01300001
v -0.00613339 -0.02885535 0.01287501
v -0.00610741 -0.02873308 0.01300001
v -0.00911600 -0.02805617 0.01287501
v -0.00907737 -0.02793729 0.01300001
v -0.01199873 -0.02694958 0.01287501
v -0.01194789 -0.02683540 0.01300001
v -0.01475000 -0.02554775 0.01287501
v -0.01468750 -0.02543950 0.01300001
v -0.01733966 -0.02386600 0.01287501
v -0.01726619 -0.02376487 0.01300001
v -0.01973935 -0.02192277 0.01287501
v -0.01965571 -0.02182987 0.01300001
v -0.02192277 -0.01973935 0.01287501
v -0.02182988 -0.01965571 0.01300001
v -0.02386600 -0.01733966 0.01287501
v -0.02376487 -0.01726619 0.01300000
v -0.02554775 -0.01475000 0.01287500
v -0.02543950 -0.01468750 0.01300000
v -0.02694959 -0.01199873 0.01287500
v -0.02683540 -0.01194789 0.01300000
v -0.02805617 -0.00911600 0.01287500
v -0.02793729 -0.00907737 0.01300000
v -0.02885535 -0.00613339 0.01287500
v -0.02873309 -0.00610740 0.01300000
v -0.02783586 0.00302734 0.01300000
v -0.02921408 0.00307053 0.01300000
v -0.02800000 0.00000000 0.01300000
v -0.02937500 0.00000000 0.01300000
v -0.02921408 -0.00307052 0.01300000
v -0.02873309 0.00610741 0.01300000
v -0.02734538 0.00601918 0.01300000
v -0.02793729 0.00907738 0.01300000
v -0.02653429 0.00894045 0.01300000
v -0.02683540 0.01194789 0.01300000
v -0.02541211 0.01175689 0.01300000
v -0.02543950 0.01468750 0.01299999
v -0.02399200 0.01443551 0.01299999
v -0.02376487 0.01726619 0.01299999
v -0.02229061 0.01694488 0.01299999
v -0.02182988 0.01965571 0.01299999
v -0.02032787 0.01925558 0.01299999
v -0.01965571 0.02182988 0.01299999
v -0.01812682 0.02134054 0.01299999
v -0.01726619 0.02376487 0.01299999
v -0.01571324 0.02317529 0.01299999
v -0.01468750 0.02543950 0.01299999
v -0.01311544 0.02473834 0.01299999
v -0.01194789 0.02683540 0.01299999
v -0.01036387 0.02601135 0.01299999
v -0.00907737 0.02793729 0.01299999
v -0.00749079 0.02697940 0.01299999
v -0.00610741 0.02873309 0.01299999
v -0.00452990 0.02763114 0.01299999
v -0.00307052 0.02921408 0.01299999
v -0.00151589 0.02795894 0.01299999
v 0.00000000 0.02937500 0.01299999
v 0.00151589 0.02795894 0.01299999
v 0.00307052 0.02921408 0.01299999
v 0.00452990 0.02763114 0.01299999
v 0.00610741 0.02873309 0.01299999
v 0.00749079 0.02697940 0.01299999
v 0.00907737 0.02793729 0.01299999
v 0.01036387 0.02601135 0.01299999
v 0.01194789 0.02683540 0.01299999
v 0.01311544 0.02473834 0.01299999
v 0.01468750 0.02543950 0.01299999
v 0.01571324 0.02317529 0.01299999
v 0.01726619 0.02376487 0.01299999
v 0.01812682 0.02134054 0.01299999
v 0.01965571 0.02182988 0.01299999
v 0.02032787 0.01925558 0.01299999
v 0.02182988 0.01965571 0.01299999
v 0.02229061 0.01694488 0.01299999
v 0.02376487 0.01726619 0.01299999
v 0.02399200 0.01443551 0.01299999
v 0.02543950 0.01468750 0.01299999
v 0.02541211 0.01175689 0.01300000
v 0.02683540 0.01194789 0.01300000
v 0.02653429 0.00894045 0.01300000
v 0.02793729 0.00907738 0.01300000
v 0.02734538 0.00601918 0.01300000
v 0.02873309 0.00610741 0.01300000
v 0.02783586 0.00302734 0.01300000
v 0.02921408 0.00307053 0.01300000
v 0.02800000 0.00000000 0.01300000
v 0.02937500 0.00000000 0.01300000
v 0.02921408 -0.00307052 0.01300000
v 0.02783586 -0.00302733 0.01300000
v 0.02873309 -0.00610740 0.01300000
v 0.02734538 -0.00601917 0.01300000
v 0.02793729 -0.00907737 0.01300000
v 0.02653429 -0.00894044 0.01300000
v 0.02683540 -0.01194789 0.01300000
v 0.02541211 -0.01175689 0.01300000
v 0.02543950 -0.01468750 0.01300000
v 0.02399200 -0.01443551 0.01300000
v 0.02376487 -0.01726619 0.01300000
v 0.02229061 -0.01694488 0.01300000
v 0.02182988 -0.01965571 0.01300001
v 0.02032787 -0.01925558 0.01300001
v 0.01965571 -0.02182987 0.01300001
v 0.01812682 -0.02134053 0.01300001
v 0.01726619 -0.02376487 0.01300001
v 0.01571324 -0.02317529 0.01300001
v 0.01468750 -0.02543950 0.01300001
v 0.01311544 -0.02473834 0.01300001
v 0.01194789 -0.02683540 0.01300001
v 0.01036387 -0.02601135 0.01300001
v 0.00907737 -0.02793729 0.01300001
v 0.00749079 -0.02697940 0.01300001
v 0.00610741 -0.02873308 0.01300001
v 0.00452990 -0.02763114 0.01300001
v 0.00307052 -0.02921407 0.01300001
v 0.00151589 -0.02795893 0.01300001
v 0.00000000 -0.02937500 0.01300001
v -0.00151589 -0.02795893 0.01300001
v -0.00307052 -0.02921407 0.01300001
v -0.00452990 -0.02763114 0.01300001
v -0.00610741 -0.02873308 0.01300001
v -0.00749079 -0.02697940 0.01300001
v -0.00907737 -0.02793729 0.01300001
v -0.01036387 -0.02601135 0.01300001
v -0.01194789 -0.02683540 0.01300001
v -0.01311544 -0.02473834 0.01300001
v -0.01468750 -0.02543950 0.01300001
v -0.01571324 -0.02317529 0.01300001
v -0.01726619 -0.02376487 0.01300001
v -0.01812682 -0.02134053 0.01300001
v -0.01965571 -0.02182987 0.01300001
v -0.02032787 -0.01925558 0.01300001
v -0.02182988 -0.01965571 0.01300001
v -0.02229061 -0.01694488 0.01300000
v -0.02376487 -0.01726619 0.01300000
v -0.02399200 -0.01443551 0.01300000
v -0.02543950 -0.01468750 0.01300000
v -0.02541211 -0.01175689 0.01300000
v -0.02683540 -0.01194789 0.01300000
v -0.02653429 -0.00894044 0.01300000
v -0.02793729 -0.00907737 0.01300000
v -0.02734538 -0.00601917 0.01300000
v -0.02873309 -0.00610740 0.01300000
v -0.02783586 -0.00302733 0.01300000
v -0.02783586 -0.00302733 0.01300000
v -0.02783586 -0.00302733 0.00000000
v -0.02800000 0.00000000 0.01300000
v -0.02800000 0.00000000 0.00000000
v -0.02800000 0.00000000 0.01300000
v -0.02800000 0.00000000 0.00000000
v -0.02783586 0.00302734 0.01300000
v -0.02783586 0.00302733 -0.00000000
v -0.02734538 0.00601918 0.01300000
v -0.02734538 0.00601917 -0.00000000
v -0.02653429 0.00894045 0.01300000
v -0.02653429 0.00894044 -0.00000000
v -0.02541211 0.01175689 0.01300000
v -0.02541211 0.01175689 -0.00000000
v -0.02399200 0.01443551 0.01299999
v -0.02399200 0.01443551 -0.00000000
v -0.02229061 0.01694488 0.01299999
v -0.02229061 0.01694488 -0.00000001
v -0.02032787 0.01925558 0.01299999
v -0.02032787 0.01925558 -0.00000001
v -0.01812682 0.02134054 0.01299999
v -0.01812682 0.02134054 -0.00000001
v -0.01571324 0.02317529 0.01299999
v -0.01571324 0.02317529 -0.00000001
v -0.01311544 0.02473834 0.01299999
v -0.01311544 0.02473834 -0.00000001
v -0.01036387 0.02601135 0.01299999
v -0.01036387 0.02601135 -0.00000001
v -0.00749079 0.02697940 0.01299999
v -0.00749079 0.02697940 -0.00000001
v -0.00452990 0.02763114 0.01299999
v -0.00452990 0.02763114 -0.00000001
v -0.00151589 0.02795894 0.01299999
v -0.00151589 0.02795894 -0.00000001
v 0.00151589 0.02795894 0.01299999
v 0.00151589 0.02795894 -0.00000001
v 0.00452990 0.02763114 0.01299999
v 0.00452990 0.02763114 -0.00000001
v 0.00749079 0.02697940 0.01299999
v 0.00749079 0.02697940 -0.00000001
v 0.01036387 0.02601135 0.01299999
v 0.01036387 0.02601135 -0.00000001
v 0.01311544 0.02473834 0.01299999
v 0.01311544 0.02473834 -0.00000001
v 0.01571324 0.02317529 0.01299999
v 0.01571324 0.02317529 -0.00000001
v 0.01812682 0.02134054 0.01299999
v 0.01812682 0.02134054 -0.00000001
v 0.02032787 0.01925558 0.01299999
v 0.02032787 0.01925558 -0.00000001
v 0.02229061 0.01694488 0.01299999
v 0.02229061 0.01694488 -0.00000001
v 0.02399200 0.01443551 0.01299999
v 0.02399200 0.01443551 -0.00000000
v 0.02541211 0.01175689 0.01300000
v 0.02541211 0.01175689 -0.00000000
v 0.02653429 0.00894045 0.01300000
v 0.02653429 0.00894044 -0.00000000
v 0.02734538 0.00601918 0.01300000
v 0.02734538 0.00601917 -0.00000000
v 0.02783586 0.00302734 0.01300000
v 0.02783586 0.00302733 -0.00000000
v 0.02800000 0.00000000 0.01300000
v 0.02800000 0.00000000 0.00000000
v 0.02783586 -0.00302733 0.01300000
v 0.02783586 -0.00302733 0.00000000
v 0.02734538 -0.00601917 0.01300000
v 0.02734538 -0.00601917 0.00000000
v 0.02653429 -0.00894044 0.01300000
v 0.02653429 -0.00894044 0.00000000
v 0.02541211 -0.01175689 0.01300000
v 0.02541211 -0.01175689 0.00000000
v 0.02399200 -0.01443551 0.01300000
v 0.02399200 -0.01443551 0.00000000
v 0.02229061 -0.01694488 0.01300000
v 0.02229061 -0.01694488 0.00000001
v 0.02032787 -0.01925558 0.01300001
v 0.02032787 -0.01925558 0.00000001
v 0.01812682 -0.02134053 0.01300001
v 0.01812682 -0.02134054 0.00000001
v 0.01571324 -0.02317529 0.01300001
v 0.01571324 -0.02317529 0.00000001
v 0.01311544 -0.02473834 0.01300001
v 0.01311544 -0.02473834 0.00000001
v 0.01036387 -0.02601135 0.01300001
v 0.01036387 -0.02601135 0.00000001
v 0.00749079 -0.02697940 0.01300001
v 0.00749079 -0.02697940 0.00000001
v 0.00452990 -0.02763114 0.01300001
v 0.00452990 -0.02763114 0.00000001
v 0.00151589 -0.02795893 0.01300001
v 0.00151589 -0.02795894 0.00000001
v -0.00151589 -0.02795893 0.01300001
v -0.00151589 -0.02795894 0.00000001
v -0.00452990 -0.02763114 0.01300001
v -0.00452990 -0.02763114 0.00000001
v -0.00749079 -0.02697940 0.01300001
v -0.00749079 -0.02697940 0.00000001
v -0.01036387 -0.02601135 0.01300001
v -0.01036387 -0.02601135 0.00000001
v -0.01311544 -0.02473834 0.01300001
v -0.01311544 -0.02473834 0.00000001
v -0.01571324 -0.02317529 0.01300001
v -0.01571324 -0.02317529 0.00000001
v -0.01812682 -0.02134053 0.01300001
v -0.01812682 -0.02134054 0.00000001
v -0.02032787 -0.01925558 0.01300001
v -0.02032787 -0.01925558 0.00000001
v -0.02229061 -0.01694488 0.01300000
v -0.02229061 -0.01694488 0.00000001
v -0.02399200 -0.01443551 0.01300000
v -0.02399200 -0.01443551 0.00000000
v -0.02541211 -0.01175689 0.01300000
v -0.02541211 -0.01175689 0.00000000
v -0.02653429 -0.00894044 0.01300000
v -0.02653429 -0.00894044 0.00000000
v -0.02734538 -0.00601917 0.01300000
v -0.02734538 -0.00601917 0.00000000
v 0.00174093 -0.00959331 0.02087500
v 0.00171861 -0.00947032 0.02100000
v 0.00000000 -0.00974999 0.02087500
v 0.00000000 -0.00962499 0.02100000
v 0.00000000 -0.00974999 0.02087500
v 0.00000000 -0.00962499 0.02100000
v -0.00174093 -0.00959331 0.02087500
v -0.00171861 -0.00947032 0.02100000
v -0.00342591 -0.00912828 0.02087500
v -0.00338198 -0.00901125 0.02100000
v -0.00500077 -0.00836987 0.02087500
v -0.00493665 -0.00826256 0.02100000
v -0.00641490 -0.00734244 0.02087500
v -0.00633266 -0.00724831 0.02100000
v -0.00762286 -0.00607902 0.02087500
v -0.00752513 -0.00600108 0.02100000
v -0.00858581 -0.00462021 0.02087500
v -0.00847573 -0.00456098 0.02100000
v -0.00927280 -0.00301291 0.02087500
v -0.00915392 -0.00297428 0.02100000
v -0.00966176 -0.00130877 0.02087500
v -0.00953789 -0.00129199 0.02100000
v -0.00974018 0.00043744 0.02087500
v -0.00961531 0.00043183 0.02100000
v -0.00950555 0.00216959 0.02087500
v -0.00938368 0.00214177 0.02100000
v -0.00896540 0.00383200 0.02087500
v -0.00885046 0.00378287 0.02100000
v -0.00813709 0.00537125 0.02087500
v -0.00803277 0.00530239 0.02100000
v -0.00704725 0.00673787 0.02087500
v -0.00695690 0.00665148 0.02100000
v -0.00573091 0.00788792 0.02087500
v -0.00565743 0.00778679 0.02100000
v -0.00423037 0.00878445 0.02087500
v -0.00417613 0.00867183 0.02100000
v -0.00259386 0.00939864 0.02087500
v -0.00256060 0.00927815 0.02100000
v -0.00087398 0.00971076 0.02087500
v -0.00086278 0.00958626 0.02100000
v 0.00087398 0.00971076 0.02087500
v 0.00086278 0.00958626 0.02100000
v 0.00259386 0.00939864 0.02087500
v 0.00256060 0.00927815 0.02100000
v 0.00423037 0.00878445 0.02087500
v 0.00417613 0.00867183 0.02100000
v 0.00573091 0.00788792 0.02087500
v 0.00565743 0.00778679 0.02100000
v 0.00704725 0.00673787 0.02087500
v 0.00695690 0.00665148 0.02100000
v 0.00813709 0.00537125 0.02087500
v 0.00803277 0.00530239 0.02100000
v 0.00896540 0.00383200 0.02087500
v 0.00885046 0.00378287 0.02100000
v 0.00950555 0.00216959 0.02087500
v 0.00938368 0.00214177 0.02100000
v 0.00974018 0.00043744 0.02087500
v 0.00961531 0.00043183 0.02100000
v 0.00966176 -0.00130877 0.02087500
v 0.00953789 -0.00129199 0.02100000
v 0.00927280 -0.00301291 0.02087500
v 0.00915392 -0.00297428 0.02100000
v 0.00858581 -0.00462021 0.02087500
v 0.00847573 -0.00456098 0.02100000
v 0.00762286 -0.00607902 0.02087500
v 0.00752513 -0.00600108 0.02100000
v 0.00641490 -0.00734244 0.02087500
v 0.00633266 -0.00724831 0.02100000
v 0.00500077 -0.00836987 0.02087500
v 0.00493665 -0.00826256 0.02100000
v 0.00342591 -0.00912828 0.02087500
v 0.00338198 -0.00901125 0.02100000
v 0.00174093 -0.00959331 0.02000000
v 0.00000000 -0.00974999 0.02087500
v 0.00000000 -0.00974999 0.02000000
v -0.00174093 -0.00959331 0.02087500
v -0.00174093 -0.00959331 0.02000000
v -0.00342591 -0.00912828 0.02087500
v -0.00342591 -0.00912828 0.02000000
v -0.00500077 -0.00836987 0.02087500
v -0.00500077 -0.00836987 0.02000000
v -0.00641490 -0.00734244 0.02087500
v -0.00641490 -0.00734244 0.02000000
v -0.00762286 -0.00607902 0.02087500
v -0.00762286 -0.00607902 0.02000000
v -0.00858581 -0.00462021 0.02087500
v -0.00858581 -0.00462021 0.02000000
v -0.00927280 -0.00301291 0.02087500
v -0.00927280 -0.00301291 0.02000000
v -0.00966176 -0.00130877 0.02087500
v -0.00966176 -0.00130877 0.02000000
v -0.00974018 0.00043744 0.02087500
v -0.00974018 0.00043744 0.02000000
v -0.00950555 0.00216959 0.02087500
v -0.00950555 0.00216959 0.02000000
v -0.00896540 0.00383200 0.02087500
v -0.00896540 0.00383200 0.02000000
v -0.00813709 0.00537125 0.02087500
v -0.00813709 0.00537125 0.02000000
v -0.00704725 0.00673787 0.02087500
v -0.00704725 0.00673787 0.02000000
v -0.00573091 0.00788792 0.02087500
v -0.00573091 0.00788792 0.02000000
v -0.00423037 0.00878445 0.02087500
v -0.00423037 0.00878445 0.02000000
v -0.00259386 0.00939864 0.02087500
v -0.00259386 0.00939864 0.02000000
v -0.00087398 0.00971076 0.02087500
v -0.00087398 0.00971075 0.02000000
v -0.00087398 0.00971075 0.02000000
v -0.00087398 0.00971076 0.02087500
v 0.00087398 0.00971076 0.02087500
v 0.00087398 0.00971075 0.02000000
v 0.00259386 0.00939864 0.02087500
v 0.00259386 0.00939864 0.02000000
v 0.00423037 0.00878445 0.02087500
v 0.00423037 0.00878445 0.02000000
v 0.00573091 0.00788792 0.02087500
v 0.00573091 0.00788792 0.02000000
v 0.00704725 0.00673787 0.02087500
v 0.00704725 0.00673787 0.02000000
v 0.00813709 0.00537125 0.02087500
v 0.00813709 0.00537125 0.02000000
v 0.00896540 0.00383200 0.02087500
v 0.00896540 0.00383200 0.02000000
v 0.00950555 0.00216959 0.02087500
v 0.00950555 0.00216959 0.02000000
v 0.00974018 0.00043744 0.02087500
v 0.00974018 0.00043744 0.02000000
v 0.00966176 -0.00130877 0.02087500
v 0.00966176 -0.00130877 0.02000000
v 0.00927280 -0.00301291 0.02087500
v 0.00927280 -0.00301291 0.02000000
v 0.00858581 -0.00462021 0.02087500
v 0.00858581 -0.00462021 0.02000000
v 0.00762286 -0.00607902 0.02087500
v 0.00762286 -0.00607902 0.02000000
v 0.00641490 -0.00734244 0.02087500
v 0.00641490 -0.00734244 0.02000000
v 0.00500077 -0.00836987 0.02087500
v 0.00500077 -0.00836987 0.02000000
v 0.00342591 -0.00912828 0.02087500
v 0.00342591 -0.00912828 0.02000000
v 0.00174093 -0.00959331 0.02087500
v 0.00000000 -0.00962499 0.02100000
v 0.00171861 -0.00947032 0.02100000
v -0.00171861 -0.00947032 0.02100000
v 0.00338198 -0.00901125 0.02100000
v -0.00338198 -0.00901125 0.02100000
v 0.00493665 -0.00826256 0.02100000
v -0.00493665 -0.00826256 0.02100000
v 0.00633266 -0.00724831 0.02100000
v 0.00752513 -0.00600108 0.02100000
v 0.00847573 -0.00456098 0.02100000
v 0.00915392 -0.00297428 0.02100000
v 0.00953789 -0.00129199 0.02100000
v 0.00961531 0.00043183 0.02100000
v 0.00938368 0.00214177 0.02100000
v 0.00885046 0.00378287 0.02100000
v 0.00803277 0.00530239 0.02100000
v 0.00695690 0.00665148 0.02100000
v -0.00633266 -0.00724831 0.02100000
v 0.00565743 0.00778679 0.02100000
v 0.00417613 0.00867183 0.02100000
v 0.00256060 0.00927815 0.02100000
v 0.00086278 0.00958626 0.02100000
v -0.00086278 0.00958626 0.02100000
v -0.00256060 0.00927815 0.02100000
v -0.00417613 0.00867183 0.02100000
v -0.00565743 0.00778679 0.02100000
v -0.00695690 0.00665148 0.02100000
v -0.00752513 -0.00600108 0.02100000
v -0.00803277 0.00530239 0.02100000
v -0.00847573 -0.00456098 0.02100000
v -0.00885046 0.00378287 0.02100000
v -0.00915392 -0.00297428 0.02100000
v -0.00938368 0.00214177 0.02100000
v -0.00953789 -0.00129199 0.02100000
v -0.00961531 0.00043183 0.02100000
v 0.00307052 -0.02921407 0.01300001
v 0.00308359 -0.02933840 0.01312501
v 0.00000000 -0.02937500 0.01300001
v 0.00000000 -0.02950000 0.01312501
v 0.00000000 -0.02937500 0.01300001
v 0.00000000 -0.02950000 0.01312501
v -0.00307052 -0.02921407 0.01300001
v -0.00308359 -0.02933840 0.01312501
v -0.00610741 -0.02873308 0.01300001
v -0.00613339 -0.02885535 0.01312501
v -0.00907737 -0.02793729 0.01300001
v -0.00911600 -0.02805617 0.01312501
v -0.01194789 -0.02683540 0.01300001
v -0.01199873 -0.02694958 0.01312501
v -0.01468750 -0.02543950 0.01300001
v -0.01475000 -0.02554775 0.01312501
v -0.01726619 -0.02376487 0.01300001
v -0.01733966 -0.02386600 0.01312501
v -0.01965571 -0.02182987 0.01300001
v -0.01973935 -0.02192276 0.01312501
v -0.02182988 -0.01965571 0.01300001
v -0.02192277 -0.01973935 0.01312501
v -0.02376487 -0.01726619 0.01300000
v -0.02386600 -0.01733966 0.01312501
v -0.02543950 -0.01468750 0.01300000
v -0.02554775 -0.01475000 0.01312500
v -0.02683540 -0.01194789 0.01300000
v -0.02694959 -0.01199873 0.01312500
v -0.02793729 -0.00907737 0.01300000
v -0.02805617 -0.00911600 0.01312500
v -0.02873309 -0.00610740 0.01300000
v -0.02885535 -0.00613339 0.01312500
v -0.02921408 -0.00307052 0.01300000
v -0.02933840 -0.00308359 0.01312500
v -0.02937500 0.00000000 0.01300000
v -0.02950000 0.00000000 0.01312500
v -0.02921408 0.00307053 0.01300000
v -0.02933840 0.00308359 0.01312500
v -0.02873309 0.00610741 0.01300000
v -0.02885535 0.00613340 0.01312500
v -0.02793729 0.00907738 0.01300000
v -0.02805617 0.00911601 0.01312500
v -0.02683540 0.01194789 0.01300000
v -0.02694959 0.01199873 0.01312500
v -0.02543950 0.01468750 0.01299999
v -0.02554775 0.01475000 0.01312500
v -0.02376487 0.01726619 0.01299999
v -0.02386600 0.01733966 0.01312499
v -0.02182988 0.01965571 0.01299999
v -0.02192277 0.01973935 0.01312499
v -0.01965571 0.02182988 0.01299999
v -0.01973935 0.02192277 0.01312499
v -0.01726619 0.02376487 0.01299999
v -0.01733966 0.02386600 0.01312499
v -0.01468750 0.02543950 0.01299999
v -0.01475000 0.02554775 0.01312499
v -0.01194789 0.02683540 0.01299999
v -0.01199873 0.02694959 0.01312499
v -0.00907737 0.02793729 0.01299999
v -0.00911600 0.02805617 0.01312499
v -0.00610741 0.02873309 0.01299999
v -0.00613339 0.02885535 0.01312499
v -0.00307052 0.02921408 0.01299999
v -0.00308359 0.02933840 0.01312499
v 0.00000000 0.02937500 0.01299999
v 0.00000000 0.02950000 0.01312499
v 0.00307052 0.02921408 0.01299999
v 0.00308359 0.02933840 0.01312499
v 0.00610741 0.02873309 0.01299999
v 0.00613339 0.02885535 0.01312499
v 0.00907737 0.02793729 0.01299999
v 0.00911600 0.02805617 0.01312499
v 0.01194789 0.02683540 0.01299999
v 0.01199873 0.02694959 0.01312499
v 0.01468750 0.02543950 0.01299999
v 0.01475000 0.02554775 0.01312499
v 0.01726619 0.02376487 0.01299999
v 0.01733966 0.02386600 0.01312499
v 0.01965571 0.02182988 0.01299999
v 0.01973935 0.02192277 0.01312499
v 0.02182988 0.01965571 0.01299999
v 0.02192277 0.01973935 0.01312499
v 0.02376487 0.01726619 0.01299999
v 0.02386600 0.01733966 0.01312499
v 0.02543950 0.01468750 0.01299999
v 0.02554775 0.01475000 0.01312500
v 0.02683540 0.01194789 0.01300000
v 0.02694959 0.01199873 0.01312500
v 0.02793729 0.00907738 0.01300000
v 0.02805617 0.00911601 0.01312500
v 0.02873309 0.00610741 0.01300000
v 0.02885535 0.00613340 0.01312500
v 0.02921408 0.00307053 0.01300000
v 0.02933840 0.00308359 0.01312500
v 0.02937500 0.00000000 0.01300000
v 0.02950000 0.00000000 0.01312500
v 0.02921408 -0.00307052 0.01300000
v 0.02933840 -0.00308359 0.01312500
v 0.02873309 -0.00610740 0.01300000
v 0.02885535 -0.00613339 0.01312500
v 0.02793729 -0.00907737 0.01300000
v 0.02805617 -0.00911600 0.01312500
v 0.02683540 -0.01194789 0.01300000
v 0.02694959 -0.01199873 0.01312500
v 0.02543950 -0.01468750 0.01300000
v 0.02554775 -0.01475000 0.01312500
v 0.02376487 -0.01726619 0.01300000
v 0.02386600 -0.01733966 0.01312501
v 0.02182988 -0.01965571 0.01300001
v 0.02192277 -0.01973935 0.01312501
v 0.01965571 -0.02182987 0.01300001
v 0.01973935 -0.02192276 0.01312501
v 0.01726619 -0.02376487 0.01300001
v 0.01733966 -0.02386600 0.01312501
v 0.01468750 -0.02543950 0.01300001
v 0.01475000 -0.02554775 0.01312501
v 0.01194789 -0.02683540 0.01300001
v 0.01199873 -0.02694958 0.01312501
v 0.00907737 -0.02793729 0.01300001
v 0.00911600 -0.02805617 0.01312501
v 0.00610741 -0.02873308 0.01300001
v 0.00613339 -0.02885535 0.01312501
v -0.00308359 -0.02933840 0.01434691
v -0.00308359 -0.02933840 0.01312501
v 0.00000000 -0.02950000 0.01434691
v 0.00000000 -0.02950000 0.01312501
v 0.00308359 -0.02933840 0.01434691
v 0.00308359 -0.02933840 0.01312501
v 0.00613339 -0.02885534 0.01434691
v 0.00613339 -0.02885535 0.01312501
v 0.00911600 -0.02805617 0.01434691
v 0.00911600 -0.02805617 0.01312501
v 0.01199873 -0.02694958 0.01434691
v 0.01199873 -0.02694958 0.01312501
v 0.01475000 -0.02554774 0.01434691
v 0.01475000 -0.02554775 0.01312501
v 0.01733966 -0.02386600 0.01434691
v 0.01733966 -0.02386600 0.01312501
v 0.01973935 -0.02192276 0.01434691
v 0.01973935 -0.02192276 0.01312501
v 0.02192277 -0.01973935 0.01434691
v 0.02192277 -0.01973935 0.01312501
v 0.02386600 -0.01733966 0.01434691
v 0.02386600 -0.01733966 0.01312501
v 0.02554775 -0.01475000 0.01434690
v 0.02554775 -0.01475000 0.01312500
v 0.02694959 -0.01199872 0.01434690
v 0.02694959 -0.01199873 0.01312500
v 0.02805617 -0.00911600 0.01434690
v 0.02805617 -0.00911600 0.01312500
v 0.02885535 -0.00613339 0.01434690
v 0.02885535 -0.00613339 0.01312500
v 0.02933840 -0.00308359 0.01434690
v 0.02933840 -0.00308359 0.01312500
v 0.02950000 0.00000000 0.01434690
v 0.02950000 0.00000000 0.01312500
v 0.02933840 0.00308359 0.01434690
v 0.02933840 0.00308359 0.01312500
v 0.02885535 0.00613340 0.01434690
v 0.02885535 0.00613340 0.01312500
v 0.02805617 0.00911601 0.01434690
v 0.02805617 0.00911601 0.01312500
v 0.02694959 0.01199873 0.01434690
v 0.02694959 0.01199873 0.01312500
v 0.02554775 0.01475000 0.01434690
v 0.02554775 0.01475000 0.01312500
v 0.02386600 0.01733966 0.01434689
v 0.02386600 0.01733966 0.01312499
v 0.02192277 0.01973935 0.01434689
v 0.02192277 0.01973935 0.01312499
v 0.01973935 0.02192277 0.01434689
v 0.01973935 0.02192277 0.01312499
v 0.01733966 0.02386600 0.01434689
v 0.01733966 0.02386600 0.01312499
v 0.01475000 0.02554775 0.01434689
v 0.01475000 0.02554775 0.01312499
v 0.01199873 0.02694959 0.01434689
v 0.01199873 0.02694959 0.01312499
v 0.00911600 0.02805617 0.01434689
v 0.00911600 0.02805617 0.01312499
v 0.00613339 0.02885535 0.01434689
v 0.00613339 0.02885535 0.01312499
v 0.00308359 0.02933840 0.01434689
v 0.00308359 0.02933840 0.01312499
v 0.00000000 0.02950000 0.01434689
v 0.00000000 0.02950000 0.01312499
v 0.00000000 0.02950000 0.01434689
v 0.00000000 0.02950000 0.01312499
v -0.00308359 0.02933840 0.01434689
v -0.00308359 0.02933840 0.01312499
v -0.00613339 0.02885535 0.01434689
v -0.00613339 0.02885535 0.01312499
v -0.00911600 0.02805617 0.01434689
v -0.00911600 0.02805617 0.01312499
v -0.01199873 0.02694959 0.01434689
v -0.01199873 0.02694959 0.01312499
v -0.01475000 0.02554775 0.01434689
v -0.01475000 0.02554775 0.01312499
v -0.01733966 0.02386600 0.01434689
v -0.01733966 0.02386600 0.01312499
v -0.01973935 0.02192277 0.01434689
v -0.01973935 0.02192277 0.01312499
v -0.02192277 0.01973935 0.01434689
v -0.02192277 0.01973935 0.01312499
v -0.02386600 0.01733966 0.01434689
v -0.02386600 0.01733966 0.01312499
v -0.02554775 0.01475000 0.01434690
v -0.02554775 0.01475000 0.01312500
v -0.02694959 0.01199873 0.01434690
v -0.02694959 0.01199873 0.01312500
v -0.02805617 0.00911601 0.01434690
v -0.02805617 0.00911601 0.01312500
v -0.02885535 0.00613340 0.01434690
v -0.02885535 0.00613340 0.01312500
v -0.02933840 0.00308359 0.01434690
v -0.02933840 0.00308359 0.01312500
v -0.02950000 0.00000000 0.01434690
v -0.02950000 0.00000000 0.01312500
v -0.02933840 -0.00308359 0.01434690
v -0.02933840 -0.00308359 0.01312500
v -0.02885535 -0.00613339 0.01434690
v -0.02885535 -0.00613339 0.01312500
v -0.02805617 -0.00911600 0.01434690
v -0.02805617 -0.00911600 0.01312500
v -0.02694959 -0.01199872 0.01434690
v -0.02694959 -0.01199873 0.01312500
v -0.02554775 -0.01475000 0.01434690
v -0.02554775 -0.01475000 0.01312500
v -0.02386600 -0.01733966 0.01434691
v -0.02386600 -0.01733966 0.01312501
v -0.02192277 -0.01973935 0.01434691
v -0.02192277 -0.01973935 0.01312501
v -0.01973935 -0.02192276 0.01434691
v -0.01973935 -0.02192276 0.01312501
v -0.01733966 -0.02386600 0.01434691
v -0.01733966 -0.02386600 0.01312501
v -0.01475000 -0.02554774 0.01434691
v -0.01475000 -0.02554775 0.01312501
v -0.01199873 -0.02694958 0.01434691
v -0.01199873 -0.02694958 0.01312501
v -0.00911600 -0.02805617 0.01434691
v -0.00911600 -0.02805617 0.01312501
v -0.00613339 -0.02885534 0.01434691
v -0.00613339 -0.02885535 0.01312501
v 0.00285509 -0.02533966 0.01300001
v 0.00307052 -0.02921407 0.01300001
v 0.00000000 -0.02549999 0.01300001
v 0.00000000 -0.02937500 0.01300001
v -0.00307052 -0.02921407 0.01300001
v 0.00610741 -0.02873308 0.01300001
v 0.00567428 -0.02486066 0.01300001
v 0.00907737 -0.02793729 0.01300001
v 0.00842212 -0.02406903 0.01300001
v 0.01194789 -0.02683540 0.01300001
v 0.01106404 -0.02297471 0.01300001
v 0.01468750 -0.02543950 0.01300001
v 0.01356682 -0.02159147 0.01300001
v 0.01726619 -0.02376487 0.01300001
v 0.01589899 -0.01993670 0.01300001
v 0.01965571 -0.02182987 0.01300001
v 0.01803122 -0.01803122 0.01300000
v 0.02182988 -0.01965571 0.01300001
v 0.01993670 -0.01589899 0.01300000
v 0.02376487 -0.01726619 0.01300000
v 0.02159147 -0.01356682 0.01300000
v 0.02543950 -0.01468750 0.01300000
v 0.02297471 -0.01106404 0.01300000
v 0.02683540 -0.01194789 0.01300000
v 0.02406903 -0.00842211 0.01300000
v 0.02793729 -0.00907737 0.01300000
v 0.02486066 -0.00567428 0.01300000
v 0.02873309 -0.00610740 0.01300000
v 0.02533966 -0.00285509 0.01300000
v 0.02921408 -0.00307052 0.01300000
v 0.02550000 0.00000000 0.01300000
v 0.02937500 0.00000000 0.01300000
v 0.02921408 0.00307053 0.01300000
v 0.02533966 0.00285510 0.01300000
v 0.02873309 0.00610741 0.01300000
v 0.02486066 0.00567429 0.01300000
v 0.02793729 0.00907738 0.01300000
v 0.02406903 0.00842212 0.01300000
v 0.02683540 0.01194789 0.01300000
v 0.02297471 0.01106404 0.01300000
v 0.02543950 0.01468750 0.01299999
v 0.02159147 0.01356682 0.01299999
v 0.02376487 0.01726619 0.01299999
v 0.01993670 0.01589899 0.01299999
v 0.02182988 0.01965571 0.01299999
v 0.01803122 0.01803122 0.01299999
v 0.01965571 0.02182988 0.01299999
v 0.01589899 0.01993670 0.01299999
v 0.01726619 0.02376487 0.01299999
v 0.01356682 0.02159147 0.01299999
v 0.01468750 0.02543950 0.01299999
v 0.01106404 0.02297471 0.01299999
v 0.01194789 0.02683540 0.01299999
v 0.00842212 0.02406903 0.01299999
v 0.00907737 0.02793729 0.01299999
v 0.00567428 0.02486066 0.01299999
v 0.00610741 0.02873309 0.01299999
v 0.00285509 0.02533966 0.01299999
v 0.00307052 0.02921408 0.01299999
v 0.00000000 0.02550000 0.01299999
v 0.00000000 0.02937500 0.01299999
v -0.00307052 0.02921408 0.01299999
v -0.00285509 0.02533966 0.01299999
v -0.00610741 0.02873309 0.01299999
v -0.00567428 0.02486066 0.01299999
v -0.00907737 0.02793729 0.01299999
v -0.00842212 0.02406903 0.01299999
v -0.01194789 0.02683540 0.01299999
v -0.01106404 0.02297471 0.01299999
v -0.01468750 0.02543950 0.01299999
v -0.01356682 0.02159147 0.01299999
v -0.01726619 0.02376487 0.01299999
v -0.01589899 0.01993670 0.01299999
v -0.01965571 0.02182988 0.01299999
v -0.01803122 0.01803122 0.01299999
v -0.02182988 0.01965571 0.01299999
v -0.01993670 0.01589899 0.01299999
v -0.02376487 0.01726619 0.01299999
v -0.02159147 0.01356682 0.01299999
v -0.02543950 0.01468750 0.01299999
v -0.02297471 0.01106404 0.01300000
v -0.02683540 0.01194789 0.01300000
v -0.02406903 0.00842212 0.01300000
v -0.02793729 0.00907738 0.01300000
v -0.02486066 0.00567429 0.01300000
v -0.02873309 0.00610741 0.01300000
v -0.02533966 0.00285510 0.01300000
v -0.02921408 0.00307053 0.01300000
v -0.02550000 0.00000000 0.01300000
v -0.02937500 0.00000000 0.01300000
v -0.02921408 -0.00307052 0.01300000
v -0.02533966 -0.00285509 0.01300000
v -0.02873309 -0.00610740 0.01300000
v -0.02486066 -0.00567428 0.01300000
v -0.02793729 -0.00907737 0.01300000
v -0.02406903 -0.00842211 0.01300000
v -0.02683540 -0.01194789 0.01300000
v -0.02297471 -0.01106404 0.01300000
v -0.02543950 -0.01468750 0.01300000
v -0.02159147 -0.01356682 0.01300000
v -0.02376487 -0.01726619 0.01300000
v -0.01993670 -0.01589899 0.01300000
v -0.02182988 -0.01965571 0.01300001
v -0.01803122 -0.01803122 0.01300000
v -0.01965571 -0.02182987 0.01300001
v -0.01589899 -0.01993670 0.01300001
v -0.01726619 -0.02376487 0.01300001
v -0.01356682 -0.02159147 0.01300001
v -0.01468750 -0.02543950 0.01300001
v -0.01106404 -0.02297471 0.01300001
v -0.01194789 -0.02683540 0.01300001
v -0.00842212 -0.02406903 0.01300001
v -0.00907737 -0.02793729 0.01300001
v -0.00567428 -0.02486066 0.01300001
v -0.00610741 -0.02873308 0.01300001
v -0.00285509 -0.02533966 0.01300001
v 0.00618878 0.00816378 0.01950003
v 0.00618878 0.00816378 0.01650000
v 0.00609550 0.00824060 0.01950000
v 0.00588609 0.00847105 0.01650000
v 0.00577931 0.00863864 0.01950000
v 0.00568336 0.00885176 0.01650000
v 0.00561422 0.00911943 0.01950000
v 0.00559734 0.00927441 0.01650000
v 0.00561919 0.00962774 0.01950000
v 0.00563514 0.00970407 0.01650000
v 0.00579365 0.01010521 0.01950000
v 0.00579365 0.01010520 0.01650000
v 0.00579365 0.01010520 0.01650000
v 0.00905277 0.01578972 0.01649999
v 0.00579365 0.01010521 0.01950000
v 0.00936590 0.01633588 0.01949999
v 0.00976578 0.01703335 0.01933128
v 0.00963678 0.01680835 0.01942441
v 0.00918951 0.01602822 0.01648100
v 0.01112185 0.01939858 0.01813433
v 0.00932366 0.01626220 0.01642441
v 0.00945266 0.01648721 0.01633128
v 0.01112185 0.01939857 0.01485794
v 0.00950264 0.01657438 0.01948100
v 0.00863864 0.00577932 0.01950000
v 0.00847105 0.00588610 0.01650000
v 0.00824060 0.00609550 0.01950000
v 0.00816378 0.00618878 0.01650000
v 0.00816378 0.00618878 0.01950003
v 0.00885175 0.00568336 0.01650000
v 0.00911942 0.00561423 0.01950000
v 0.00927441 0.00559734 0.01650000
v 0.00962773 0.00561920 0.01950000
v 0.00970406 0.00563515 0.01650000
v 0.01010520 0.00579365 0.01950000
v 0.01010520 0.00579365 0.01650000
v 0.00618878 0.00816378 0.01650000
v 0.00690630 0.00756646 0.01650000
v 0.00690630 0.00756646 0.01950003
v 0.00756646 0.00690630 0.01950003
v 0.00816378 0.00618878 0.01650000
v 0.00756646 0.00690630 0.01650000
v 0.02017234 0.01476741 0.01369923
v 0.02044131 0.01430024 0.01372251
v 0.02017234 0.01476741 0.01697561
v 0.02044131 0.01430025 0.01699890
v 0.02060730 0.01377719 0.01379205
v 0.02060730 0.01377720 0.01706844
v 0.02065375 0.01323683 0.01390492
v 0.02065375 0.01323684 0.01718130
v 0.02058937 0.01272124 0.01404943
v 0.02058937 0.01272125 0.01732581
v 0.02042053 0.01223505 0.01422370
v 0.02042053 0.01223506 0.01750008
v 0.02015338 0.01178838 0.01442454
v 0.02015338 0.01178839 0.01770092
v 0.01980281 0.01141142 0.01464076
v 0.01980281 0.01141143 0.01791714
v 0.01939857 0.01112185 0.01485795
v 0.01939857 0.01112186 0.01813434
v 0.01010520 0.00579365 0.01650000
v 0.01010520 0.00579365 0.01950000
v 0.01578972 0.00905278 0.01650000
v 0.01633587 0.00936590 0.01950000
v 0.01703334 0.00976579 0.01933129
v 0.01680834 0.00963679 0.01942442
v 0.01657437 0.00950264 0.01948101
v 0.01602822 0.00918952 0.01648101
v 0.01939857 0.01112186 0.01813434
v 0.01626220 0.00932367 0.01642442
v 0.01648720 0.00945267 0.01633129
v 0.01939857 0.01112185 0.01485795
v 0.01112185 0.01939858 0.01813433
v 0.01112185 0.01939857 0.01485794
v 0.01141142 0.01980282 0.01791713
v 0.01141142 0.01980281 0.01464075
v 0.01178838 0.02015338 0.01770091
v 0.01178838 0.02015338 0.01442453
v 0.01223505 0.02042053 0.01750007
v 0.01223505 0.02042053 0.01422369
v 0.01272124 0.02058938 0.01732580
v 0.01272124 0.02058937 0.01404942
v 0.01323683 0.02065376 0.01718129
v 0.01323683 0.02065375 0.01390491
v 0.01377719 0.02060730 0.01706843
v 0.01377719 0.02060730 0.01379205
v 0.01430024 0.02044132 0.01699889
v 0.01430024 0.02044131 0.01372250
v 0.01476741 0.02017235 0.01697560
v 0.01476741 0.02017234 0.01369922
v 0.02017234 0.01476741 0.01369923
v 0.02017234 0.01476741 0.01697561
v 0.01855852 0.01675057 0.01369922
v 0.01855852 0.01675058 0.01697560
v 0.01675057 0.01855852 0.01369922
v 0.01675057 0.01855852 0.01697560
v 0.01476741 0.02017234 0.01369922
v 0.01476741 0.02017235 0.01697560
v 0.01014879 0.00139654 0.01950003
v 0.01013715 0.00151682 0.01950000
v 0.00994212 0.00175307 0.01952447
v 0.00975732 0.00313963 0.01950000
v 0.00948666 0.00345287 0.01952447
v 0.00911951 0.00467942 0.01950000
v 0.00874295 0.00504775 0.01952447
v 0.00824060 0.00609550 0.01950000
v 0.00816378 0.00618878 0.01950003
v 0.00773359 0.00648926 0.01952447
v 0.00756646 0.00690630 0.01950003
v 0.00690630 0.00756646 0.01950003
v 0.00648926 0.00773360 0.01952447
v 0.00618878 0.00816378 0.01950003
v 0.00504775 0.00874296 0.01952447
v 0.00609550 0.00824060 0.01950000
v 0.00467942 0.00911952 0.01950000
v 0.00345286 0.00948667 0.01952447
v 0.00313962 0.00975732 0.01950000
v 0.00175306 0.00994213 0.01952447
v 0.00151682 0.01013716 0.01950000
v 0.00139654 0.01014880 0.01950003
v 0.00046680 0.01023379 0.01950003
v 0.00000000 0.01009550 0.01952447
v 0.00000000 0.00995611 0.01959549
v 0.00000000 0.00995611 0.01959549
v 0.00000000 0.01009550 0.01952447
v -0.00172886 0.00980486 0.01959549
v -0.00170965 0.00969592 0.01970611
v -0.00336736 0.00925174 0.01970611
v -0.00334307 0.00918500 0.01984549
v -0.00488724 0.00846495 0.01984549
v -0.00423037 0.00878445 0.02000000
v -0.00573091 0.00788792 0.02000000
v -0.00628291 0.00748769 0.01984549
v -0.00704725 0.00673787 0.02000000
v -0.00748768 0.00628292 0.01984549
v -0.00813709 0.00537125 0.02000000
v -0.00846494 0.00488724 0.01984549
v -0.00896540 0.00383200 0.02000000
v -0.00918500 0.00334307 0.01984549
v -0.00950555 0.00216959 0.02000000
v -0.00962598 0.00169733 0.01984549
v -0.00974018 0.00043744 0.02000000
v -0.00977447 0.00000001 0.01984549
v -0.00966176 -0.00130877 0.02000000
v -0.00962598 -0.00169731 0.01984549
v -0.00927280 -0.00301291 0.02000000
v -0.00918500 -0.00334306 0.01984549
v -0.00858581 -0.00462021 0.02000000
v -0.00846494 -0.00488723 0.01984549
v -0.00762286 -0.00607902 0.02000000
v -0.00748768 -0.00628290 0.01984549
v -0.00641490 -0.00734244 0.02000000
v -0.00628291 -0.00748767 0.01984549
v -0.00500077 -0.00836987 0.02000000
v -0.00488724 -0.00846493 0.01984549
v -0.00342591 -0.00912828 0.02000000
v -0.00334307 -0.00918499 0.01984549
v -0.00174093 -0.00959331 0.02000000
v -0.00169732 -0.00962597 0.01984549
v 0.00000000 -0.00974999 0.02000000
v 0.00000000 -0.00977447 0.01984549
v 0.00169732 -0.00962597 0.01984549
v 0.00000000 -0.00984549 0.01970611
v 0.00170965 -0.00969591 0.01970611
v 0.00000000 -0.00995610 0.01959549
v 0.00172886 -0.00980485 0.01959549
v 0.00000000 -0.01009548 0.01952447
v -0.00175306 -0.00994211 0.01952447
v -0.00046680 -0.01023377 0.01950003
v -0.00139654 -0.01014878 0.01950003
v -0.00151682 -0.01013714 0.01950000
v -0.00313962 -0.00975731 0.01950000
v -0.00345286 -0.00948665 0.01952447
v -0.00467942 -0.00911951 0.01950000
v -0.00504775 -0.00874295 0.01952447
v -0.00609550 -0.00824059 0.01950000
v -0.00618878 -0.00816377 0.01950003
v -0.00648926 -0.00773359 0.01952447
v -0.00690630 -0.00756645 0.01950003
v -0.00773359 -0.00648925 0.01952447
v -0.00756646 -0.00690629 0.01950003
v -0.00816378 -0.00618877 0.01950003
v -0.00874295 -0.00504774 0.01952447
v -0.00824060 -0.00609549 0.01950000
v -0.00911951 -0.00467941 0.01950000
v -0.00948666 -0.00345285 0.01952447
v -0.00975732 -0.00313962 0.01950000
v -0.00994212 -0.00175306 0.01952447
v -0.01013715 -0.00151681 0.01950000
v -0.01014879 -0.00139653 0.01950003
v -0.01009549 0.00000001 0.01952447
v -0.01023378 -0.00046680 0.01950003
v -0.01023378 0.00046681 0.01950003
v -0.00994212 0.00175307 0.01952447
v -0.01014879 0.00139654 0.01950003
v -0.01013715 0.00151682 0.01950000
v -0.00975732 0.00313963 0.01950000
v -0.00948666 0.00345287 0.01952447
v -0.00911951 0.00467942 0.01950000
v -0.00874295 0.00504775 0.01952447
v -0.00824060 0.00609550 0.01950000
v -0.00816378 0.00618878 0.01950003
v -0.00773359 0.00648926 0.01952447
v -0.00756646 0.00690630 0.01950003
v -0.00648926 0.00773360 0.01952447
v -0.00690630 0.00756646 0.01950003
v -0.00618878 0.00816378 0.01950003
v -0.00504775 0.00874296 0.01952447
v -0.00609550 0.00824060 0.01950000
v -0.00467942 0.00911952 0.01950000
v -0.00345286 0.00948667 0.01952447
v -0.00313962 0.00975732 0.01950000
v -0.00175306 0.00994213 0.01952447
v -0.00151682 0.01013716 0.01950000
v -0.00139654 0.01014880 0.01950003
v -0.00046680 0.01023379 0.01950003
v 0.00046680 0.01023379 0.01950003
v 0.00046680 -0.01023377 0.01950003
v 0.00139654 -0.01014878 0.01950003
v 0.00175306 -0.00994211 0.01952447
v 0.00151682 -0.01013714 0.01950000
v 0.00313962 -0.00975731 0.01950000
v 0.00345286 -0.00948665 0.01952447
v 0.00467942 -0.00911951 0.01950000
v 0.00504775 -0.00874295 0.01952447
v 0.00609550 -0.00824059 0.01950000
v 0.00618878 -0.00816377 0.01950003
v 0.00648926 -0.00773359 0.01952447
v 0.00690630 -0.00756645 0.01950003
v 0.00756646 -0.00690629 0.01950003
v 0.00773359 -0.00648925 0.01952447
v 0.00816378 -0.00618877 0.01950003
v 0.00874295 -0.00504774 0.01952447
v 0.00824060 -0.00609549 0.01950000
v 0.00911951 -0.00467941 0.01950000
v 0.00948666 -0.00345285 0.01952447
v 0.00975732 -0.00313962 0.01950000
v 0.00994212 -0.00175306 0.01952447
v 0.01013715 -0.00151681 0.01950000
v 0.01014879 -0.00139653 0.01950003
v 0.01023378 -0.00046680 0.01950003
v 0.01009549 0.00000001 0.01952447
v 0.00995611 0.00000001 0.01959549
v 0.00980485 0.00172887 0.01959549
v 0.00969592 0.00170966 0.01970611
v 0.00984549 0.00000001 0.01970611
v 0.00962598 0.00169733 0.01984549
v 0.00918500 0.00334307 0.01984549
v 0.00950555 0.00216959 0.02000000
v 0.00896540 0.00383200 0.02000000
v 0.00846494 0.00488724 0.01984549
v 0.00813709 0.00537125 0.02000000
v 0.00748768 0.00628292 0.01984549
v 0.00704725 0.00673787 0.02000000
v 0.00628291 0.00748769 0.01984549
v 0.00573091 0.00788792 0.02000000
v 0.00488724 0.00846495 0.01984549
v 0.00423037 0.00878445 0.02000000
v 0.00334307 0.00918500 0.01984549
v 0.00259386 0.00939864 0.02000000
v 0.00169732 0.00962598 0.01984549
v 0.00087398 0.00971075 0.02000000
v 0.00000000 0.00977448 0.01984549
v -0.00087398 0.00971075 0.02000000
v -0.00087398 0.00971075 0.02000000
v 0.00000000 0.00977448 0.01984549
v -0.00169732 0.00962598 0.01984549
v -0.00259386 0.00939864 0.02000000
v 0.01023378 0.00046681 0.01950003
v 0.00974018 0.00043744 0.02000000
v 0.00977447 0.00000001 0.01984549
v 0.00969592 -0.00170964 0.01970611
v 0.00980485 -0.00172885 0.01959549
v 0.00966176 -0.00130877 0.02000000
v 0.00962598 -0.00169731 0.01984549
v 0.00925174 -0.00336735 0.01970611
v 0.00935568 -0.00340518 0.01959549
v 0.00927280 -0.00301291 0.02000000
v 0.00918500 -0.00334306 0.01984549
v 0.00852645 -0.00492274 0.01970611
v 0.00862224 -0.00497805 0.01959549
v 0.00858581 -0.00462021 0.02000000
v 0.00846494 -0.00488723 0.01984549
v 0.00754208 -0.00632855 0.01970611
v 0.00762682 -0.00639966 0.01959549
v 0.00762286 -0.00607902 0.02000000
v 0.00748768 -0.00628290 0.01984549
v 0.00632856 -0.00754208 0.01970611
v 0.00639966 -0.00762681 0.01959549
v 0.00641490 -0.00734244 0.02000000
v 0.00628291 -0.00748767 0.01984549
v 0.00492275 -0.00852644 0.01970611
v 0.00497805 -0.00862224 0.01959549
v 0.00500077 -0.00836987 0.02000000
v 0.00488724 -0.00846493 0.01984549
v 0.00336736 -0.00925173 0.01970611
v 0.00340519 -0.00935567 0.01959549
v 0.00342591 -0.00912828 0.02000000
v 0.00334307 -0.00918499 0.01984549
v 0.00174093 -0.00959331 0.02000000
v 0.00000000 0.00984550 0.01970611
v 0.00172886 0.00980486 0.01959549
v 0.00170965 0.00969592 0.01970611
v 0.00340519 0.00935569 0.01959549
v 0.00336736 0.00925174 0.01970611
v 0.00492275 0.00852645 0.01970611
v 0.00497805 0.00862225 0.01959549
v 0.00632856 0.00754209 0.01970611
v 0.00639966 0.00762683 0.01959549
v 0.00754208 0.00632857 0.01970611
v 0.00762682 0.00639967 0.01959549
v 0.00852645 0.00492275 0.01970611
v 0.00862224 0.00497806 0.01959549
v 0.00925174 0.00336736 0.01970611
v 0.00935568 0.00340519 0.01959549
v 0.00000000 0.00984550 0.01970611
v -0.00340519 0.00935569 0.01959549
v -0.00497805 0.00862225 0.01959549
v -0.00492275 0.00852645 0.01970611
v -0.00639966 0.00762683 0.01959549
v -0.00632856 0.00754209 0.01970611
v -0.00762682 0.00639967 0.01959549
v -0.00754208 0.00632857 0.01970611
v -0.00862224 0.00497806 0.01959549
v -0.00852645 0.00492275 0.01970611
v -0.00935568 0.00340519 0.01959549
v -0.00925174 0.00336736 0.01970611
v -0.00980485 0.00172887 0.01959549
v -0.00969592 0.00170966 0.01970611
v -0.00995611 0.00000001 0.01959549
v -0.00984549 0.00000001 0.01970611
v -0.00980485 -0.00172885 0.01959549
v -0.00969592 -0.00170964 0.01970611
v -0.00935568 -0.00340518 0.01959549
v -0.00925174 -0.00336735 0.01970611
v -0.00862224 -0.00497805 0.01959549
v -0.00852645 -0.00492274 0.01970611
v -0.00762682 -0.00639966 0.01959549
v -0.00754208 -0.00632855 0.01970611
v -0.00639966 -0.00762681 0.01959549
v -0.00632856 -0.00754208 0.01970611
v -0.00497805 -0.00862224 0.01959549
v -0.00492275 -0.00852644 0.01970611
v -0.00340519 -0.00935567 0.01959549
v -0.00336736 -0.00925173 0.01970611
v -0.00172886 -0.00980485 0.01959549
v -0.00170965 -0.00969591 0.01970611
v 0.00936590 0.01633588 0.01949999
v 0.00794086 0.01707406 0.01949999
v 0.00579365 0.01010521 0.01950000
v 0.00645814 0.01768822 0.01949999
v 0.00304873 0.01124219 0.01950000
v 0.00492851 0.01817390 0.01949999
v 0.00283447 0.01078121 0.01950000
v 0.00313962 0.00975732 0.01950000
v 0.00467942 0.00911952 0.01950000
v 0.00561919 0.00962774 0.01950000
v 0.00561422 0.00911943 0.01950000
v 0.00577931 0.00863864 0.01950000
v 0.00609550 0.00824060 0.01950000
v 0.00247855 0.01041827 0.01950000
v 0.00202185 0.01019503 0.01950000
v 0.00151682 0.01013716 0.01950000
v 0.00936590 0.01633588 0.01949999
v 0.00950264 0.01657438 0.01948100
v 0.00794086 0.01707406 0.01949999
v 0.00736323 0.01777643 0.01945736
v 0.00645814 0.01768822 0.01949999
v 0.00500047 0.01843924 0.01948100
v 0.00492851 0.01817390 0.01949999
v 0.00963678 0.01680835 0.01942441
v 0.00827990 0.01780306 0.01933128
v 0.00673388 0.01844344 0.01933128
v 0.00976578 0.01703335 0.01933128
v 0.00513894 0.01894985 0.01933128
v 0.00507106 0.01869953 0.01942441
v -0.00285509 -0.02533966 0.01347973
v -0.00127841 -0.02496728 0.01369924
v 0.00000000 -0.02549999 0.01347973
v 0.00127841 -0.02496728 0.01369924
v 0.00285509 -0.02533966 0.01347973
v 0.00382186 -0.02470613 0.01369924
v 0.00434239 -0.02456599 0.01372252
v -0.00382186 -0.02470613 0.01369924
v -0.00567428 -0.02486066 0.01347973
v -0.00434239 -0.02456599 0.01372252
v -0.00482962 -0.02431350 0.01379207
v -0.00524455 -0.02396425 0.01390493
v -0.00556361 -0.02355416 0.01404944
v -0.00578801 -0.02309098 0.01422371
v -0.00842212 -0.02406903 0.01347973
v -0.00591495 -0.02258624 0.01442455
v -0.00593361 -0.02207180 0.01464077
v -0.00585253 -0.02158118 0.01485796
v -0.00497417 -0.01834225 0.01633130
v -0.00651797 -0.01785207 0.01633130
v -0.01106404 -0.02297471 0.01347973
v -0.00801442 -0.01723221 0.01633130
v -0.00945266 -0.01648719 0.01633129
v -0.01112185 -0.01939856 0.01485796
v -0.01141142 -0.01980280 0.01464077
v -0.01178838 -0.02015337 0.01442455
v -0.01356682 -0.02159147 0.01347973
v -0.01223505 -0.02042052 0.01422371
v -0.01272124 -0.02058937 0.01404944
v -0.01323683 -0.02065375 0.01390493
v -0.01377719 -0.02060730 0.01379207
v -0.01430024 -0.02044131 0.01372252
v -0.01589899 -0.01993670 0.01347973
v -0.01476741 -0.02017234 0.01369924
v -0.01675057 -0.01855852 0.01369924
v -0.01803122 -0.01803122 0.01347973
v -0.01855852 -0.01675057 0.01369923
v -0.01993670 -0.01589898 0.01347973
v -0.02017234 -0.01476740 0.01369923
v -0.02159147 -0.01356681 0.01347972
v -0.02044131 -0.01430024 0.01372251
v -0.02060730 -0.01377719 0.01379206
v -0.02065375 -0.01323683 0.01390492
v -0.02058937 -0.01272124 0.01404943
v -0.02042053 -0.01223505 0.01422370
v -0.02297471 -0.01106403 0.01347972
v -0.02015338 -0.01178838 0.01442454
v -0.01980281 -0.01141142 0.01464076
v -0.01939857 -0.01112185 0.01485795
v -0.01648720 -0.00945266 0.01633129
v -0.01723222 -0.00801442 0.01633129
v -0.02406903 -0.00842211 0.01347972
v -0.01785208 -0.00651796 0.01633129
v -0.01834225 -0.00497416 0.01633129
v -0.02158119 -0.00585252 0.01485795
v -0.02207180 -0.00593361 0.01464076
v -0.02258624 -0.00591494 0.01442454
v -0.02486066 -0.00567428 0.01347972
v -0.02309099 -0.00578800 0.01422370
v -0.02355416 -0.00556360 0.01404943
v -0.02396425 -0.00524455 0.01390492
v -0.02431351 -0.00482961 0.01379206
v -0.02456599 -0.00434239 0.01372251
v -0.02533966 -0.00285509 0.01347972
v -0.02470614 -0.00382186 0.01369923
v -0.02496729 -0.00127841 0.01369923
v -0.02550000 0.00000000 0.01347972
v -0.02496729 0.00127842 0.01369923
v -0.02533966 0.00285510 0.01347972
v -0.02470614 0.00382187 0.01369923
v -0.02486066 0.00567429 0.01347972
v -0.02456599 0.00434240 0.01372251
v -0.02431351 0.00482962 0.01379206
v -0.02396425 0.00524456 0.01390492
v -0.02355416 0.00556361 0.01404943
v -0.02309099 0.00578801 0.01422370
v -0.02406903 0.00842212 0.01347972
v -0.02258624 0.00591495 0.01442454
v -0.02207180 0.00593361 0.01464076
v -0.02158119 0.00585253 0.01485795
v -0.01834225 0.00497418 0.01633129
v -0.01785208 0.00651797 0.01633129
v -0.02297471 0.01106404 0.01347972
v -0.01723222 0.00801443 0.01633129
v -0.01648720 0.00945267 0.01633129
v -0.01939857 0.01112185 0.01485795
v -0.01980281 0.01141142 0.01464076
v -0.02015338 0.01178838 0.01442454
v -0.02159147 0.01356682 0.01347972
v -0.02042053 0.01223505 0.01422370
v -0.02058937 0.01272124 0.01404943
v -0.02065375 0.01323683 0.01390492
v -0.02060730 0.01377719 0.01379205
v -0.02044131 0.01430024 0.01372251
v -0.01993670 0.01589899 0.01347972
v -0.02017234 0.01476741 0.01369923
v -0.01855852 0.01675057 0.01369922
v -0.01803122 0.01803122 0.01347971
v -0.01675057 0.01855852 0.01369922
v -0.01589899 0.01993670 0.01347971
v -0.01476741 0.02017234 0.01369922
v -0.01356682 0.02159147 0.01347971
v -0.01430024 0.02044131 0.01372250
v -0.01377719 0.02060730 0.01379205
v -0.01323683 0.02065375 0.01390491
v -0.01272124 0.02058937 0.01404942
v -0.01223505 0.02042053 0.01422369
v -0.01106404 0.02297471 0.01347971
v -0.01178838 0.02015338 0.01442453
v -0.01141142 0.01980281 0.01464075
v -0.01112185 0.01939857 0.01485794
v -0.00945266 0.01648721 0.01633128
v -0.00801442 0.01723222 0.01633128
v -0.00842212 0.02406903 0.01347971
v -0.00651797 0.01785208 0.01633128
v -0.00497417 0.01834226 0.01633128
v -0.00585253 0.02158119 0.01485794
v -0.00593361 0.02207180 0.01464075
v -0.00591495 0.02258624 0.01442453
v -0.00567428 0.02486066 0.01347971
v -0.00578801 0.02309099 0.01422369
v -0.00556361 0.02355416 0.01404942
v -0.00524455 0.02396425 0.01390491
v -0.00482962 0.02431351 0.01379205
v -0.00434239 0.02456599 0.01372250
v -0.00285509 0.02533966 0.01347971
v -0.00382186 0.02470614 0.01369922
v -0.00127841 0.02496729 0.01369922
v 0.00000000 0.02550000 0.01347971
v 0.00127841 0.02496729 0.01369922
v 0.00127841 0.02496729 0.01369922
v 0.00000000 0.02550000 0.01347971
v 0.00285509 0.02533966 0.01347971
v 0.00382186 0.02470614 0.01369922
v 0.00567428 0.02486066 0.01347971
v 0.00434239 0.02456599 0.01372250
v 0.00482962 0.02431351 0.01379205
v 0.00524455 0.02396425 0.01390491
v 0.00556361 0.02355416 0.01404942
v 0.00578801 0.02309099 0.01422369
v 0.00842212 0.02406903 0.01347971
v 0.00591495 0.02258624 0.01442453
v 0.00593361 0.02207180 0.01464075
v 0.00585253 0.02158119 0.01485794
v 0.00497417 0.01834226 0.01633128
v 0.00651797 0.01785208 0.01633128
v 0.01106404 0.02297471 0.01347971
v 0.00801442 0.01723222 0.01633128
v 0.00945266 0.01648721 0.01633128
v 0.01112185 0.01939857 0.01485794
v 0.01141142 0.01980281 0.01464075
v 0.01178838 0.02015338 0.01442453
v 0.01356682 0.02159147 0.01347971
v 0.01223505 0.02042053 0.01422369
v 0.01272124 0.02058937 0.01404942
v 0.01323683 0.02065375 0.01390491
v 0.01377719 0.02060730 0.01379205
v 0.01430024 0.02044131 0.01372250
v 0.01589899 0.01993670 0.01347971
v 0.01476741 0.02017234 0.01369922
v 0.01675057 0.01855852 0.01369922
v 0.01803122 0.01803122 0.01347971
v 0.01855852 0.01675057 0.01369922
v 0.01993670 0.01589899 0.01347972
v 0.02017234 0.01476741 0.01369923
v 0.02159147 0.01356682 0.01347972
v 0.02044131 0.01430024 0.01372251
v 0.02060730 0.01377719 0.01379205
v 0.02065375 0.01323683 0.01390492
v 0.02058937 0.01272124 0.01404943
v 0.02042053 0.01223505 0.01422370
v 0.02297471 0.01106404 0.01347972
v 0.02015338 0.01178838 0.01442454
v 0.01980281 0.01141142 0.01464076
v 0.01939857 0.01112185 0.01485795
v 0.01648720 0.00945267 0.01633129
v 0.01723222 0.00801443 0.01633129
v 0.02406903 0.00842212 0.01347972
v 0.01785208 0.00651797 0.01633129
v 0.01834225 0.00497418 0.01633129
v 0.02158119 0.00585253 0.01485795
v 0.02207180 0.00593361 0.01464076
v 0.02258624 0.00591495 0.01442454
v 0.02486066 0.00567429 0.01347972
v 0.02309099 0.00578801 0.01422370
v 0.02355416 0.00556361 0.01404943
v 0.02396425 0.00524456 0.01390492
v 0.02431351 0.00482962 0.01379206
v 0.02456599 0.00434240 0.01372251
v 0.02533966 0.00285510 0.01347972
v 0.02470614 0.00382187 0.01369923
v 0.02496729 0.00127842 0.01369923
v 0.02550000 0.00000000 0.01347972
v 0.02496729 -0.00127841 0.01369923
v 0.02533966 -0.00285509 0.01347972
v 0.02470614 -0.00382186 0.01369923
v 0.02486066 -0.00567428 0.01347972
v 0.02456599 -0.00434239 0.01372251
v 0.02431351 -0.00482961 0.01379206
v 0.02396425 -0.00524455 0.01390492
v 0.02355416 -0.00556360 0.01404943
v 0.02309099 -0.00578800 0.01422370
v 0.02406903 -0.00842211 0.01347972
v 0.02258624 -0.00591494 0.01442454
v 0.02207180 -0.00593361 0.01464076
v 0.02158119 -0.00585252 0.01485795
v 0.01834225 -0.00497416 0.01633129
v 0.01785208 -0.00651796 0.01633129
v 0.02297471 -0.01106403 0.01347972
v 0.01723222 -0.00801442 0.01633129
v 0.01648720 -0.00945266 0.01633129
v 0.01939857 -0.01112185 0.01485795
v 0.01980281 -0.01141142 0.01464076
v 0.02015338 -0.01178838 0.01442454
v 0.02159147 -0.01356681 0.01347972
v 0.02042053 -0.01223505 0.01422370
v 0.02058937 -0.01272124 0.01404943
v 0.02065375 -0.01323683 0.01390492
v 0.02060730 -0.01377719 0.01379206
v 0.02044131 -0.01430024 0.01372251
v 0.01993670 -0.01589898 0.01347973
v 0.02017234 -0.01476740 0.01369923
v 0.01855852 -0.01675057 0.01369923
v 0.01803122 -0.01803122 0.01347973
v 0.01675057 -0.01855852 0.01369924
v 0.01589899 -0.01993670 0.01347973
v 0.01476741 -0.02017234 0.01369924
v 0.01356682 -0.02159147 0.01347973
v 0.01430024 -0.02044131 0.01372252
v 0.01377719 -0.02060730 0.01379207
v 0.01323683 -0.02065375 0.01390493
v 0.01272124 -0.02058937 0.01404944
v 0.01223505 -0.02042052 0.01422371
v 0.01106404 -0.02297471 0.01347973
v 0.01178838 -0.02015337 0.01442455
v 0.01141142 -0.01980280 0.01464077
v 0.01112185 -0.01939856 0.01485796
v 0.00945266 -0.01648719 0.01633129
v 0.00801442 -0.01723221 0.01633130
v 0.00842212 -0.02406903 0.01347973
v 0.00651797 -0.01785207 0.01633130
v 0.00497417 -0.01834225 0.01633130
v 0.00585253 -0.02158118 0.01485796
v 0.00593361 -0.02207180 0.01464077
v 0.00591495 -0.02258624 0.01442455
v 0.00567428 -0.02486066 0.01347973
v 0.00578801 -0.02309098 0.01422371
v 0.00556361 -0.02355416 0.01404944
v 0.00524455 -0.02396425 0.01390493
v 0.00482962 -0.02431350 0.01379207
v 0.00945266 0.01648721 0.01633128
v 0.00932366 0.01626220 0.01642441
v 0.00801442 0.01723222 0.01633128
v 0.00712232 0.01719481 0.01645736
v 0.00651797 0.01785208 0.01633128
v 0.00490629 0.01809193 0.01642441
v 0.00497417 0.01834226 0.01633128
v 0.00918951 0.01602822 0.01648100
v 0.00767538 0.01650324 0.01649999
v 0.00624223 0.01709687 0.01649999
v 0.00905277 0.01578972 0.01649999
v 0.00476374 0.01756630 0.01649999
v 0.00483570 0.01783163 0.01648100
v 0.01578972 0.00905278 0.01650000
v 0.01602822 0.00918952 0.01648101
v 0.01650323 0.00767539 0.01650000
v 0.01719480 0.00712232 0.01645737
v 0.01709686 0.00624224 0.01650000
v 0.01783163 0.00483570 0.01648101
v 0.01756630 0.00476375 0.01650000
v 0.01626220 0.00932367 0.01642442
v 0.01723222 0.00801443 0.01633129
v 0.01785208 0.00651797 0.01633129
v 0.01648720 0.00945267 0.01633129
v 0.01834225 0.00497418 0.01633129
v 0.01809193 0.00490629 0.01642442
v 0.01014879 0.00139654 0.01950003
v 0.01014879 0.00139654 0.01650000
v 0.01013715 0.00151682 0.01950000
v 0.01015203 0.00182785 0.01650000
v 0.01019502 0.00202186 0.01950000
v 0.01027787 0.00224040 0.01650000
v 0.01041826 0.00247856 0.01950000
v 0.01051591 0.00260008 0.01650000
v 0.01078120 0.00283448 0.01950000
v 0.01084646 0.00287717 0.01650000
v 0.01124218 0.00304873 0.01950000
v 0.01124218 0.00304873 0.01650000
v 0.01124218 0.00304873 0.01650000
v 0.01756630 0.00476375 0.01650000
v 0.01124218 0.00304873 0.01950000
v 0.01817389 0.00492852 0.01950000
v 0.01894984 0.00513895 0.01933129
v 0.01869952 0.00507106 0.01942442
v 0.01783163 0.00483570 0.01648101
v 0.02158119 0.00585253 0.01813434
v 0.01809193 0.00490629 0.01642442
v 0.01834225 0.00497418 0.01633129
v 0.02158119 0.00585253 0.01485795
v 0.01843923 0.00500047 0.01948101
v 0.01019502 -0.00202184 0.01950000
v 0.01015203 -0.00182783 0.01650000
v 0.01013715 -0.00151681 0.01950000
v 0.01014879 -0.00139653 0.01650000
v 0.01014879 -0.00139653 0.01950003
v 0.01027787 -0.00224039 0.01650000
v 0.01041826 -0.00247854 0.01950000
v 0.01051591 -0.00260007 0.01650000
v 0.01078120 -0.00283446 0.01950000
v 0.01084646 -0.00287715 0.01650000
v 0.01124218 -0.00304872 0.01950000
v 0.01124218 -0.00304872 0.01650000
v 0.01014879 0.00139654 0.01650000
v 0.01014879 0.00139654 0.01950003
v 0.01023378 0.00046681 0.01650000
v 0.01023378 0.00046681 0.01950003
v 0.01023378 -0.00046680 0.01950003
v 0.01014879 -0.00139653 0.01950003
v 0.01014879 -0.00139653 0.01650000
v 0.01023378 -0.00046680 0.01650000
v 0.02470614 -0.00382186 0.01369923
v 0.02456599 -0.00434239 0.01372251
v 0.02470614 -0.00382186 0.01697561
v 0.02456599 -0.00434239 0.01699890
v 0.02431351 -0.00482961 0.01379206
v 0.02431351 -0.00482961 0.01706844
v 0.02396425 -0.00524455 0.01390492
v 0.02396425 -0.00524455 0.01718130
v 0.02355416 -0.00556360 0.01404943
v 0.02355416 -0.00556360 0.01732581
v 0.02309099 -0.00578800 0.01422370
v 0.02309099 -0.00578800 0.01750008
v 0.02258624 -0.00591494 0.01442454
v 0.02258624 -0.00591494 0.01770092
v 0.02207180 -0.00593361 0.01464076
v 0.02207180 -0.00593360 0.01791714
v 0.02158119 -0.00585252 0.01485795
v 0.02158119 -0.00585252 0.01813434
v 0.01124218 -0.00304872 0.01650000
v 0.01124218 -0.00304872 0.01950000
v 0.01756630 -0.00476374 0.01650000
v 0.01817389 -0.00492851 0.01950000
v 0.01894984 -0.00513893 0.01933129
v 0.01869952 -0.00507105 0.01942442
v 0.01843923 -0.00500046 0.01948101
v 0.01783163 -0.00483569 0.01648101
v 0.02158119 -0.00585252 0.01813434
v 0.01809193 -0.00490628 0.01642442
v 0.01834225 -0.00497416 0.01633129
v 0.02158119 -0.00585252 0.01485795
v 0.02158119 0.00585253 0.01813434
v 0.02158119 0.00585253 0.01485795
v 0.02207180 0.00593362 0.01791714
v 0.02207180 0.00593361 0.01464076
v 0.02258624 0.00591495 0.01770092
v 0.02258624 0.00591495 0.01442454
v 0.02309099 0.00578801 0.01750008
v 0.02309099 0.00578801 0.01422370
v 0.02355416 0.00556361 0.01732581
v 0.02355416 0.00556361 0.01404943
v 0.02396425 0.00524456 0.01718130
v 0.02396425 0.00524456 0.01390492
v 0.02431351 0.00482962 0.01706844
v 0.02431351 0.00482962 0.01379206
v 0.02456599 0.00434240 0.01699890
v 0.02456599 0.00434240 0.01372251
v 0.02470614 0.00382187 0.01697561
v 0.02470614 0.00382187 0.01369923
v 0.02470614 -0.00382186 0.01369923
v 0.02470614 -0.00382186 0.01697561
v 0.02496729 -0.00127841 0.01369923
v 0.02496729 -0.00127841 0.01697561
v 0.02496729 0.00127842 0.01369923
v 0.02496729 0.00127842 0.01697561
v 0.02470614 0.00382187 0.01369923
v 0.02470614 0.00382187 0.01697561
v 0.01703334 0.00976579 0.01933129
v 0.01780305 0.00827991 0.01933129
v 0.01939857 0.01112186 0.01813434
v 0.02640328 0.01175550 0.01526254
v 0.02502986 0.01445099 0.01526254
v 0.01844343 0.00673389 0.01933129
v 0.02748743 0.00893121 0.01526254
v 0.02158119 0.00585253 0.01813434
v 0.02207180 0.00593362 0.01791714
v 0.01894984 0.00513895 0.01933129
v 0.02827041 0.00600907 0.01526254
v 0.02258624 0.00591495 0.01770092
v 0.02309099 0.00578801 0.01750008
v 0.02355416 0.00556361 0.01732581
v 0.02396425 0.00524456 0.01718130
v 0.02431351 0.00482962 0.01706844
v 0.02456599 0.00434240 0.01699890
v 0.02470614 0.00382187 0.01697561
v 0.02874366 0.00302109 0.01526254
v 0.02496729 0.00127842 0.01697561
v 0.02890199 0.00000000 0.01526254
v 0.02496729 -0.00127841 0.01697561
v 0.02874366 -0.00302108 0.01526254
v 0.02470614 -0.00382186 0.01697561
v 0.02827041 -0.00600906 0.01526254
v 0.02456599 -0.00434239 0.01699890
v 0.02431351 -0.00482961 0.01706844
v 0.02396425 -0.00524455 0.01718130
v 0.02355416 -0.00556360 0.01732581
v 0.02309099 -0.00578800 0.01750008
v 0.02748743 -0.00893120 0.01526254
v 0.02258624 -0.00591494 0.01770092
v 0.02207180 -0.00593360 0.01791714
v 0.02158119 -0.00585252 0.01813434
v 0.01894984 -0.00513893 0.01933129
v 0.01844343 -0.00673387 0.01933129
v 0.02640328 -0.01175549 0.01526254
v 0.01780305 -0.00827990 0.01933129
v 0.01939857 -0.01112184 0.01813434
v 0.01703334 -0.00976578 0.01933129
v 0.02502986 -0.01445098 0.01526254
v 0.01980281 -0.01141141 0.01791714
v 0.02015338 -0.01178837 0.01770092
v 0.02042053 -0.01223504 0.01750008
v 0.02042053 -0.01223504 0.01750008
v 0.02058937 -0.01272123 0.01732581
v 0.02065375 -0.01323682 0.01718130
v 0.02338220 -0.01698815 0.01526255
v 0.02060730 -0.01377718 0.01706844
v 0.02044131 -0.01430023 0.01699890
v 0.02017234 -0.01476740 0.01697561
v 0.02147836 -0.01933920 0.01526255
v 0.01855852 -0.01675056 0.01697562
v 0.01675057 -0.01855851 0.01697562
v 0.01933921 -0.02147835 0.01526255
v 0.01476741 -0.02017234 0.01697562
v 0.01698816 -0.02338219 0.01526255
v 0.01430024 -0.02044130 0.01699891
v 0.01377719 -0.02060729 0.01706845
v 0.01323683 -0.02065375 0.01718131
v 0.01445099 -0.02502985 0.01526255
v 0.01272124 -0.02058936 0.01732582
v 0.01223505 -0.02042052 0.01750009
v 0.01178838 -0.02015337 0.01770093
v 0.01141142 -0.01980280 0.01791715
v 0.01112185 -0.01939856 0.01813435
v 0.00976578 -0.01703333 0.01933129
v 0.00827990 -0.01780304 0.01933129
v 0.01175550 -0.02640327 0.01526255
v 0.00673388 -0.01844342 0.01933129
v 0.00893121 -0.02748743 0.01526255
v 0.00513894 -0.01894983 0.01933130
v 0.00585253 -0.02158118 0.01813435
v 0.00593361 -0.02207179 0.01791715
v 0.00600906 -0.02827040 0.01526255
v 0.00591495 -0.02258623 0.01770093
v 0.00578801 -0.02309098 0.01750009
v 0.00556361 -0.02355415 0.01732582
v 0.00524455 -0.02396424 0.01718131
v 0.00482962 -0.02431350 0.01706845
v 0.00434239 -0.02456598 0.01699891
v 0.00382186 -0.02470613 0.01697562
v 0.00302108 -0.02874366 0.01526255
v 0.00127841 -0.02496728 0.01697562
v 0.00000000 -0.02890198 0.01526255
v -0.00127841 -0.02496728 0.01697562
v -0.00302108 -0.02874366 0.01526255
v -0.00382186 -0.02470613 0.01697562
v -0.00600906 -0.02827040 0.01526255
v -0.00434239 -0.02456598 0.01699891
v -0.00482962 -0.02431350 0.01706845
v -0.00524455 -0.02396424 0.01718131
v -0.00556361 -0.02355415 0.01732582
v -0.00578801 -0.02309098 0.01750009
v -0.00591495 -0.02258623 0.01770093
v -0.00593361 -0.02207179 0.01791715
v -0.00893121 -0.02748743 0.01526255
v -0.00585253 -0.02158118 0.01813435
v -0.00673388 -0.01844342 0.01933129
v -0.00513894 -0.01894983 0.01933130
v -0.01175550 -0.02640327 0.01526255
v -0.00827990 -0.01780304 0.01933129
v -0.01112185 -0.01939856 0.01813435
v -0.00976578 -0.01703333 0.01933129
v -0.01445099 -0.02502985 0.01526255
v -0.01141142 -0.01980280 0.01791715
v -0.01178838 -0.02015337 0.01770093
v -0.01223505 -0.02042052 0.01750009
v -0.01223505 -0.02042052 0.01750009
v -0.01272124 -0.02058936 0.01732582
v -0.01323683 -0.02065375 0.01718131
v -0.01377719 -0.02060729 0.01706845
v -0.01698816 -0.02338219 0.01526255
v -0.01430024 -0.02044130 0.01699891
v -0.01476741 -0.02017234 0.01697562
v -0.01933921 -0.02147835 0.01526255
v -0.01675057 -0.01855851 0.01697562
v -0.01855852 -0.01675056 0.01697562
v -0.02147836 -0.01933920 0.01526255
v -0.02017234 -0.01476740 0.01697561
v -0.02338220 -0.01698815 0.01526255
v -0.02044131 -0.01430023 0.01699890
v -0.02060730 -0.01377718 0.01706844
v -0.02065375 -0.01323682 0.01718130
v -0.02502986 -0.01445098 0.01526254
v -0.02058937 -0.01272123 0.01732581
v -0.02042053 -0.01223504 0.01750008
v -0.02015338 -0.01178837 0.01770092
v -0.01980281 -0.01141141 0.01791714
v -0.01939857 -0.01112184 0.01813434
v -0.01703334 -0.00976578 0.01933129
v -0.01780305 -0.00827990 0.01933129
v -0.02640328 -0.01175549 0.01526254
v -0.01844343 -0.00673387 0.01933129
v -0.02748743 -0.00893120 0.01526254
v -0.01894984 -0.00513893 0.01933129
v -0.02158119 -0.00585252 0.01813434
v -0.02207180 -0.00593360 0.01791714
v -0.02258624 -0.00591494 0.01770092
v -0.02309099 -0.00578800 0.01750008
v -0.02827041 -0.00600906 0.01526254
v -0.02355416 -0.00556360 0.01732581
v -0.02396425 -0.00524455 0.01718130
v -0.02431351 -0.00482961 0.01706844
v -0.02456599 -0.00434239 0.01699890
v -0.02470614 -0.00382186 0.01697561
v -0.02874366 -0.00302108 0.01526254
v -0.02496729 -0.00127841 0.01697561
v -0.02890199 0.00000000 0.01526254
v -0.02496729 0.00127842 0.01697561
v -0.02874366 0.00302109 0.01526254
v -0.02470614 0.00382187 0.01697561
v -0.02827041 0.00600907 0.01526254
v -0.02456599 0.00434240 0.01699890
v -0.02431351 0.00482962 0.01706844
v -0.02396425 0.00524456 0.01718130
v -0.02355416 0.00556361 0.01732581
v -0.02309099 0.00578801 0.01750008
v -0.02258624 0.00591495 0.01770092
v -0.02207180 0.00593362 0.01791714
v -0.02748743 0.00893121 0.01526254
v -0.02158119 0.00585253 0.01813434
v -0.01844343 0.00673389 0.01933129
v -0.01894984 0.00513895 0.01933129
v -0.02640328 0.01175550 0.01526254
v -0.01780305 0.00827991 0.01933129
v -0.01939857 0.01112186 0.01813434
v -0.01703334 0.00976579 0.01933129
v -0.02502986 0.01445099 0.01526254
v -0.01980281 0.01141143 0.01791714
v -0.02015338 0.01178839 0.01770092
v -0.02042053 0.01223506 0.01750008
v -0.02042053 0.01223506 0.01750008
v -0.02058937 0.01272125 0.01732581
v -0.02065375 0.01323684 0.01718130
v -0.02060730 0.01377720 0.01706844
v -0.02338220 0.01698816 0.01526253
v -0.02044131 0.01430025 0.01699890
v -0.02017234 0.01476741 0.01697561
v -0.02147836 0.01933921 0.01526253
v -0.01855852 0.01675058 0.01697560
v -0.01675057 0.01855852 0.01697560
v -0.01933921 0.02147836 0.01526253
v -0.01476741 0.02017235 0.01697560
v -0.01698816 0.02338220 0.01526253
v -0.01430024 0.02044132 0.01699889
v -0.01377719 0.02060730 0.01706843
v -0.01323683 0.02065376 0.01718129
v -0.01445099 0.02502986 0.01526253
v -0.01272124 0.02058938 0.01732580
v -0.01223505 0.02042053 0.01750007
v -0.01178838 0.02015338 0.01770091
v -0.01141142 0.01980282 0.01791713
v -0.01112185 0.01939858 0.01813433
v -0.00976578 0.01703335 0.01933128
v -0.00827990 0.01780306 0.01933128
v -0.01175550 0.02640328 0.01526253
v -0.00673388 0.01844344 0.01933128
v -0.00893121 0.02748743 0.01526253
v -0.00513894 0.01894985 0.01933128
v -0.00585253 0.02158119 0.01813433
v -0.00593361 0.02207181 0.01791713
v -0.00591495 0.02258625 0.01770091
v -0.00578801 0.02309099 0.01750007
v -0.00600906 0.02827041 0.01526253
v -0.00556361 0.02355417 0.01732580
v -0.00524455 0.02396425 0.01718129
v -0.00482962 0.02431351 0.01706843
v -0.00434239 0.02456599 0.01699889
v -0.00382186 0.02470614 0.01697560
v -0.00302108 0.02874366 0.01526253
v -0.00127841 0.02496729 0.01697560
v 0.00000000 0.02890199 0.01526253
v 0.00000000 0.02890199 0.01526253
v -0.00127841 0.02496729 0.01697560
v 0.00127841 0.02496729 0.01697560
v 0.00302108 0.02874366 0.01526253
v 0.00382186 0.02470614 0.01697560
v 0.00600906 0.02827041 0.01526253
v 0.00434239 0.02456599 0.01699889
v 0.00482962 0.02431351 0.01706843
v 0.00524455 0.02396425 0.01718129
v 0.00556361 0.02355417 0.01732580
v 0.00578801 0.02309099 0.01750007
v 0.00893121 0.02748743 0.01526253
v 0.00591495 0.02258625 0.01770091
v 0.00593361 0.02207181 0.01791713
v 0.00585253 0.02158119 0.01813433
v 0.00513894 0.01894985 0.01933128
v 0.00673388 0.01844344 0.01933128
v 0.01175550 0.02640328 0.01526253
v 0.00827990 0.01780306 0.01933128
v 0.01445099 0.02502986 0.01526253
v 0.01112185 0.01939858 0.01813433
v 0.01141142 0.01980282 0.01791713
v 0.00976578 0.01703335 0.01933128
v 0.01178838 0.02015338 0.01770091
v 0.01223505 0.02042053 0.01750007
v 0.01272124 0.02058938 0.01732580
v 0.01323683 0.02065376 0.01718129
v 0.01698816 0.02338220 0.01526253
v 0.01377719 0.02060730 0.01706843
v 0.01430024 0.02044132 0.01699889
v 0.01476741 0.02017235 0.01697560
v 0.01933921 0.02147836 0.01526253
v 0.01675057 0.01855852 0.01697560
v 0.01855852 0.01675058 0.01697560
v 0.02147836 0.01933921 0.01526253
v 0.02017234 0.01476741 0.01697561
v 0.02338220 0.01698816 0.01526253
v 0.02044131 0.01430025 0.01699890
v 0.02060730 0.01377720 0.01706844
v 0.02065375 0.01323684 0.01718130
v 0.02058937 0.01272125 0.01732581
v 0.02042053 0.01223506 0.01750008
v 0.02015338 0.01178839 0.01770092
v 0.01980281 0.01141143 0.01791714
v 0.01894984 -0.00513893 0.01933129
v 0.01869952 -0.00507105 0.01942442
v 0.01844343 -0.00673387 0.01933129
v 0.01777642 -0.00736323 0.01945737
v 0.01780305 -0.00827990 0.01933129
v 0.01680834 -0.00963677 0.01942442
v 0.01703334 -0.00976578 0.01933129
v 0.01843923 -0.00500046 0.01948101
v 0.01768821 -0.00645814 0.01950000
v 0.01707405 -0.00794085 0.01950000
v 0.01817389 -0.00492851 0.01950000
v 0.01633587 -0.00936589 0.01950000
v 0.01657437 -0.00950263 0.01948101
v 0.01817389 -0.00492851 0.01950000
v 0.01124218 -0.00304872 0.01950000
v 0.01768821 -0.00645814 0.01950000
v 0.01010520 -0.00579364 0.01950000
v 0.01707405 -0.00794085 0.01950000
v 0.01633587 -0.00936589 0.01950000
v 0.01078120 -0.00283446 0.01950000
v 0.00975732 -0.00313962 0.01950000
v 0.00911951 -0.00467941 0.01950000
v 0.00962773 -0.00561918 0.01950000
v 0.00911942 -0.00561421 0.01950000
v 0.00863864 -0.00577930 0.01950000
v 0.00824060 -0.00609549 0.01950000
v 0.01041826 -0.00247854 0.01950000
v 0.01019502 -0.00202184 0.01950000
v 0.01013715 -0.00151681 0.01950000
v 0.01578972 0.00905278 0.01650000
v 0.01650323 0.00767539 0.01650000
v 0.01010520 0.00579365 0.01650000
v 0.01124218 0.00304873 0.01650000
v 0.01084646 0.00287717 0.01650000
v 0.01709686 0.00624224 0.01650000
v 0.01756630 0.00476375 0.01650000
v 0.00970406 0.00563515 0.01650000
v 0.01051591 0.00260008 0.01650000
v 0.00927441 0.00559734 0.01650000
v 0.01027787 0.00224040 0.01650000
v 0.00885175 0.00568336 0.01650000
v 0.01015203 0.00182785 0.01650000
v 0.00847105 0.00588610 0.01650000
v 0.00285317 0.00092706 0.01650000
v 0.00242705 0.00176336 0.01650000
v 0.01014879 0.00139654 0.01650000
v 0.00300000 0.00000001 0.01650000
v 0.01023378 0.00046681 0.01650000
v 0.01023378 -0.00046680 0.01650000
v 0.01014879 -0.00139653 0.01650000
v 0.00285317 -0.00092705 0.01650000
v 0.01015203 -0.00182783 0.01650000
v 0.00847105 -0.00588609 0.01650000
v 0.00885175 -0.00568335 0.01650000
v 0.01027787 -0.00224039 0.01650000
v 0.00927441 -0.00559733 0.01650000
v 0.01051591 -0.00260007 0.01650000
v 0.00970406 -0.00563514 0.01650000
v 0.01084646 -0.00287715 0.01650000
v 0.01010520 -0.00579364 0.01650000
v 0.01124218 -0.00304872 0.01650000
v 0.01650323 -0.00767537 0.01650000
v 0.01709686 -0.00624223 0.01650000
v 0.01756630 -0.00476374 0.01650000
v 0.01578972 -0.00905277 0.01650000
v 0.00242705 -0.00176335 0.01650000
v 0.00816378 -0.00618877 0.01650000
v 0.00756646 -0.00690629 0.01650000
v 0.00690630 -0.00756645 0.01650000
v 0.00176335 -0.00242705 0.01650000
v 0.00618878 -0.00816377 0.01650000
v 0.00588609 -0.00847104 0.01650000
v 0.00568336 -0.00885175 0.01650000
v 0.00182784 -0.01015202 0.01650000
v 0.00092705 -0.00285316 0.01650000
v 0.00224039 -0.01027786 0.01650000
v 0.00559734 -0.00927440 0.01650000
v 0.00260008 -0.01051590 0.01650000
v 0.00287716 -0.01084645 0.01650000
v 0.00563514 -0.00970406 0.01650000
v 0.00304873 -0.01124217 0.01650000
v 0.00579365 -0.01010519 0.01650000
v 0.00624223 -0.01709685 0.01650000
v 0.00767538 -0.01650322 0.01650000
v 0.00905277 -0.01578971 0.01650000
v 0.00476374 -0.01756629 0.01650000
v 0.00139654 -0.01014878 0.01650000
v 0.00000000 -0.00299999 0.01650000
v 0.00046680 -0.01023377 0.01650000
v -0.00046680 -0.01023377 0.01650000
v -0.00139654 -0.01014878 0.01650000
v -0.00092705 -0.00285316 0.01650000
v -0.00182784 -0.01015202 0.01650000
v -0.00588609 -0.00847104 0.01650000
v -0.00568336 -0.00885175 0.01650000
v -0.00224039 -0.01027786 0.01650000
v -0.00559734 -0.00927440 0.01650000
v -0.00260008 -0.01051590 0.01650000
v -0.00287716 -0.01084645 0.01650000
v -0.00563514 -0.00970406 0.01650000
v -0.00304873 -0.01124217 0.01650000
v -0.00579365 -0.01010519 0.01650000
v -0.00624223 -0.01709685 0.01650000
v -0.00767538 -0.01650322 0.01650000
v -0.00476374 -0.01756629 0.01650000
v -0.00905277 -0.01578971 0.01650000
v -0.00176335 -0.00242705 0.01650000
v -0.00618878 -0.00816377 0.01650000
v -0.00690630 -0.00756645 0.01650000
v -0.00242705 -0.00176335 0.01650000
v -0.00756646 -0.00690629 0.01650000
v -0.00816378 -0.00618877 0.01650000
v -0.00847105 -0.00588609 0.01650000
v -0.00285317 -0.00092705 0.01650000
v -0.01015203 -0.00182783 0.01650000
v -0.01014879 -0.00139653 0.01650000
v -0.00885175 -0.00568335 0.01650000
v -0.01027787 -0.00224039 0.01650000
v -0.00927441 -0.00559733 0.01650000
v -0.01051591 -0.00260007 0.01650000
v -0.00970406 -0.00563514 0.01650000
v -0.01084646 -0.00287715 0.01650000
v -0.01010520 -0.00579364 0.01650000
v -0.01124218 -0.00304872 0.01650000
v -0.01650323 -0.00767537 0.01650000
v -0.01709686 -0.00624223 0.01650000
v -0.01578972 -0.00905277 0.01650000
v -0.01756630 -0.00476374 0.01650000
v -0.00300000 0.00000001 0.01650000
v -0.01023378 -0.00046680 0.01650000
v -0.01023378 0.00046681 0.01650000
v -0.01014879 0.00139654 0.01650000
v -0.00285317 0.00092706 0.01650000
v -0.01015203 0.00182785 0.01650000
v -0.00847105 0.00588610 0.01650000
v -0.00885175 0.00568336 0.01650000
v -0.01027787 0.00224040 0.01650000
v -0.00927441 0.00559734 0.01650000
v -0.01051591 0.00260008 0.01650000
v -0.00970406 0.00563515 0.01650000
v -0.01084646 0.00287717 0.01650000
v -0.01010520 0.00579365 0.01650000
v -0.01124218 0.00304873 0.01650000
v -0.01650323 0.00767539 0.01650000
v -0.01709686 0.00624224 0.01650000
v -0.01756630 0.00476375 0.01650000
v -0.01578972 0.00905278 0.01650000
v -0.00242705 0.00176336 0.01650000
v -0.00816378 0.00618878 0.01650000
v -0.00756646 0.00690630 0.01650000
v -0.00690630 0.00756646 0.01650000
v -0.00176335 0.00242706 0.01650000
v -0.00618878 0.00816378 0.01650000
v -0.00588609 0.00847105 0.01650000
v -0.00568336 0.00885176 0.01650000
v -0.00182784 0.01015203 0.01650000
v -0.00092705 0.00285318 0.01650000
v -0.00559734 0.00927441 0.01650000
v -0.00260008 0.01051592 0.01650000
v -0.00224039 0.01027787 0.01650000
v -0.00287716 0.01084646 0.01650000
v -0.00563514 0.00970407 0.01650000
v -0.00304873 0.01124218 0.01650000
v -0.00579365 0.01010520 0.01650000
v -0.00624223 0.01709687 0.01649999
v -0.00767538 0.01650324 0.01649999
v -0.00905277 0.01578972 0.01649999
v -0.00476374 0.01756630 0.01649999
v -0.00139654 0.01014879 0.01650000
v 0.00000000 0.00300001 0.01650000
v -0.00046680 0.01023379 0.01650000
v 0.00046680 0.01023379 0.01650000
v 0.00139654 0.01014879 0.01650000
v 0.00092705 0.00285318 0.01650000
v 0.00182784 0.01015203 0.01650000
v 0.00588609 0.00847105 0.01650000
v 0.00568336 0.00885176 0.01650000
v 0.00224039 0.01027787 0.01650000
v 0.00559734 0.00927441 0.01650000
v 0.00260008 0.01051592 0.01650000
v 0.00287716 0.01084646 0.01650000
v 0.00563514 0.00970407 0.01650000
v 0.00304873 0.01124218 0.01650000
v 0.00579365 0.01010520 0.01650000
v 0.00624223 0.01709687 0.01649999
v 0.00767538 0.01650324 0.01649999
v 0.00476374 0.01756630 0.01649999
v 0.00905277 0.01578972 0.01649999
v 0.00176335 0.00242706 0.01650000
v 0.00618878 0.00816378 0.01650000
v 0.00690630 0.00756646 0.01650000
v 0.00756646 0.00690630 0.01650000
v 0.00816378 0.00618878 0.01650000
v 0.01756630 -0.00476374 0.01650000
v 0.01783163 -0.00483569 0.01648101
v 0.01709686 -0.00624223 0.01650000
v 0.01719480 -0.00712231 0.01645737
v 0.01650323 -0.00767537 0.01650000
v 0.01602822 -0.00918951 0.01648101
v 0.01578972 -0.00905277 0.01650000
v 0.01809193 -0.00490628 0.01642442
v 0.01785208 -0.00651796 0.01633129
v 0.01723222 -0.00801442 0.01633129
v 0.01834225 -0.00497416 0.01633129
v 0.01648720 -0.00945266 0.01633129
v 0.01626220 -0.00932365 0.01642442
v 0.00816378 -0.00618877 0.01950003
v 0.00816378 -0.00618877 0.01650000
v 0.00824060 -0.00609549 0.01950000
v 0.00847105 -0.00588609 0.01650000
v 0.00863864 -0.00577930 0.01950000
v 0.00885175 -0.00568335 0.01650000
v 0.00911942 -0.00561421 0.01950000
v 0.00927441 -0.00559733 0.01650000
v 0.00962773 -0.00561918 0.01950000
v 0.00970406 -0.00563514 0.01650000
v 0.01010520 -0.00579364 0.01950000
v 0.01010520 -0.00579364 0.01650000
v 0.01010520 -0.00579364 0.01650000
v 0.01578972 -0.00905277 0.01650000
v 0.01010520 -0.00579364 0.01950000
v 0.01633587 -0.00936589 0.01950000
v 0.01703334 -0.00976578 0.01933129
v 0.01680834 -0.00963677 0.01942442
v 0.01602822 -0.00918951 0.01648101
v 0.01939857 -0.01112184 0.01813434
v 0.01626220 -0.00932365 0.01642442
v 0.01648720 -0.00945266 0.01633129
v 0.01939857 -0.01112185 0.01485795
v 0.01657437 -0.00950263 0.01948101
v 0.00577931 -0.00863863 0.01950000
v 0.00588609 -0.00847104 0.01650000
v 0.00609550 -0.00824059 0.01950000
v 0.00618878 -0.00816377 0.01650000
v 0.00618878 -0.00816377 0.01950003
v 0.00568336 -0.00885175 0.01650000
v 0.00561422 -0.00911941 0.01950000
v 0.00559734 -0.00927440 0.01650000
v 0.00561919 -0.00962773 0.01950000
v 0.00563514 -0.00970406 0.01650000
v 0.00579365 -0.01010519 0.01950000
v 0.00579365 -0.01010519 0.01650000
v 0.00816378 -0.00618877 0.01650000
v 0.00756646 -0.00690629 0.01650000
v 0.00756646 -0.00690629 0.01950003
v 0.00690630 -0.00756645 0.01950003
v 0.00618878 -0.00816377 0.01650000
v 0.00690630 -0.00756645 0.01650000
v 0.01476741 -0.02017234 0.01369924
v 0.01430024 -0.02044131 0.01372252
v 0.01476741 -0.02017234 0.01697562
v 0.01430024 -0.02044130 0.01699891
v 0.01377719 -0.02060730 0.01379207
v 0.01377719 -0.02060729 0.01706845
v 0.01323683 -0.02065375 0.01390493
v 0.01323683 -0.02065375 0.01718131
v 0.01272124 -0.02058937 0.01404944
v 0.01272124 -0.02058936 0.01732582
v 0.01223505 -0.02042052 0.01422371
v 0.01223505 -0.02042052 0.01750009
v 0.01178838 -0.02015337 0.01442455
v 0.01178838 -0.02015337 0.01770093
v 0.01141142 -0.01980280 0.01464077
v 0.01141142 -0.01980280 0.01791715
v 0.01112185 -0.01939856 0.01485796
v 0.01112185 -0.01939856 0.01813435
v 0.00579365 -0.01010519 0.01650000
v 0.00579365 -0.01010519 0.01950000
v 0.00905277 -0.01578971 0.01650000
v 0.00936590 -0.01633586 0.01950001
v 0.00976578 -0.01703333 0.01933129
v 0.00963678 -0.01680833 0.01942443
v 0.00950264 -0.01657436 0.01948102
v 0.00918951 -0.01602821 0.01648101
v 0.01112185 -0.01939856 0.01813435
v 0.00932366 -0.01626219 0.01642442
v 0.00945266 -0.01648719 0.01633129
v 0.01112185 -0.01939856 0.01485796
v 0.01939857 -0.01112184 0.01813434
v 0.01939857 -0.01112185 0.01485795
v 0.01980281 -0.01141141 0.01791714
v 0.01980281 -0.01141142 0.01464076
v 0.02015338 -0.01178837 0.01770092
v 0.02015338 -0.01178838 0.01442454
v 0.02042053 -0.01223504 0.01750008
v 0.02042053 -0.01223505 0.01422370
v 0.02058937 -0.01272123 0.01732581
v 0.02058937 -0.01272124 0.01404943
v 0.02065375 -0.01323682 0.01718130
v 0.02065375 -0.01323683 0.01390492
v 0.02060730 -0.01377718 0.01706844
v 0.02060730 -0.01377719 0.01379206
v 0.02044131 -0.01430023 0.01699890
v 0.02044131 -0.01430024 0.01372251
v 0.02017234 -0.01476740 0.01697561
v 0.02017234 -0.01476740 0.01369923
v 0.01476741 -0.02017234 0.01369924
v 0.01476741 -0.02017234 0.01697562
v 0.01675057 -0.01855852 0.01369924
v 0.01675057 -0.01855851 0.01697562
v 0.01855852 -0.01675057 0.01369923
v 0.01855852 -0.01675056 0.01697562
v 0.02017234 -0.01476740 0.01369923
v 0.02017234 -0.01476740 0.01697561
v 0.01633587 0.00936590 0.01950000
v 0.01010520 0.00579365 0.01950000
v 0.01707405 0.00794087 0.01950000
v 0.01768821 0.00645815 0.01950000
v 0.01124218 0.00304873 0.01950000
v 0.01817389 0.00492852 0.01950000
v 0.00911951 0.00467942 0.01950000
v 0.00962773 0.00561920 0.01950000
v 0.00911942 0.00561423 0.01950000
v 0.00863864 0.00577932 0.01950000
v 0.00824060 0.00609550 0.01950000
v 0.00975732 0.00313963 0.01950000
v 0.01078120 0.00283448 0.01950000
v 0.01041826 0.00247856 0.01950000
v 0.01019502 0.00202186 0.01950000
v 0.01013715 0.00151682 0.01950000
v 0.01703334 0.00976579 0.01933129
v 0.01680834 0.00963679 0.01942442
v 0.01780305 0.00827991 0.01933129
v 0.01777642 0.00736324 0.01945737
v 0.01844343 0.00673389 0.01933129
v 0.01869952 0.00507106 0.01942442
v 0.01894984 0.00513895 0.01933129
v 0.01657437 0.00950264 0.01948101
v 0.01707405 0.00794087 0.01950000
v 0.01768821 0.00645815 0.01950000
v 0.01633587 0.00936590 0.01950000
v 0.01817389 0.00492852 0.01950000
v 0.01843923 0.00500047 0.01948101
v 0.00905277 -0.01578971 0.01650000
v 0.00918951 -0.01602821 0.01648101
v 0.00767538 -0.01650322 0.01650000
v 0.00712232 -0.01719479 0.01645738
v 0.00624223 -0.01709685 0.01650000
v 0.00483570 -0.01783162 0.01648101
v 0.00476374 -0.01756629 0.01650000
v 0.00932366 -0.01626219 0.01642442
v 0.00801442 -0.01723221 0.01633130
v 0.00651797 -0.01785207 0.01633130
v 0.00945266 -0.01648719 0.01633129
v 0.00497417 -0.01834225 0.01633130
v 0.00490629 -0.01809192 0.01642443
v 0.00139654 -0.01014878 0.01950003
v 0.00139654 -0.01014878 0.01650000
v 0.00151682 -0.01013714 0.01950000
v 0.00182784 -0.01015202 0.01650000
v 0.00202185 -0.01019501 0.01950000
v 0.00224039 -0.01027786 0.01650000
v 0.00247855 -0.01041825 0.01950000
v 0.00260008 -0.01051590 0.01650000
v 0.00283447 -0.01078119 0.01950000
v 0.00287716 -0.01084645 0.01650000
v 0.00304873 -0.01124217 0.01950000
v 0.00304873 -0.01124217 0.01650000
v 0.00304873 -0.01124217 0.01650000
v 0.00476374 -0.01756629 0.01650000
v 0.00304873 -0.01124217 0.01950000
v 0.00492851 -0.01817388 0.01950001
v 0.00513894 -0.01894983 0.01933130
v 0.00507106 -0.01869951 0.01942443
v 0.00483570 -0.01783162 0.01648101
v 0.00585253 -0.02158118 0.01813435
v 0.00490629 -0.01809192 0.01642443
v 0.00497417 -0.01834225 0.01633130
v 0.00585253 -0.02158118 0.01485796
v 0.00500047 -0.01843922 0.01948102
v -0.00202185 -0.01019501 0.01950000
v -0.00182784 -0.01015202 0.01650000
v -0.00151682 -0.01013714 0.01950000
v -0.00139654 -0.01014878 0.01650000
v -0.00139654 -0.01014878 0.01950003
v -0.00224039 -0.01027786 0.01650000
v -0.00247855 -0.01041825 0.01950000
v -0.00260008 -0.01051590 0.01650000
v -0.00283447 -0.01078119 0.01950000
v -0.00287716 -0.01084645 0.01650000
v -0.00304873 -0.01124217 0.01950000
v -0.00304873 -0.01124217 0.01650000
v 0.00139654 -0.01014878 0.01650000
v 0.00139654 -0.01014878 0.01950003
v 0.00046680 -0.01023377 0.01650000
v 0.00046680 -0.01023377 0.01950003
v -0.00046680 -0.01023377 0.01950003
v -0.00139654 -0.01014878 0.01950003
v -0.00139654 -0.01014878 0.01650000
v -0.00046680 -0.01023377 0.01650000
v -0.00382186 -0.02470613 0.01369924
v -0.00434239 -0.02456599 0.01372252
v -0.00382186 -0.02470613 0.01697562
v -0.00434239 -0.02456598 0.01699891
v -0.00482962 -0.02431350 0.01379207
v -0.00482962 -0.02431350 0.01706845
v -0.00524455 -0.02396425 0.01390493
v -0.00524455 -0.02396424 0.01718131
v -0.00556361 -0.02355416 0.01404944
v -0.00556361 -0.02355415 0.01732582
v -0.00578801 -0.02309098 0.01422371
v -0.00578801 -0.02309098 0.01750009
v -0.00591495 -0.02258624 0.01442455
v -0.00591495 -0.02258623 0.01770093
v -0.00593361 -0.02207180 0.01464077
v -0.00593361 -0.02207179 0.01791715
v -0.00585253 -0.02158118 0.01485796
v -0.00585253 -0.02158118 0.01813435
v -0.00304873 -0.01124217 0.01650000
v -0.00304873 -0.01124217 0.01950000
v -0.00476374 -0.01756629 0.01650000
v -0.00492851 -0.01817388 0.01950001
v -0.00513894 -0.01894983 0.01933130
v -0.00507106 -0.01869951 0.01942443
v -0.00500047 -0.01843922 0.01948102
v -0.00483570 -0.01783162 0.01648101
v -0.00585253 -0.02158118 0.01813435
v -0.00490629 -0.01809192 0.01642443
v -0.00497417 -0.01834225 0.01633130
v -0.00585253 -0.02158118 0.01485796
v 0.00585253 -0.02158118 0.01813435
v 0.00585253 -0.02158118 0.01485796
v 0.00593361 -0.02207179 0.01791715
v 0.00593361 -0.02207180 0.01464077
v 0.00591495 -0.02258623 0.01770093
v 0.00591495 -0.02258624 0.01442455
v 0.00578801 -0.02309098 0.01750009
v 0.00578801 -0.02309098 0.01422371
v 0.00556361 -0.02355415 0.01732582
v 0.00556361 -0.02355416 0.01404944
v 0.00524455 -0.02396424 0.01718131
v 0.00524455 -0.02396425 0.01390493
v 0.00482962 -0.02431350 0.01706845
v 0.00482962 -0.02431350 0.01379207
v 0.00434239 -0.02456598 0.01699891
v 0.00434239 -0.02456599 0.01372252
v 0.00382186 -0.02470613 0.01697562
v 0.00382186 -0.02470613 0.01369924
v -0.00382186 -0.02470613 0.01369924
v -0.00382186 -0.02470613 0.01697562
v -0.00127841 -0.02496728 0.01369924
v -0.00127841 -0.02496728 0.01697562
v 0.00127841 -0.02496728 0.01369924
v 0.00127841 -0.02496728 0.01697562
v 0.00382186 -0.02470613 0.01369924
v 0.00382186 -0.02470613 0.01697562
v -0.00513894 -0.01894983 0.01933130
v -0.00507106 -0.01869951 0.01942443
v -0.00673388 -0.01844342 0.01933129
v -0.00736323 -0.01777641 0.01945738
v -0.00827990 -0.01780304 0.01933129
v -0.00963678 -0.01680833 0.01942443
v -0.00976578 -0.01703333 0.01933129
v -0.00500047 -0.01843922 0.01948102
v -0.00645814 -0.01768820 0.01950001
v -0.00794086 -0.01707404 0.01950001
v -0.00492851 -0.01817388 0.01950001
v -0.00936590 -0.01633586 0.01950001
v -0.00950264 -0.01657436 0.01948102
v -0.00492851 -0.01817388 0.01950001
v -0.00304873 -0.01124217 0.01950000
v -0.00645814 -0.01768820 0.01950001
v -0.00579365 -0.01010519 0.01950000
v -0.00794086 -0.01707404 0.01950001
v -0.00936590 -0.01633586 0.01950001
v -0.00283447 -0.01078119 0.01950000
v -0.00313962 -0.00975731 0.01950000
v -0.00467942 -0.00911951 0.01950000
v -0.00561919 -0.00962773 0.01950000
v -0.00561422 -0.00911941 0.01950000
v -0.00577931 -0.00863863 0.01950000
v -0.00609550 -0.00824059 0.01950000
v -0.00247855 -0.01041825 0.01950000
v -0.00202185 -0.01019501 0.01950000
v -0.00151682 -0.01013714 0.01950000
v -0.00476374 -0.01756629 0.01650000
v -0.00483570 -0.01783162 0.01648101
v -0.00624223 -0.01709685 0.01650000
v -0.00712232 -0.01719479 0.01645738
v -0.00767538 -0.01650322 0.01650000
v -0.00918951 -0.01602821 0.01648101
v -0.00905277 -0.01578971 0.01650000
v -0.00490629 -0.01809192 0.01642443
v -0.00651797 -0.01785207 0.01633130
v -0.00801442 -0.01723221 0.01633130
v -0.00497417 -0.01834225 0.01633130
v -0.00945266 -0.01648719 0.01633129
v -0.00932366 -0.01626219 0.01642442
v -0.00618878 -0.00816377 0.01950003
v -0.00618878 -0.00816377 0.01650000
v -0.00609550 -0.00824059 0.01950000
v -0.00588609 -0.00847104 0.01650000
v -0.00577931 -0.00863863 0.01950000
v -0.00568336 -0.00885175 0.01650000
v -0.00561422 -0.00911941 0.01950000
v -0.00559734 -0.00927440 0.01650000
v -0.00561919 -0.00962773 0.01950000
v -0.00563514 -0.00970406 0.01650000
v -0.00579365 -0.01010519 0.01950000
v -0.00579365 -0.01010519 0.01650000
v -0.00579365 -0.01010519 0.01650000
v -0.00905277 -0.01578971 0.01650000
v -0.00579365 -0.01010519 0.01950000
v -0.00936590 -0.01633586 0.01950001
v -0.00976578 -0.01703333 0.01933129
v -0.00963678 -0.01680833 0.01942443
v -0.00918951 -0.01602821 0.01648101
v -0.01112185 -0.01939856 0.01813435
v -0.00932366 -0.01626219 0.01642442
v -0.00945266 -0.01648719 0.01633129
v -0.01112185 -0.01939856 0.01485796
v -0.00950264 -0.01657436 0.01948102
v -0.00863864 -0.00577930 0.01950000
v -0.00847105 -0.00588609 0.01650000
v -0.00824060 -0.00609549 0.01950000
v -0.00816378 -0.00618877 0.01650000
v -0.00816378 -0.00618877 0.01950003
v -0.00885175 -0.00568335 0.01650000
v -0.00911942 -0.00561421 0.01950000
v -0.00927441 -0.00559733 0.01650000
v -0.00962773 -0.00561918 0.01950000
v -0.00970406 -0.00563514 0.01650000
v -0.01010520 -0.00579364 0.01950000
v -0.01010520 -0.00579364 0.01650000
v -0.00618878 -0.00816377 0.01650000
v -0.00690630 -0.00756645 0.01650000
v -0.00690630 -0.00756645 0.01950003
v -0.00756646 -0.00690629 0.01950003
v -0.00816378 -0.00618877 0.01650000
v -0.00756646 -0.00690629 0.01650000
v -0.02017234 -0.01476740 0.01369923
v -0.02044131 -0.01430024 0.01372251
v -0.02017234 -0.01476740 0.01697561
v -0.02044131 -0.01430023 0.01699890
v -0.02060730 -0.01377719 0.01379206
v -0.02060730 -0.01377718 0.01706844
v -0.02065375 -0.01323683 0.01390492
v -0.02065375 -0.01323682 0.01718130
v -0.02058937 -0.01272124 0.01404943
v -0.02058937 -0.01272123 0.01732581
v -0.02042053 -0.01223505 0.01422370
v -0.02042053 -0.01223504 0.01750008
v -0.02015338 -0.01178838 0.01442454
v -0.02015338 -0.01178837 0.01770092
v -0.01980281 -0.01141142 0.01464076
v -0.01980281 -0.01141141 0.01791714
v -0.01939857 -0.01112185 0.01485795
v -0.01939857 -0.01112184 0.01813434
v -0.01010520 -0.00579364 0.01650000
v -0.01010520 -0.00579364 0.01950000
v -0.01578972 -0.00905277 0.01650000
v -0.01633587 -0.00936589 0.01950000
v -0.01703334 -0.00976578 0.01933129
v -0.01680834 -0.00963677 0.01942442
v -0.01657437 -0.00950263 0.01948101
v -0.01602822 -0.00918951 0.01648101
v -0.01939857 -0.01112184 0.01813434
v -0.01626220 -0.00932365 0.01642442
v -0.01648720 -0.00945266 0.01633129
v -0.01939857 -0.01112185 0.01485795
v -0.01112185 -0.01939856 0.01813435
v -0.01112185 -0.01939856 0.01485796
v -0.01141142 -0.01980280 0.01791715
v -0.01141142 -0.01980280 0.01464077
v -0.01178838 -0.02015337 0.01770093
v -0.01178838 -0.02015337 0.01442455
v -0.01223505 -0.02042052 0.01750009
v -0.01223505 -0.02042052 0.01422371
v -0.01272124 -0.02058936 0.01732582
v -0.01272124 -0.02058937 0.01404944
v -0.01323683 -0.02065375 0.01718131
v -0.01323683 -0.02065375 0.01390493
v -0.01377719 -0.02060729 0.01706845
v -0.01377719 -0.02060730 0.01379207
v -0.01430024 -0.02044130 0.01699891
v -0.01430024 -0.02044131 0.01372252
v -0.01476741 -0.02017234 0.01697562
v -0.01476741 -0.02017234 0.01369924
v -0.02017234 -0.01476740 0.01369923
v -0.02017234 -0.01476740 0.01697561
v -0.01855852 -0.01675057 0.01369923
v -0.01855852 -0.01675056 0.01697562
v -0.01675057 -0.01855852 0.01369924
v -0.01675057 -0.01855851 0.01697562
v -0.01476741 -0.02017234 0.01369924
v -0.01476741 -0.02017234 0.01697562
v 0.00936590 -0.01633586 0.01950001
v 0.00579365 -0.01010519 0.01950000
v 0.00794086 -0.01707404 0.01950001
v 0.00645814 -0.01768820 0.01950001
v 0.00304873 -0.01124217 0.01950000
v 0.00492851 -0.01817388 0.01950001
v 0.00467942 -0.00911951 0.01950000
v 0.00561919 -0.00962773 0.01950000
v 0.00561422 -0.00911941 0.01950000
v 0.00577931 -0.00863863 0.01950000
v 0.00609550 -0.00824059 0.01950000
v 0.00313962 -0.00975731 0.01950000
v 0.00283447 -0.01078119 0.01950000
v 0.00247855 -0.01041825 0.01950000
v 0.00202185 -0.01019501 0.01950000
v 0.00151682 -0.01013714 0.01950000
v 0.00976578 -0.01703333 0.01933129
v 0.00963678 -0.01680833 0.01942443
v 0.00827990 -0.01780304 0.01933129
v 0.00736323 -0.01777641 0.01945738
v 0.00673388 -0.01844342 0.01933129
v 0.00507106 -0.01869951 0.01942443
v 0.00513894 -0.01894983 0.01933130
v 0.00950264 -0.01657436 0.01948102
v 0.00794086 -0.01707404 0.01950001
v 0.00645814 -0.01768820 0.01950001
v 0.00936590 -0.01633586 0.01950001
v 0.00492851 -0.01817388 0.01950001
v 0.00500047 -0.01843922 0.01948102
v -0.01578972 -0.00905277 0.01650000
v -0.01602822 -0.00918951 0.01648101
v -0.01650323 -0.00767537 0.01650000
v -0.01719480 -0.00712231 0.01645737
v -0.01709686 -0.00624223 0.01650000
v -0.01783163 -0.00483569 0.01648101
v -0.01756630 -0.00476374 0.01650000
v -0.01626220 -0.00932365 0.01642442
v -0.01723222 -0.00801442 0.01633129
v -0.01785208 -0.00651796 0.01633129
v -0.01648720 -0.00945266 0.01633129
v -0.01834225 -0.00497416 0.01633129
v -0.01809193 -0.00490628 0.01642442
v -0.01014879 -0.00139653 0.01950003
v -0.01014879 -0.00139653 0.01650000
v -0.01013715 -0.00151681 0.01950000
v -0.01015203 -0.00182783 0.01650000
v -0.01019502 -0.00202184 0.01950000
v -0.01027787 -0.00224039 0.01650000
v -0.01041826 -0.00247854 0.01950000
v -0.01051591 -0.00260007 0.01650000
v -0.01078120 -0.00283446 0.01950000
v -0.01084646 -0.00287715 0.01650000
v -0.01124218 -0.00304872 0.01950000
v -0.01124218 -0.00304872 0.01650000
v -0.01124218 -0.00304872 0.01650000
v -0.01756630 -0.00476374 0.01650000
v -0.01124218 -0.00304872 0.01950000
v -0.01817389 -0.00492851 0.01950000
v -0.01894984 -0.00513893 0.01933129
v -0.01869952 -0.00507105 0.01942442
v -0.01783163 -0.00483569 0.01648101
v -0.02158119 -0.00585252 0.01813434
v -0.01809193 -0.00490628 0.01642442
v -0.01834225 -0.00497416 0.01633129
v -0.02158119 -0.00585252 0.01485795
v -0.01843923 -0.00500046 0.01948101
v -0.01019502 0.00202186 0.01950000
v -0.01015203 0.00182785 0.01650000
v -0.01013715 0.00151682 0.01950000
v -0.01014879 0.00139654 0.01650000
v -0.01014879 0.00139654 0.01950003
v -0.01027787 0.00224040 0.01650000
v -0.01041826 0.00247856 0.01950000
v -0.01051591 0.00260008 0.01650000
v -0.01078120 0.00283448 0.01950000
v -0.01084646 0.00287717 0.01650000
v -0.01124218 0.00304873 0.01950000
v -0.01124218 0.00304873 0.01650000
v -0.01014879 -0.00139653 0.01650000
v -0.01014879 -0.00139653 0.01950003
v -0.01023378 -0.00046680 0.01650000
v -0.01023378 -0.00046680 0.01950003
v -0.01023378 0.00046681 0.01950003
v -0.01014879 0.00139654 0.01950003
v -0.01014879 0.00139654 0.01650000
v -0.01023378 0.00046681 0.01650000
v -0.02470614 0.00382187 0.01369923
v -0.02456599 0.00434240 0.01372251
v -0.02470614 0.00382187 0.01697561
v -0.02456599 0.00434240 0.01699890
v -0.02431351 0.00482962 0.01379206
v -0.02431351 0.00482962 0.01706844
v -0.02396425 0.00524456 0.01390492
v -0.02396425 0.00524456 0.01718130
v -0.02355416 0.00556361 0.01404943
v -0.02355416 0.00556361 0.01732581
v -0.02309099 0.00578801 0.01422370
v -0.02309099 0.00578801 0.01750008
v -0.02258624 0.00591495 0.01442454
v -0.02258624 0.00591495 0.01770092
v -0.02207180 0.00593361 0.01464076
v -0.02207180 0.00593362 0.01791714
v -0.02158119 0.00585253 0.01485795
v -0.02158119 0.00585253 0.01813434
v -0.01124218 0.00304873 0.01650000
v -0.01124218 0.00304873 0.01950000
v -0.01756630 0.00476375 0.01650000
v -0.01817389 0.00492852 0.01950000
v -0.01894984 0.00513895 0.01933129
v -0.01869952 0.00507106 0.01942442
v -0.01843923 0.00500047 0.01948101
v -0.01783163 0.00483570 0.01648101
v -0.02158119 0.00585253 0.01813434
v -0.01809193 0.00490629 0.01642442
v -0.01834225 0.00497418 0.01633129
v -0.02158119 0.00585253 0.01485795
v -0.02158119 -0.00585252 0.01813434
v -0.02158119 -0.00585252 0.01485795
v -0.02207180 -0.00593360 0.01791714
v -0.02207180 -0.00593361 0.01464076
v -0.02258624 -0.00591494 0.01770092
v -0.02258624 -0.00591494 0.01442454
v -0.02309099 -0.00578800 0.01750008
v -0.02309099 -0.00578800 0.01422370
v -0.02355416 -0.00556360 0.01732581
v -0.02355416 -0.00556360 0.01404943
v -0.02396425 -0.00524455 0.01718130
v -0.02396425 -0.00524455 0.01390492
v -0.02431351 -0.00482961 0.01706844
v -0.02431351 -0.00482961 0.01379206
v -0.02456599 -0.00434239 0.01699890
v -0.02456599 -0.00434239 0.01372251
v -0.02470614 -0.00382186 0.01697561
v -0.02470614 -0.00382186 0.01369923
v -0.02470614 0.00382187 0.01369923
v -0.02470614 0.00382187 0.01697561
v -0.02496729 0.00127842 0.01369923
v -0.02496729 0.00127842 0.01697561
v -0.02496729 -0.00127841 0.01369923
v -0.02496729 -0.00127841 0.01697561
v -0.02470614 -0.00382186 0.01369923
v -0.02470614 -0.00382186 0.01697561
v -0.01756630 0.00476375 0.01650000
v -0.01783163 0.00483570 0.01648101
v -0.01709686 0.00624224 0.01650000
v -0.01719480 0.00712232 0.01645737
v -0.01650323 0.00767539 0.01650000
v -0.01602822 0.00918952 0.01648101
v -0.01578972 0.00905278 0.01650000
v -0.01809193 0.00490629 0.01642442
v -0.01785208 0.00651797 0.01633129
v -0.01723222 0.00801443 0.01633129
v -0.01834225 0.00497418 0.01633129
v -0.01648720 0.00945267 0.01633129
v -0.01626220 0.00932367 0.01642442
v -0.01894984 0.00513895 0.01933129
v -0.01869952 0.00507106 0.01942442
v -0.01844343 0.00673389 0.01933129
v -0.01777642 0.00736324 0.01945737
v -0.01780305 0.00827991 0.01933129
v -0.01680834 0.00963679 0.01942442
v -0.01703334 0.00976579 0.01933129
v -0.01843923 0.00500047 0.01948101
v -0.01768821 0.00645815 0.01950000
v -0.01707405 0.00794087 0.01950000
v -0.01817389 0.00492852 0.01950000
v -0.01633587 0.00936590 0.01950000
v -0.01657437 0.00950264 0.01948101
v -0.01817389 0.00492852 0.01950000
v -0.01124218 0.00304873 0.01950000
v -0.01768821 0.00645815 0.01950000
v -0.01010520 0.00579365 0.01950000
v -0.01707405 0.00794087 0.01950000
v -0.01633587 0.00936590 0.01950000
v -0.01078120 0.00283448 0.01950000
v -0.00975732 0.00313963 0.01950000
v -0.00911951 0.00467942 0.01950000
v -0.00962773 0.00561920 0.01950000
v -0.00911942 0.00561423 0.01950000
v -0.00863864 0.00577932 0.01950000
v -0.00824060 0.00609550 0.01950000
v -0.01041826 0.00247856 0.01950000
v -0.01019502 0.00202186 0.01950000
v -0.01013715 0.00151682 0.01950000
v -0.00816378 0.00618878 0.01950003
v -0.00816378 0.00618878 0.01650000
v -0.00824060 0.00609550 0.01950000
v -0.00847105 0.00588610 0.01650000
v -0.00863864 0.00577932 0.01950000
v -0.00885175 0.00568336 0.01650000
v -0.00911942 0.00561423 0.01950000
v -0.00927441 0.00559734 0.01650000
v -0.00962773 0.00561920 0.01950000
v -0.00970406 0.00563515 0.01650000
v -0.01010520 0.00579365 0.01950000
v -0.01010520 0.00579365 0.01650000
v -0.01010520 0.00579365 0.01650000
v -0.01578972 0.00905278 0.01650000
v -0.01010520 0.00579365 0.01950000
v -0.01633587 0.00936590 0.01950000
v -0.01703334 0.00976579 0.01933129
v -0.01680834 0.00963679 0.01942442
v -0.01602822 0.00918952 0.01648101
v -0.01939857 0.01112186 0.01813434
v -0.01626220 0.00932367 0.01642442
v -0.01648720 0.00945267 0.01633129
v -0.01939857 0.01112185 0.01485795
v -0.01657437 0.00950264 0.01948101
v -0.00577931 0.00863864 0.01950000
v -0.00588609 0.00847105 0.01650000
v -0.00609550 0.00824060 0.01950000
v -0.00618878 0.00816378 0.01650000
v -0.00618878 0.00816378 0.01950003
v -0.00568336 0.00885176 0.01650000
v -0.00561422 0.00911943 0.01950000
v -0.00559734 0.00927441 0.01650000
v -0.00561919 0.00962774 0.01950000
v -0.00563514 0.00970407 0.01650000
v -0.00579365 0.01010521 0.01950000
v -0.00579365 0.01010520 0.01650000
v -0.00816378 0.00618878 0.01650000
v -0.00756646 0.00690630 0.01650000
v -0.00756646 0.00690630 0.01950003
v -0.00690630 0.00756646 0.01950003
v -0.00618878 0.00816378 0.01650000
v -0.00690630 0.00756646 0.01650000
v -0.01476741 0.02017234 0.01369922
v -0.01430024 0.02044131 0.01372250
v -0.01476741 0.02017235 0.01697560
v -0.01430024 0.02044132 0.01699889
v -0.01377719 0.02060730 0.01379205
v -0.01377719 0.02060730 0.01706843
v -0.01323683 0.02065375 0.01390491
v -0.01323683 0.02065376 0.01718129
v -0.01272124 0.02058937 0.01404942
v -0.01272124 0.02058938 0.01732580
v -0.01223505 0.02042053 0.01422369
v -0.01223505 0.02042053 0.01750007
v -0.01178838 0.02015338 0.01442453
v -0.01178838 0.02015338 0.01770091
v -0.01141142 0.01980281 0.01464075
v -0.01141142 0.01980282 0.01791713
v -0.01112185 0.01939857 0.01485794
v -0.01112185 0.01939858 0.01813433
v -0.00579365 0.01010520 0.01650000
v -0.00579365 0.01010521 0.01950000
v -0.00905277 0.01578972 0.01649999
v -0.00936590 0.01633588 0.01949999
v -0.00976578 0.01703335 0.01933128
v -0.00963678 0.01680835 0.01942441
v -0.00950264 0.01657438 0.01948100
v -0.00918951 0.01602822 0.01648100
v -0.01112185 0.01939858 0.01813433
v -0.00932366 0.01626220 0.01642441
v -0.00945266 0.01648721 0.01633128
v -0.01112185 0.01939857 0.01485794
v -0.01939857 0.01112186 0.01813434
v -0.01939857 0.01112185 0.01485795
v -0.01980281 0.01141143 0.01791714
v -0.01980281 0.01141142 0.01464076
v -0.02015338 0.01178839 0.01770092
v -0.02015338 0.01178838 0.01442454
v -0.02042053 0.01223506 0.01750008
v -0.02042053 0.01223505 0.01422370
v -0.02058937 0.01272125 0.01732581
v -0.02058937 0.01272124 0.01404943
v -0.02065375 0.01323684 0.01718130
v -0.02065375 0.01323683 0.01390492
v -0.02060730 0.01377720 0.01706844
v -0.02060730 0.01377719 0.01379205
v -0.02044131 0.01430025 0.01699890
v -0.02044131 0.01430024 0.01372251
v -0.02017234 0.01476741 0.01697561
v -0.02017234 0.01476741 0.01369923
v -0.01476741 0.02017234 0.01369922
v -0.01476741 0.02017235 0.01697560
v -0.01675057 0.01855852 0.01369922
v -0.01675057 0.01855852 0.01697560
v -0.01855852 0.01675057 0.01369922
v -0.01855852 0.01675058 0.01697560
v -0.02017234 0.01476741 0.01369923
v -0.02017234 0.01476741 0.01697561
v -0.00905277 0.01578972 0.01649999
v -0.00918951 0.01602822 0.01648100
v -0.00767538 0.01650324 0.01649999
v -0.00712232 0.01719481 0.01645736
v -0.00624223 0.01709687 0.01649999
v -0.00483570 0.01783163 0.01648100
v -0.00476374 0.01756630 0.01649999
v -0.00932366 0.01626220 0.01642441
v -0.00801442 0.01723222 0.01633128
v -0.00651797 0.01785208 0.01633128
v -0.00945266 0.01648721 0.01633128
v -0.00497417 0.01834226 0.01633128
v -0.00490629 0.01809193 0.01642441
v -0.01633587 -0.00936589 0.01950000
v -0.01010520 -0.00579364 0.01950000
v -0.01707405 -0.00794085 0.01950000
v -0.01768821 -0.00645814 0.01950000
v -0.01124218 -0.00304872 0.01950000
v -0.01817389 -0.00492851 0.01950000
v -0.00911951 -0.00467941 0.01950000
v -0.00962773 -0.00561918 0.01950000
v -0.00911942 -0.00561421 0.01950000
v -0.00863864 -0.00577930 0.01950000
v -0.00824060 -0.00609549 0.01950000
v -0.00975732 -0.00313962 0.01950000
v -0.01078120 -0.00283446 0.01950000
v -0.01041826 -0.00247854 0.01950000
v -0.01019502 -0.00202184 0.01950000
v -0.01013715 -0.00151681 0.01950000
v -0.01703334 -0.00976578 0.01933129
v -0.01680834 -0.00963677 0.01942442
v -0.01780305 -0.00827990 0.01933129
v -0.01777642 -0.00736323 0.01945737
v -0.01844343 -0.00673387 0.01933129
v -0.01869952 -0.00507105 0.01942442
v -0.01894984 -0.00513893 0.01933129
v -0.01657437 -0.00950263 0.01948101
v -0.01707405 -0.00794085 0.01950000
v -0.01768821 -0.00645814 0.01950000
v -0.01633587 -0.00936589 0.01950000
v -0.01817389 -0.00492851 0.01950000
v -0.01843923 -0.00500046 0.01948101
v -0.00139654 0.01014880 0.01950003
v -0.00139654 0.01014879 0.01650000
v -0.00151682 0.01013716 0.01950000
v -0.00182784 0.01015203 0.01650000
v -0.00202185 0.01019503 0.01950000
v -0.00224039 0.01027787 0.01650000
v -0.00247855 0.01041827 0.01950000
v -0.00260008 0.01051592 0.01650000
v -0.00283447 0.01078121 0.01950000
v -0.00287716 0.01084646 0.01650000
v -0.00304873 0.01124219 0.01950000
v -0.00304873 0.01124218 0.01650000
v -0.00304873 0.01124218 0.01650000
v -0.00476374 0.01756630 0.01649999
v -0.00304873 0.01124219 0.01950000
v -0.00492851 0.01817390 0.01949999
v -0.00513894 0.01894985 0.01933128
v -0.00507106 0.01869953 0.01942441
v -0.00483570 0.01783163 0.01648100
v -0.00585253 0.02158119 0.01813433
v -0.00490629 0.01809193 0.01642441
v -0.00497417 0.01834226 0.01633128
v -0.00585253 0.02158119 0.01485794
v -0.00500047 0.01843924 0.01948100
v 0.00202185 0.01019503 0.01950000
v 0.00182784 0.01015203 0.01650000
v 0.00151682 0.01013716 0.01950000
v 0.00139654 0.01014879 0.01650000
v 0.00139654 0.01014880 0.01950003
v 0.00224039 0.01027787 0.01650000
v 0.00247855 0.01041827 0.01950000
v 0.00260008 0.01051592 0.01650000
v 0.00283447 0.01078121 0.01950000
v 0.00287716 0.01084646 0.01650000
v 0.00304873 0.01124219 0.01950000
v 0.00304873 0.01124218 0.01650000
v -0.00139654 0.01014879 0.01650000
v -0.00139654 0.01014880 0.01950003
v -0.00046680 0.01023379 0.01650000
v -0.00046680 0.01023379 0.01950003
v 0.00046680 0.01023379 0.01950003
v 0.00139654 0.01014880 0.01950003
v 0.00139654 0.01014879 0.01650000
v 0.00046680 0.01023379 0.01650000
v 0.00382186 0.02470614 0.01369922
v 0.00434239 0.02456599 0.01372250
v 0.00382186 0.02470614 0.01697560
v 0.00434239 0.02456599 0.01699889
v 0.00482962 0.02431351 0.01379205
v 0.00482962 0.02431351 0.01706843
v 0.00524455 0.02396425 0.01390491
v 0.00524455 0.02396425 0.01718129
v 0.00556361 0.02355416 0.01404942
v 0.00556361 0.02355417 0.01732580
v 0.00578801 0.02309099 0.01422369
v 0.00578801 0.02309099 0.01750007
v 0.00591495 0.02258624 0.01442453
v 0.00591495 0.02258625 0.01770091
v 0.00593361 0.02207180 0.01464075
v 0.00593361 0.02207181 0.01791713
v 0.00585253 0.02158119 0.01485794
v 0.00585253 0.02158119 0.01813433
v 0.00304873 0.01124218 0.01650000
v 0.00304873 0.01124219 0.01950000
v 0.00476374 0.01756630 0.01649999
v 0.00492851 0.01817390 0.01949999
v 0.00513894 0.01894985 0.01933128
v 0.00507106 0.01869953 0.01942441
v 0.00500047 0.01843924 0.01948100
v 0.00483570 0.01783163 0.01648100
v 0.00585253 0.02158119 0.01813433
v 0.00490629 0.01809193 0.01642441
v 0.00497417 0.01834226 0.01633128
v 0.00585253 0.02158119 0.01485794
v -0.00585253 0.02158119 0.01813433
v -0.00585253 0.02158119 0.01485794
v -0.00593361 0.02207181 0.01791713
v -0.00593361 0.02207180 0.01464075
v -0.00591495 0.02258625 0.01770091
v -0.00591495 0.02258624 0.01442453
v -0.00578801 0.02309099 0.01750007
v -0.00578801 0.02309099 0.01422369
v -0.00556361 0.02355417 0.01732580
v -0.00556361 0.02355416 0.01404942
v -0.00524455 0.02396425 0.01718129
v -0.00524455 0.02396425 0.01390491
v -0.00482962 0.02431351 0.01706843
v -0.00482962 0.02431351 0.01379205
v -0.00434239 0.02456599 0.01699889
v -0.00434239 0.02456599 0.01372250
v -0.00382186 0.02470614 0.01697560
v -0.00382186 0.02470614 0.01369922
v 0.00382186 0.02470614 0.01369922
v 0.00382186 0.02470614 0.01697560
v 0.00127841 0.02496729 0.01369922
v 0.00127841 0.02496729 0.01697560
v -0.00127841 0.02496729 0.01369922
v -0.00127841 0.02496729 0.01697560
v -0.00382186 0.02470614 0.01369922
v -0.00382186 0.02470614 0.01697560
v -0.00976578 0.01703335 0.01933128
v -0.00963678 0.01680835 0.01942441
v -0.00827990 0.01780306 0.01933128
v -0.00736323 0.01777643 0.01945736
v -0.00673388 0.01844344 0.01933128
v -0.00507106 0.01869953 0.01942441
v -0.00513894 0.01894985 0.01933128
v -0.00950264 0.01657438 0.01948100
v -0.00794086 0.01707406 0.01949999
v -0.00645814 0.01768822 0.01949999
v -0.00936590 0.01633588 0.01949999
v -0.00492851 0.01817390 0.01949999
v -0.00500047 0.01843924 0.01948100
v -0.00936590 0.01633588 0.01949999
v -0.00579365 0.01010521 0.01950000
v -0.00794086 0.01707406 0.01949999
v -0.00645814 0.01768822 0.01949999
v -0.00304873 0.01124219 0.01950000
v -0.00492851 0.01817390 0.01949999
v -0.00467942 0.00911952 0.01950000
v -0.00561919 0.00962774 0.01950000
v -0.00561422 0.00911943 0.01950000
v -0.00577931 0.00863864 0.01950000
v -0.00609550 0.00824060 0.01950000
v -0.00313962 0.00975732 0.01950000
v -0.00283447 0.01078121 0.01950000
v -0.00247855 0.01041827 0.01950000
v -0.00202185 0.01019503 0.01950000
v -0.00151682 0.01013716 0.01950000
v 0.00308359 -0.02933840 0.01434691
v 0.00307925 -0.02929707 0.01463217
v 0.00000000 -0.02950000 0.01434691
v 0.00000000 -0.02945844 0.01463217
v -0.00308359 -0.02933840 0.01434691
v -0.00307925 -0.02929707 0.01463217
v -0.00613339 -0.02885534 0.01434691
v -0.00612476 -0.02881470 0.01463217
v -0.00911600 -0.02805617 0.01434691
v -0.00910316 -0.02801665 0.01463217
v -0.01199873 -0.02694958 0.01434691
v -0.01198183 -0.02691163 0.01463217
v -0.01475000 -0.02554774 0.01434691
v -0.01472923 -0.02551177 0.01463217
v -0.01733966 -0.02386600 0.01434691
v -0.01731524 -0.02383239 0.01463217
v -0.01973935 -0.02192276 0.01434691
v -0.01971155 -0.02189188 0.01463217
v -0.02192277 -0.01973935 0.01434691
v -0.02189189 -0.01971155 0.01463217
v -0.02386600 -0.01733966 0.01434691
v -0.02383239 -0.01731523 0.01463216
v -0.02554775 -0.01475000 0.01434690
v -0.02551177 -0.01472923 0.01463216
v -0.02694959 -0.01199872 0.01434690
v -0.02691163 -0.01198182 0.01463216
v -0.02805617 -0.00911600 0.01434690
v -0.02801665 -0.00910316 0.01463216
v -0.02885535 -0.00613339 0.01434690
v -0.02881471 -0.00612475 0.01463216
v -0.02933840 -0.00308359 0.01434690
v -0.02929707 -0.00307924 0.01463216
v -0.02950000 0.00000000 0.01434690
v -0.02945845 0.00000000 0.01463216
v -0.02933840 0.00308359 0.01434690
v -0.02929707 0.00307925 0.01463216
v -0.02885535 0.00613340 0.01434690
v -0.02881471 0.00612476 0.01463216
v -0.02805617 0.00911601 0.01434690
v -0.02801665 0.00910317 0.01463216
v -0.02694959 0.01199873 0.01434690
v -0.02691163 0.01198183 0.01463216
v -0.02554775 0.01475000 0.01434690
v -0.02551177 0.01472923 0.01463215
v -0.02386600 0.01733966 0.01434689
v -0.02383239 0.01731524 0.01463215
v -0.02192277 0.01973935 0.01434689
v -0.02189189 0.01971155 0.01463215
v -0.01973935 0.02192277 0.01434689
v -0.01971155 0.02189189 0.01463215
v -0.01733966 0.02386600 0.01434689
v -0.01731524 0.02383239 0.01463215
v -0.01475000 0.02554775 0.01434689
v -0.01472923 0.02551177 0.01463215
v -0.01199873 0.02694959 0.01434689
v -0.01198183 0.02691163 0.01463215
v -0.00911600 0.02805617 0.01434689
v -0.00910316 0.02801665 0.01463215
v -0.00613339 0.02885535 0.01434689
v -0.00612476 0.02881471 0.01463215
v -0.00308359 0.02933840 0.01434689
v -0.00307925 0.02929707 0.01463215
v 0.00000000 0.02950000 0.01434689
v 0.00000000 0.02945845 0.01463215
v 0.00000000 0.02950000 0.01434689
v 0.00000000 0.02945845 0.01463215
v 0.00308359 0.02933840 0.01434689
v 0.00307925 0.02929707 0.01463215
v 0.00613339 0.02885535 0.01434689
v 0.00612476 0.02881471 0.01463215
v 0.00911600 0.02805617 0.01434689
v 0.00910316 0.02801665 0.01463215
v 0.01199873 0.02694959 0.01434689
v 0.01198183 0.02691163 0.01463215
v 0.01475000 0.02554775 0.01434689
v 0.01472923 0.02551177 0.01463215
v 0.01733966 0.02386600 0.01434689
v 0.01731524 0.02383239 0.01463215
v 0.01973935 0.02192277 0.01434689
v 0.01971155 0.02189189 0.01463215
v 0.02192277 0.01973935 0.01434689
v 0.02189189 0.01971155 0.01463215
v 0.02386600 0.01733966 0.01434689
v 0.02383239 0.01731524 0.01463215
v 0.02554775 0.01475000 0.01434690
v 0.02551177 0.01472923 0.01463215
v 0.02694959 0.01199873 0.01434690
v 0.02691163 0.01198183 0.01463216
v 0.02805617 0.00911601 0.01434690
v 0.02801665 0.00910317 0.01463216
v 0.02885535 0.00613340 0.01434690
v 0.02881471 0.00612476 0.01463216
v 0.02933840 0.00308359 0.01434690
v 0.02929707 0.00307925 0.01463216
v 0.02950000 0.00000000 0.01434690
v 0.02945845 0.00000000 0.01463216
v 0.02933840 -0.00308359 0.01434690
v 0.02929707 -0.00307924 0.01463216
v 0.02885535 -0.00613339 0.01434690
v 0.02881471 -0.00612475 0.01463216
v 0.02805617 -0.00911600 0.01434690
v 0.02801665 -0.00910316 0.01463216
v 0.02694959 -0.01199872 0.01434690
v 0.02691163 -0.01198182 0.01463216
v 0.02554775 -0.01475000 0.01434690
v 0.02551177 -0.01472923 0.01463216
v 0.02386600 -0.01733966 0.01434691
v 0.02383239 -0.01731523 0.01463216
v 0.02192277 -0.01973935 0.01434691
v 0.02189189 -0.01971155 0.01463217
v 0.01973935 -0.02192276 0.01434691
v 0.01971155 -0.02189188 0.01463217
v 0.01733966 -0.02386600 0.01434691
v 0.01731524 -0.02383239 0.01463217
v 0.01475000 -0.02554774 0.01434691
v 0.01472923 -0.02551177 0.01463217
v 0.01199873 -0.02694958 0.01434691
v 0.01198183 -0.02691163 0.01463217
v 0.00911600 -0.02805617 0.01434691
v 0.00910316 -0.02801665 0.01463217
v 0.00613339 -0.02885534 0.01434691
v 0.00612476 -0.02881470 0.01463217
v -0.00302108 -0.02874366 0.01526255
v -0.00304664 -0.02898682 0.01510983
v 0.00000000 -0.02890198 0.01526255
v 0.00000000 -0.02914648 0.01510983
v 0.00302108 -0.02874366 0.01526255
v 0.00304664 -0.02898682 0.01510983
v 0.00600906 -0.02827040 0.01526255
v 0.00605990 -0.02850955 0.01510983
v 0.00893121 -0.02748743 0.01526255
v 0.00900676 -0.02771995 0.01510983
v 0.01175550 -0.02640327 0.01526255
v 0.01185494 -0.02662663 0.01510983
v 0.01445099 -0.02502985 0.01526255
v 0.01457324 -0.02524158 0.01510983
v 0.01698816 -0.02338219 0.01526255
v 0.01713187 -0.02358000 0.01510983
v 0.01933921 -0.02147835 0.01526255
v 0.01950280 -0.02166006 0.01510983
v 0.02147836 -0.01933920 0.01526255
v 0.02166006 -0.01950279 0.01510983
v 0.02338220 -0.01698815 0.01526255
v 0.02358000 -0.01713186 0.01510983
v 0.02502986 -0.01445098 0.01526254
v 0.02524159 -0.01457324 0.01510982
v 0.02640328 -0.01175549 0.01526254
v 0.02662664 -0.01185493 0.01510982
v 0.02748743 -0.00893120 0.01526254
v 0.02771995 -0.00900675 0.01510982
v 0.02827041 -0.00600906 0.01526254
v 0.02850956 -0.00605989 0.01510982
v 0.02874366 -0.00302108 0.01526254
v 0.02898682 -0.00304663 0.01510982
v 0.02890199 0.00000000 0.01526254
v 0.02914648 0.00000000 0.01510982
v 0.02874366 0.00302109 0.01526254
v 0.02898682 0.00304664 0.01510982
v 0.02827041 0.00600907 0.01526254
v 0.02850956 0.00605990 0.01510982
v 0.02748743 0.00893121 0.01526254
v 0.02771995 0.00900676 0.01510982
v 0.02640328 0.01175550 0.01526254
v 0.02662664 0.01185494 0.01510982
v 0.02502986 0.01445099 0.01526254
v 0.02524159 0.01457324 0.01510982
v 0.02338220 0.01698816 0.01526253
v 0.02358000 0.01713187 0.01510981
v 0.02147836 0.01933921 0.01526253
v 0.02166006 0.01950280 0.01510981
v 0.01933921 0.02147836 0.01526253
v 0.01950280 0.02166007 0.01510981
v 0.01698816 0.02338220 0.01526253
v 0.01713187 0.02358000 0.01510981
v 0.01445099 0.02502986 0.01526253
v 0.01457324 0.02524159 0.01510981
v 0.01175550 0.02640328 0.01526253
v 0.01185494 0.02662664 0.01510981
v 0.00893121 0.02748743 0.01526253
v 0.00900676 0.02771995 0.01510981
v 0.00600906 0.02827041 0.01526253
v 0.00605990 0.02850956 0.01510981
v 0.00302108 0.02874366 0.01526253
v 0.00304664 0.02898683 0.01510981
v 0.00000000 0.02890199 0.01526253
v 0.00000000 0.02914648 0.01510981
v 0.00000000 0.02890199 0.01526253
v 0.00000000 0.02914648 0.01510981
v -0.00302108 0.02874366 0.01526253
v -0.00304664 0.02898683 0.01510981
v -0.00600906 0.02827041 0.01526253
v -0.00605990 0.02850956 0.01510981
v -0.00893121 0.02748743 0.01526253
v -0.00900676 0.02771995 0.01510981
v -0.01175550 0.02640328 0.01526253
v -0.01185494 0.02662664 0.01510981
v -0.01445099 0.02502986 0.01526253
v -0.01457324 0.02524159 0.01510981
v -0.01698816 0.02338220 0.01526253
v -0.01713187 0.02358000 0.01510981
v -0.01933921 0.02147836 0.01526253
v -0.01950280 0.02166007 0.01510981
v -0.02147836 0.01933921 0.01526253
v -0.02166006 0.01950280 0.01510981
v -0.02338220 0.01698816 0.01526253
v -0.02358000 0.01713187 0.01510981
v -0.02502986 0.01445099 0.01526254
v -0.02524159 0.01457324 0.01510982
v -0.02640328 0.01175550 0.01526254
v -0.02662664 0.01185494 0.01510982
v -0.02748743 0.00893121 0.01526254
v -0.02771995 0.00900676 0.01510982
v -0.02827041 0.00600907 0.01526254
v -0.02850956 0.00605990 0.01510982
v -0.02874366 0.00302109 0.01526254
v -0.02898682 0.00304664 0.01510982
v -0.02890199 0.00000000 0.01526254
v -0.02914648 0.00000000 0.01510982
v -0.02874366 -0.00302108 0.01526254
v -0.02898682 -0.00304663 0.01510982
v -0.02827041 -0.00600906 0.01526254
v -0.02850956 -0.00605989 0.01510982
v -0.02748743 -0.00893120 0.01526254
v -0.02771995 -0.00900675 0.01510982
v -0.02640328 -0.01175549 0.01526254
v -0.02662664 -0.01185493 0.01510982
v -0.02502986 -0.01445098 0.01526254
v -0.02524159 -0.01457324 0.01510982
v -0.02338220 -0.01698815 0.01526255
v -0.02358000 -0.01713186 0.01510983
v -0.02147836 -0.01933920 0.01526255
v -0.02166006 -0.01950279 0.01510983
v -0.01933921 -0.02147835 0.01526255
v -0.01950280 -0.02166006 0.01510983
v -0.01698816 -0.02338219 0.01526255
v -0.01713187 -0.02358000 0.01510983
v -0.01445099 -0.02502985 0.01526255
v -0.01457324 -0.02524158 0.01510983
v -0.01175550 -0.02640327 0.01526255
v -0.01185494 -0.02662663 0.01510983
v -0.00893121 -0.02748743 0.01526255
v -0.00900676 -0.02771995 0.01510983
v -0.00600906 -0.02827040 0.01526255
v -0.00605990 -0.02850955 0.01510983
v 0.00000000 0.02933726 0.01489370
v 0.00306658 0.02917654 0.01489370
v 0.00609956 0.02869616 0.01489370
v 0.00906571 0.02790139 0.01489370
v 0.01193254 0.02680093 0.01489370
v 0.01466863 0.02540681 0.01489370
v 0.01724400 0.02373434 0.01489370
v 0.01963045 0.02180183 0.01489370
v 0.02180183 0.01963045 0.01489370
v 0.02373434 0.01724400 0.01489370
v 0.02540681 0.01466863 0.01489370
v 0.02680092 0.01193254 0.01489371
v 0.02790139 0.00906571 0.01489371
v 0.02869616 0.00609956 0.01489371
v 0.02917654 0.00306658 0.01489371
v 0.02933725 0.00000000 0.01489371
v 0.02917654 -0.00306657 0.01489371
v 0.02869616 -0.00609955 0.01489371
v 0.02790139 -0.00906570 0.01489371
v 0.02680092 -0.01193253 0.01489371
v 0.02540681 -0.01466863 0.01489371
v 0.02373434 -0.01724400 0.01489371
v 0.02180183 -0.01963044 0.01489372
v 0.01963045 -0.02180182 0.01489372
v 0.01724400 -0.02373434 0.01489372
v 0.01466863 -0.02540680 0.01489372
v 0.01193254 -0.02680092 0.01489372
v 0.00906571 -0.02790138 0.01489372
v 0.00609956 -0.02869615 0.01489372
v 0.00306658 -0.02917654 0.01489372
v 0.00000000 -0.02933725 0.01489372
v -0.00306658 -0.02917654 0.01489372
v -0.00609956 -0.02869615 0.01489372
v -0.00906571 -0.02790138 0.01489372
v -0.01193254 -0.02680092 0.01489372
v -0.01466863 -0.02540680 0.01489372
v -0.01724400 -0.02373434 0.01489372
v -0.01963045 -0.02180182 0.01489372
v -0.02180183 -0.01963044 0.01489372
v -0.02373434 -0.01724400 0.01489371
v -0.02540681 -0.01466863 0.01489371
v -0.02680092 -0.01193253 0.01489371
v -0.02790139 -0.00906570 0.01489371
v -0.02869616 -0.00609955 0.01489371
v -0.02917654 -0.00306657 0.01489371
v -0.02933725 0.00000000 0.01489371
v -0.02917654 0.00306658 0.01489371
v -0.02869616 0.00609956 0.01489371
v -0.02790139 0.00906571 0.01489371
v -0.02680092 0.01193254 0.01489371
v -0.02540681 0.01466863 0.01489370
v -0.02373434 0.01724400 0.01489370
v -0.02180183 0.01963045 0.01489370
v -0.01963045 0.02180183 0.01489370
v -0.01724400 0.02373434 0.01489370
v -0.01466863 0.02540681 0.01489370
v -0.01193254 0.02680093 0.01489370
v -0.00906571 0.02790139 0.01489370
v -0.00609956 0.02869616 0.01489370
v -0.00306658 0.02917654 0.01489370
v 0.00000000 0.02933726 0.01489370
v -0.00092705 -0.00285317 0.01300000
v -0.00092705 0.00285317 0.01300000
v 0.00000000 -0.00300000 0.01300000
v 0.00000000 0.00300000 0.01300000
v 0.00092705 -0.00285317 0.01300000
v 0.00092705 0.00285317 0.01300000
v 0.00176335 -0.00242705 0.01300000
v 0.00176335 0.00242706 0.01300000
v 0.00242705 -0.00176335 0.01300000
v 0.00242705 0.00176336 0.01300000
v 0.00285317 -0.00092705 0.01300000
v 0.00285317 0.00092705 0.01300000
v 0.00300000 0.00000000 0.01300000
v -0.00176335 0.00242706 0.01300000
v -0.00176335 -0.00242705 0.01300000
v -0.00242705 0.00176336 0.01300000
v -0.00242705 -0.00176335 0.01300000
v -0.00285317 0.00092705 0.01300000
v -0.00285317 -0.00092705 0.01300000
v -0.00300000 0.00000000 0.01300000
v 0.00092705 -0.00285317 0.01300000
v 0.00000000 -0.00299999 0.01650000
v 0.00000000 -0.00300000 0.01300000
v -0.00092705 -0.00285316 0.01650000
v -0.00092705 -0.00285317 0.01300000
v -0.00176335 -0.00242705 0.01650000
v -0.00176335 -0.00242705 0.01300000
v -0.00242705 -0.00176335 0.01650000
v -0.00242705 -0.00176335 0.01300000
v -0.00285317 -0.00092705 0.01650000
v -0.00285317 -0.00092705 0.01300000
v -0.00300000 0.00000001 0.01650000
v -0.00300000 0.00000000 0.01300000
v -0.00285317 0.00092706 0.01650000
v -0.00285317 0.00092705 0.01300000
v -0.00242705 0.00176336 0.01650000
v -0.00242705 0.00176336 0.01300000
v -0.00176335 0.00242706 0.01650000
v -0.00176335 0.00242706 0.01300000
v -0.00092705 0.00285318 0.01650000
v -0.00092705 0.00285317 0.01300000
v 0.00000000 0.00300000 0.01300000
v 0.00000000 0.00300001 0.01650000
v 0.00000000 0.00300000 0.01300000
v 0.00000000 0.00300001 0.01650000
v 0.00092705 0.00285317 0.01300000
v 0.00092705 0.00285318 0.01650000
v 0.00176335 0.00242706 0.01650000
v 0.00092705 -0.00285316 0.01650000
v 0.00176335 -0.00242705 0.01300000
v 0.00176335 -0.00242705 0.01650000
v 0.00242705 -0.00176335 0.01300000
v 0.00242705 -0.00176335 0.01650000
v 0.00285317 -0.00092705 0.01300000
v 0.00285317 -0.00092705 0.01650000
v 0.00300000 0.00000000 0.01300000
v 0.00300000 0.00000001 0.01650000
v 0.00285317 0.00092705 0.01300000
v 0.00285317 0.00092706 0.01650000
v 0.00242705 0.00176336 0.01300000
v 0.00242705 0.00176336 0.01650000
v 0.00176335 0.00242706 0.01300000
v 0.00285509 -0.02533966 0.01347973
v 0.00285509 -0.02533966 0.01300001
v 0.00000000 -0.02549999 0.01347973
v 0.00000000 -0.02549999 0.01300001
v -0.00285509 -0.02533966 0.01347973
v -0.00285509 -0.02533966 0.01300001
v -0.00567428 -0.02486066 0.01347973
v -0.00567428 -0.02486066 0.01300001
v -0.00842212 -0.02406903 0.01347973
v -0.00842212 -0.02406903 0.01300001
v -0.01106404 -0.02297471 0.01347973
v -0.01106404 -0.02297471 0.01300001
v -0.01356682 -0.02159147 0.01347973
v -0.01356682 -0.02159147 0.01300001
v -0.01589899 -0.01993670 0.01347973
v -0.01589899 -0.01993670 0.01300001
v -0.01803122 -0.01803122 0.01347973
v -0.01803122 -0.01803122 0.01300000
v -0.01993670 -0.01589898 0.01347973
v -0.01993670 -0.01589899 0.01300000
v -0.02159147 -0.01356681 0.01347972
v -0.02159147 -0.01356682 0.01300000
v -0.02297471 -0.01106403 0.01347972
v -0.02297471 -0.01106404 0.01300000
v -0.02406903 -0.00842211 0.01347972
v -0.02406903 -0.00842211 0.01300000
v -0.02486066 -0.00567428 0.01347972
v -0.02486066 -0.00567428 0.01300000
v -0.02533966 -0.00285509 0.01347972
v -0.02533966 -0.00285509 0.01300000
v -0.02550000 0.00000000 0.01347972
v -0.02550000 0.00000000 0.01300000
v -0.02533966 0.00285510 0.01347972
v -0.02533966 0.00285510 0.01300000
v -0.02486066 0.00567429 0.01347972
v -0.02486066 0.00567429 0.01300000
v -0.02406903 0.00842212 0.01347972
v -0.02406903 0.00842212 0.01300000
v -0.02297471 0.01106404 0.01347972
v -0.02297471 0.01106404 0.01300000
v -0.02159147 0.01356682 0.01347972
v -0.02159147 0.01356682 0.01299999
v -0.01993670 0.01589899 0.01347972
v -0.01993670 0.01589899 0.01299999
v -0.01803122 0.01803122 0.01347971
v -0.01803122 0.01803122 0.01299999
v -0.01589899 0.01993670 0.01347971
v -0.01589899 0.01993670 0.01299999
v -0.01356682 0.02159147 0.01347971
v -0.01356682 0.02159147 0.01299999
v -0.01106404 0.02297471 0.01347971
v -0.01106404 0.02297471 0.01299999
v -0.00842212 0.02406903 0.01347971
v -0.00842212 0.02406903 0.01299999
v -0.00567428 0.02486066 0.01347971
v -0.00567428 0.02486066 0.01299999
v -0.00285509 0.02533966 0.01347971
v -0.00285509 0.02533966 0.01299999
v 0.00000000 0.02550000 0.01347971
v 0.00000000 0.02550000 0.01299999
v 0.00000000 0.02550000 0.01347971
v 0.00000000 0.02550000 0.01299999
v 0.00285509 0.02533966 0.01347971
v 0.00285509 0.02533966 0.01299999
v 0.00567428 0.02486066 0.01347971
v 0.00567428 0.02486066 0.01299999
v 0.00842212 0.02406903 0.01347971
v 0.00842212 0.02406903 0.01299999
v 0.01106404 0.02297471 0.01347971
v 0.01106404 0.02297471 0.01299999
v 0.01356682 0.02159147 0.01347971
v 0.01356682 0.02159147 0.01299999
v 0.01589899 0.01993670 0.01347971
v 0.01589899 0.01993670 0.01299999
v 0.01803122 0.01803122 0.01347971
v 0.01803122 0.01803122 0.01299999
v 0.01993670 0.01589899 0.01347972
v 0.01993670 0.01589899 0.01299999
v 0.02159147 0.01356682 0.01347972
v 0.02159147 0.01356682 0.01299999
v 0.02297471 0.01106404 0.01347972
v 0.02297471 0.01106404 0.01300000
v 0.02406903 0.00842212 0.01347972
v 0.02406903 0.00842212 0.01300000
v 0.02486066 0.00567429 0.01347972
v 0.02486066 0.00567429 0.01300000
v 0.02533966 0.00285510 0.01347972
v 0.02533966 0.00285510 0.01300000
v 0.02550000 0.00000000 0.01347972
v 0.02550000 0.00000000 0.01300000
v 0.02533966 -0.00285509 0.01347972
v 0.02533966 -0.00285509 0.01300000
v 0.02486066 -0.00567428 0.01347972
v 0.02486066 -0.00567428 0.01300000
v 0.02406903 -0.00842211 0.01347972
v 0.02406903 -0.00842211 0.01300000
v 0.02297471 -0.01106403 0.01347972
v 0.02297471 -0.01106404 0.01300000
v 0.02159147 -0.01356681 0.01347972
v 0.02159147 -0.01356682 0.01300000
v 0.01993670 -0.01589898 0.01347973
v 0.01993670 -0.01589899 0.01300000
v 0.01803122 -0.01803122 0.01347973
v 0.01803122 -0.01803122 0.01300000
v 0.01589899 -0.01993670 0.01347973
v 0.01589899 -0.01993670 0.01300001
v 0.01356682 -0.02159147 0.01347973
v 0.01356682 -0.02159147 0.01300001
v 0.01106404 -0.02297471 0.01347973
v 0.01106404 -0.02297471 0.01300001
v 0.00842212 -0.02406903 0.01347973
v 0.00842212 -0.02406903 0.01300001
v 0.00567428 -0.02486066 0.01347973
v 0.00567428 -0.02486066 0.01300001
vt 0.54895833 0.31696429
vt 0.54895833 0.31696429
vt 0.54895833 0.31696429
vt 0.54895833 0.31696429
vt 0.54895833 0.31696429
vt 0.54895833 0.31696429
vt 0.54895833 0.31696429
vt 0.54895833 0.31696429
vt 0.54895833 0.31696429
vt 0.54895833 0.31696429
vt 0.54895833 0.31696429
vt 0.54895833 0.31696429
vt 0.54895833 0.31696429
vt 0.54895833 0.31696429
vt 0.54895833 0.31696429
vt 0.54895833 0.31696429
vt 0.54895833 0.31696429
vt 0.54895833 0.31696429
vt 0.54895833 0.31696429
vt 0.54895833 0.31696429
vt 0.54895833 0.31696429
vt 0.54895833 0.31696429
vt 0.54895833 0.31696429
vt 0.54895833 0.31696429
vt 0.54895833 0.31696429
vt 0.54895833 0.31696429
vt 0.54895833 0.31696429
vt 0.54895833 0.31696429
vt 0.54895833 0.31696429
vt 0.54895833 0.31696429
vt 0.54895833 0.31696429
vt 0.54895833 0.31696429
vt 0.54895833 0.31696429
vt 0.54895833 0.31696429
vt 0.54895833 0.31696429
vt 0.54895833 0.31696429
vt 0.54895833 0.31696429
vt 0.54895833 0.31696429
vt 0.54895833 0.31696429
vt 0.54895833 0.31696429
vt 0.54895833 0.31696429
vt 0.54895833 0.31696429
vt 0.54895833 0.31696429
vt 0.54895833 0.31696429
vt 0.54895833 0.31696429
vt 0.54895833 0.31696429
vt 0.54895833 0.31696429
vt 0.54895833 0.31696429
vt 0.54895833 0.31696429
vt 0.54895833 0.31696429
vt 0.54895833 0.31696429
vt 0.54895833 0.31696429
vt 0.54895833 0.31696429
vt 0.54895833 0.31696429
vt 0.54895833 0.31696429
vt 0.54895833 0.31696429
vt 0.54895833 0.31696429
vt 0.54895833 0.31696429
vt 0.54895833 0.31696429
vt 0.54895833 0.31696429
vt 0.54895833 0.31696429
vt 0.54895833 0.31696429
vt 0.54895833 0.31696429
vt 0.54895833 0.31696429
vt 0.54895833 0.31696429
vt 0.54895833 0.31696429
vt 0.54895833 0.31696429
vt 0.54895833 0.31696429
vt 0.54895833 0.31696429
vt 0.54895833 0.31696429
vt 0.54895833 0.31696429
vt 0.54895833 0.31696429
vt 0.54895833 0.31696429
vt 0.54895833 0.31696429
vt 0.54895833 0.31696429
vt 0.54895833 0.31696429
vt 0.54895833 0.31696429
vt 0.54895833 0.31696429
vt 0.54895833 0.31696429
vt 0.54895833 0.31696429
vt 0.54895833 0.31696429
vt 0.54895833 0.31696429
vt 0.54895833 0.31696429
vt 0.54895833 0.31696429
vt 0.54895833 0.31696429
vt 0.54895833 0.31696429
vt 0.54895833 0.31696429
vt 0.54895833 0.31696429
vt 0.54895833 0.31696429
vt 0.54895833 0.31696429
vt 0.54895833 0.31696429
vt 0.54895833 0.31696429
vt 0.54895833 0.31696429
vt 0.54895833 0.31696429
vt 0.54895833 0.31696429
vt 0.54895833 0.31696429
vt 0.54895833 0.31696429
vt 0.54895833 0.31696429
vt 0.54895833 0.31696429
vt 0.54895833 0.31696429
vt 0.54895833 0.31696429
vt 0.54895833 0.31696429
vt 0.54895833 0.31696429
vt 0.54895833 0.31696429
vt 0.54895833 0.31696429
vt 0.54895833 0.31696429
vt 0.54895833 0.31696429
vt 0.54895833 0.31696429
vt 0.54895833 0.31696429
vt 0.54895833 0.31696429
vt 0.54895833 0.31696429
vt 0.54895833 0.31696429
vt 0.54895833 0.31696429
vt 0.54895833 0.31696429
vt 0.54895833 0.31696429
vt 0.54895833 0.31696429
vt 0.54895833 0.31696429
vt 0.54895833 0.31696429
vt 0.54895833 0.31696429
vt 0.54895833 0.31696429
vt 0.54895833 0.31696429
vt 0.54895833 0.31696429
vt 0.54895833 0.31696429
vt 0.54895833 0.31696429
vt 0.54895833 0.31696429
vt 0.54895833 0.31696429
vt 0.54895833 0.31696429
vt 0.54895833 0.31696429
vt 0.54895833 0.31696429
vt 0.54895833 0.31696429
vt 0.54895833 0.31696429
vt 0.54895833 0.31696429
vt 0.54895833 0.31696429
vt 0.54895833 0.31696429
vt 0.54895833 0.31696429
vt 0.54895833 0.31696429
vt 0.54895833 0.31696429
vt 0.54895833 0.31696429
vt 0.54895833 0.31696429
vt 0.54895833 0.31696429
vt 0.54895833 0.31696429
vt 0.54895833 0.31696429
vt 0.54895833 0.31696429
vt 0.54895833 0.31696429
vt 0.54895833 0.31696429
vt 0.54895833 0.31696429
vt 0.54895833 0.31696429
vt 0.54895833 0.31696429
vt 0.54895833 0.31696429
vt 0.54895833 0.31696429
vt 0.54895833 0.31696429
vt 0.54895833 0.31696429
vt 0.54895833 0.31696429
vt 0.54895833 0.31696429
vt 0.54895833 0.31696429
vt 0.54895833 0.31696429
vt 0.54895833 0.31696429
vt 0.54895833 0.31696429
vt 0.54895833 0.31696429
vt 0.54895833 0.31696429
vt 0.54895833 0.31696429
vt 0.54895833 0.31696429
vt 0.54895833 0.31696429
vt 0.54895833 0.31696429
vt 0.54895833 0.31696429
vt 0.54895833 0.31696429
vt 0.54895833 0.31696429
vt 0.54895833 0.31696429
vt 0.54895833 0.31696429
vt 0.54895833 0.31696429
vt 0.54895833 0.31696429
vt 0.54895833 0.31696429
vt 0.54895833 0.31696429
vt 0.54895833 0.31696429
vt 0.54895833 0.31696429
vt 0.54895833 0.31696429
vt 0.54895833 0.31696429
vt 0.54895833 0.31696429
vt 0.54895833 0.31696429
vt 0.54895833 0.31696429
vt 0.54895833 0.31696429
vt 0.54895833 0.31696429
vt 0.54895833 0.31696429
vt 0.54895833 0.31696429
vt 0.54895833 0.31696429
vt 0.54895833 0.31696429
vt 0.54895833 0.31696429
vt 0.54895833 0.31696429
vt 0.54895833 0.31696429
vt 0.54895833 0.31696429
vt 0.54895833 0.31696429
vt 0.54895833 0.31696429
vt 0.54895833 0.31696429
vt 0.54895833 0.31696429
vt 0.54895833 0.31696429
vt 0.54895833 0.31696429
vt 0.54895833 0.31696429
vt 0.54895833 0.31696429
vt 0.54895833 0.31696429
vt 0.54895833 0.31696429
vt 0.54895833 0.31696429
vt 0.54895833 0.31696429
vt 0.54895833 0.31696429
vt 0.54895833 0.31696429
vt 0.54895833 0.31696429
vt 0.54895833 0.31696429
vt 0.54895833 0.31696429
vt 0.54895833 0.31696429
vt 0.54895833 0.31696429
vt 0.54895833 0.31696429
vt 0.54895833 0.31696429
vt 0.54895833 0.31696429
vt 0.54895833 0.31696429
vt 0.54895833 0.31696429
vt 0.54895833 0.31696429
vt 0.54895833 0.31696429
vt 0.54895833 0.31696429
vt 0.54895833 0.31696429
vt 0.54895833 0.31696429
vt 0.54895833 0.31696429
vt 0.54895833 0.31696429
vt 0.54895833 0.31696429
vt 0.54895833 0.31696429
vt 0.54895833 0.31696429
vt 0.54895833 0.31696429
vt 0.54895833 0.31696429
vt 0.54895833 0.31696429
vt 0.54895833 0.31696429
vt 0.54895833 0.31696429
vt 0.54895833 0.31696429
vt 0.54895833 0.31696429
vt 0.54895833 0.31696429
vt 0.54895833 0.31696429
vt 0.54895833 0.31696429
vt 0.54895833 0.31696429
vt 0.54895833 0.31696429
vt 0.54895833 0.31696429
vt 0.54895833 0.31696429
vt 0.54895833 0.31696429
vt 0.54895833 0.31696429
vt 0.54895833 0.31696429
vt 0.54895833 0.31696429
vt 0.54895833 0.31696429
vt 0.54895833 0.31696429
vt 0.54895833 0.31696429
vt 0.54895833 0.31696429
vt 0.54895833 0.31696429
vt 0.54895833 0.31696429
vt 0.54895833 0.31696429
vt 0.54895833 0.31696429
vt 0.54895833 0.31696429
vt 0.54895833 0.31696429
vt 0.54895833 0.31696429
vt 0.54895833 0.31696429
vt 0.54895833 0.31696429
vt 0.54895833 0.31696429
vt 0.54895833 0.31696429
vt 0.54895833 0.31696429
vt 0.54895833 0.31696429
vt 0.54895833 0.31696429
vt 0.54895833 0.31696429
vt 0.54895833 0.31696429
vt 0.54895833 0.31696429
vt 0.54895833 0.31696429
vt 0.54895833 0.31696429
vt 0.54895833 0.31696429
vt 0.54895833 0.31696429
vt 0.54895833 0.31696429
vt 0.54895833 0.31696429
vt 0.54895833 0.31696429
vt 0.54895833 0.31696429
vt 0.54895833 0.31696429
vt 0.54895833 0.31696429
vt 0.54895833 0.31696429
vt 0.54895833 0.31696429
vt 0.54895833 0.31696429
vt 0.54895833 0.31696429
vt 0.54895833 0.31696429
vt 0.54895833 0.31696429
vt 0.54895833 0.31696429
vt 0.54895833 0.31696429
vt 0.54895833 0.31696429
vt 0.54895833 0.31696429
vt 0.54895833 0.31696429
vt 0.54895833 0.31696429
vt 0.54895833 0.31696429
vt 0.54895833 0.31696429
vt 0.54895833 0.31696429
vt 0.54895833 0.31696429
vt 0.54895833 0.31696429
vt 0.54895833 0.31696429
vt 0.54895833 0.31696429
vt 0.54895833 0.31696429
vt 0.54895833 0.31696429
vt 0.54895833 0.31696429
vt 0.54895833 0.31696429
vt 0.54895833 0.31696429
vt 0.54895833 0.31696429
vt 0.54895833 0.31696429
vt 0.54895833 0.31696429
vt 0.54895833 0.31696429
vt 0.54895833 0.31696429
vt 0.54895833 0.31696429
vt 0.54895833 0.31696429
vt 0.54895833 0.31696429
vt 0.54895833 0.31696429
vt 0.54895833 0.31696429
vt 0.54895833 0.31696429
vt 0.54895833 0.31696429
vt 0.54895833 0.31696429
vt 0.54895833 0.31696429
vt 0.54895833 0.31696429
vt 0.54895833 0.31696429
vt 0.54895833 0.31696429
vt 0.54895833 0.31696429
vt 0.54895833 0.31696429
vt 0.54895833 0.31696429
vt 0.54895833 0.31696429
vt 0.54895833 0.31696429
vt 0.54895833 0.31696429
vt 0.54895833 0.31696429
vt 0.54895833 0.31696429
vt 0.54895833 0.31696429
vt 0.54895833 0.31696429
vt 0.54895833 0.31696429
vt 0.54895833 0.31696429
vt 0.54895833 0.31696429
vt 0.54895833 0.31696429
vt 0.54895833 0.31696429
vt 0.54895833 0.31696429
vt 0.54895833 0.31696429
vt 0.54895833 0.31696429
vt 0.54895833 0.31696429
vt 0.54895833 0.31696429
vt 0.54895833 0.31696429
vt 0.54895833 0.31696429
vt 0.54895833 0.31696429
vt 0.54895833 0.31696429
vt 0.54895833 0.31696429
vt 0.54895833 0.31696429
vt 0.54895833 0.31696429
vt 0.54895833 0.31696429
vt 0.54895833 0.31696429
vt 0.54895833 0.31696429
vt 0.54895833 0.31696429
vt 0.54895833 0.31696429
vt 0.54895833 0.31696429
vt 0.54895833 0.31696429
vt 0.54895833 0.31696429
vt 0.54895833 0.31696429
vt 0.54895833 0.31696429
vt 0.54895833 0.31696429
vt 0.54895833 0.31696429
vt 0.54895833 0.31696429
vt 0.54895833 0.31696429
vt 0.54895833 0.31696429
vt 0.54895833 0.31696429
vt 0.54895833 0.31696429
vt 0.54895833 0.31696429
vt 0.54895833 0.31696429
vt 0.54895833 0.31696429
vt 0.54895833 0.31696429
vt 0.54895833 0.31696429
vt 0.54895833 0.31696429
vt 0.54895833 0.31696429
vt 0.54895833 0.31696429
vt 0.54895833 0.31696429
vt 0.54895833 0.31696429
vt 0.54895833 0.31696429
vt 0.54895833 0.31696429
vt 0.54895833 0.31696429
vt 0.54895833 0.31696429
vt 0.54895833 0.31696429
vt 0.54895833 0.31696429
vt 0.54895833 0.31696429
vt 0.54895833 0.31696429
vt 0.54895833 0.31696429
vt 0.54895833 0.31696429
vt 0.54895833 0.31696429
vt 0.54895833 0.31696429
vt 0.54895833 0.31696429
vt 0.54895833 0.31696429
vt 0.54895833 0.31696429
vt 0.54895833 0.31696429
vt 0.54895833 0.31696429
vt 0.54895833 0.31696429
vt 0.54895833 0.31696429
vt 0.54895833 0.31696429
vt 0.54895833 0.31696429
vt 0.54895833 0.31696429
vt 0.54895833 0.31696429
vt 0.54895833 0.31696429
vt 0.54895833 0.31696429
vt 0.54895833 0.31696429
vt 0.54895833 0.31696429
vt 0.54895833 0.31696429
vt 0.54895833 0.31696429
vt 0.54895833 0.31696429
vt 0.54895833 0.31696429
vt 0.54895833 0.31696429
vt 0.54895833 0.31696429
vt 0.54895833 0.31696429
vt 0.54895833 0.31696429
vt 0.54895833 0.31696429
vt 0.54895833 0.31696429
vt 0.54895833 0.31696429
vt 0.54895833 0.31696429
vt 0.54895833 0.31696429
vt 0.54895833 0.31696429
vt 0.54895833 0.31696429
vt 0.54895833 0.31696429
vt 0.54895833 0.31696429
vt 0.54895833 0.31696429
vt 0.54895833 0.31696429
vt 0.54895833 0.31696429
vt 0.54895833 0.31696429
vt 0.54895833 0.31696429
vt 0.54895833 0.31696429
vt 0.54895833 0.31696429
vt 0.54895833 0.31696429
vt 0.54895833 0.31696429
vt 0.54895833 0.31696429
vt 0.54895833 0.31696429
vt 0.54895833 0.31696429
vt 0.54895833 0.31696429
vt 0.54895833 0.31696429
vt 0.54895833 0.31696429
vt 0.54895833 0.31696429
vt 0.54895833 0.31696429
vt 0.54895833 0.31696429
vt 0.54895833 0.31696429
vt 0.54895833 0.31696429
vt 0.54895833 0.31696429
vt 0.54895833 0.31696429
vt 0.54895833 0.31696429
vt 0.54895833 0.31696429
vt 0.54895833 0.31696429
vt 0.54895833 0.31696429
vt 0.54895833 0.31696429
vt 0.54895833 0.31696429
vt 0.54895833 0.31696429
vt 0.54895833 0.31696429
vt 0.54895833 0.31696429
vt 0.54895833 0.31696429
vt 0.54895833 0.31696429
vt 0.54895833 0.31696429
vt 0.54895833 0.31696429
vt 0.54895833 0.31696429
vt 0.54895833 0.31696429
vt 0.54895833 0.31696429
vt 0.54895833 0.31696429
vt 0.54895833 0.31696429
vt 0.54895833 0.31696429
vt 0.54895833 0.31696429
vt 0.54895833 0.31696429
vt 0.54895833 0.31696429
vt 0.54895833 0.31696429
vt 0.54895833 0.31696429
vt 0.54895833 0.31696429
vt 0.54895833 0.31696429
vt 0.54895833 0.31696429
vt 0.54895833 0.31696429
vt 0.54895833 0.31696429
vt 0.54895833 0.31696429
vt 0.54895833 0.31696429
vt 0.54895833 0.31696429
vt 0.54895833 0.31696429
vt 0.54895833 0.31696429
vt 0.54895833 0.31696429
vt 0.54895833 0.31696429
vt 0.54895833 0.31696429
vt 0.54895833 0.31696429
vt 0.54895833 0.31696429
vt 0.54895833 0.31696429
vt 0.54895833 0.31696429
vt 0.54895833 0.31696429
vt 0.54895833 0.31696429
vt 0.54895833 0.31696429
vt 0.54895833 0.31696429
vt 0.54895833 0.31696429
vt 0.54895833 0.31696429
vt 0.54895833 0.31696429
vt 0.54895833 0.31696429
vt 0.54895833 0.31696429
vt 0.54895833 0.31696429
vt 0.54895833 0.31696429
vt 0.54895833 0.31696429
vt 0.54895833 0.31696429
vt 0.54895833 0.31696429
vt 0.54895833 0.31696429
vt 0.54895833 0.31696429
vt 0.54895833 0.31696429
vt 0.54895833 0.31696429
vt 0.54895833 0.31696429
vt 0.54895833 0.31696429
vt 0.54895833 0.31696429
vt 0.54895833 0.31696429
vt 0.54895833 0.31696429
vt 0.54895833 0.31696429
vt 0.54895833 0.31696429
vt 0.54895833 0.31696429
vt 0.54895833 0.31696429
vt 0.54895833 0.31696429
vt 0.54895833 0.31696429
vt 0.54895833 0.31696429
vt 0.54895833 0.31696429
vt 0.54895833 0.31696429
vt 0.54895833 0.31696429
vt 0.54895833 0.31696429
vt 0.54895833 0.31696429
vt 0.54895833 0.31696429
vt 0.54895833 0.31696429
vt 0.54895833 0.31696429
vt 0.54895833 0.31696429
vt 0.54895833 0.31696429
vt 0.54895833 0.31696429
vt 0.54895833 0.31696429
vt 0.54895833 0.31696429
vt 0.54895833 0.31696429
vt 0.54895833 0.31696429
vt 0.54895833 0.31696429
vt 0.54895833 0.31696429
vt 0.54895833 0.31696429
vt 0.54895833 0.31696429
vt 0.54895833 0.31696429
vt 0.54895833 0.31696429
vt 0.54895833 0.31696429
vt 0.54895833 0.31696429
vt 0.54895833 0.31696429
vt 0.54895833 0.31696429
vt 0.54895833 0.31696429
vt 0.54895833 0.31696429
vt 0.54895833 0.31696429
vt 0.54895833 0.31696429
vt 0.54895833 0.31696429
vt 0.54895833 0.31696429
vt 0.54895833 0.31696429
vt 0.54895833 0.31696429
vt 0.54895833 0.31696429
vt 0.54895833 0.31696429
vt 0.54895833 0.31696429
vt 0.54895833 0.31696429
vt 0.54895833 0.31696429
vt 0.54895833 0.31696429
vt 0.54895833 0.31696429
vt 0.54895833 0.31696429
vt 0.54895833 0.31696429
vt 0.54895833 0.31696429
vt 0.54895833 0.31696429
vt 0.54895833 0.31696429
vt 0.54895833 0.31696429
vt 0.54895833 0.31696429
vt 0.54895833 0.31696429
vt 0.54895833 0.31696429
vt 0.54895833 0.31696429
vt 0.54895833 0.31696429
vt 0.54895833 0.31696429
vt 0.54895833 0.31696429
vt 0.54895833 0.31696429
vt 0.54895833 0.31696429
vt 0.54895833 0.31696429
vt 0.54895833 0.31696429
vt 0.54895833 0.31696429
vt 0.54895833 0.31696429
vt 0.54895833 0.31696429
vt 0.54895833 0.31696429
vt 0.54895833 0.31696429
vt 0.54895833 0.31696429
vt 0.54895833 0.31696429
vt 0.54895833 0.31696429
vt 0.54895833 0.31696429
vt 0.54895833 0.31696429
vt 0.54895833 0.31696429
vt 0.54895833 0.31696429
vt 0.54895833 0.31696429
vt 0.54895833 0.31696429
vt 0.54895833 0.31696429
vt 0.54895833 0.31696429
vt 0.54895833 0.31696429
vt 0.54895833 0.31696429
vt 0.54895833 0.31696429
vt 0.54895833 0.31696429
vt 0.54895833 0.31696429
vt 0.54895833 0.31696429
vt 0.54895833 0.31696429
vt 0.54895833 0.31696429
vt 0.54895833 0.31696429
vt 0.54895833 0.31696429
vt 0.54895833 0.31696429
vt 0.54895833 0.31696429
vt 0.54895833 0.31696429
vt 0.54895833 0.31696429
vt 0.54895833 0.31696429
vt 0.54895833 0.31696429
vt 0.54895833 0.31696429
vt 0.54895833 0.31696429
vt 0.54895833 0.31696429
vt 0.54895833 0.31696429
vt 0.54895833 0.31696429
vt 0.54895833 0.31696429
vt 0.54895833 0.31696429
vt 0.54895833 0.31696429
vt 0.54895833 0.31696429
vt 0.54895833 0.31696429
vt 0.54895833 0.31696429
vt 0.54895833 0.31696429
vt 0.54895833 0.31696429
vt 0.54895833 0.31696429
vt 0.54895833 0.31696429
vt 0.54895833 0.31696429
vt 0.54895833 0.31696429
vt 0.54895833 0.31696429
vt 0.54895833 0.31696429
vt 0.54895833 0.31696429
vt 0.54895833 0.31696429
vt 0.54895833 0.31696429
vt 0.54895833 0.31696429
vt 0.54895833 0.31696429
vt 0.54895833 0.31696429
vt 0.54895833 0.31696429
vt 0.54895833 0.31696429
vt 0.54895833 0.31696429
vt 0.54895833 0.31696429
vt 0.54895833 0.31696429
vt 0.54895833 0.31696429
vt 0.54895833 0.31696429
vt 0.54895833 0.31696429
vt 0.54895833 0.31696429
vt 0.54895833 0.31696429
vt 0.54895833 0.31696429
vt 0.54895833 0.31696429
vt 0.54895833 0.31696429
vt 0.54895833 0.31696429
vt 0.54895833 0.31696429
vt 0.54895833 0.31696429
vt 0.54895833 0.31696429
vt 0.54895833 0.31696429
vt 0.54895833 0.31696429
vt 0.54895833 0.31696429
vt 0.54895833 0.31696429
vt 0.54895833 0.31696429
vt 0.54895833 0.31696429
vt 0.54895833 0.31696429
vt 0.54895833 0.31696429
vt 0.54895833 0.31696429
vt 0.54895833 0.31696429
vt 0.54895833 0.31696429
vt 0.54895833 0.31696429
vt 0.54895833 0.31696429
vt 0.54895833 0.31696429
vt 0.54895833 0.31696429
vt 0.54895833 0.31696429
vt 0.54895833 0.31696429
vt 0.54895833 0.31696429
vt 0.54895833 0.31696429
vt 0.54895833 0.31696429
vt 0.54895833 0.31696429
vt 0.54895833 0.31696429
vt 0.54895833 0.31696429
vt 0.54895833 0.31696429
vt 0.54895833 0.31696429
vt 0.54895833 0.31696429
vt 0.54895833 0.31696429
vt 0.54895833 0.31696429
vt 0.54895833 0.31696429
vt 0.54895833 0.31696429
vt 0.54895833 0.31696429
vt 0.54895833 0.31696429
vt 0.54895833 0.31696429
vt 0.54895833 0.31696429
vt 0.54895833 0.31696429
vt 0.54895833 0.31696429
vt 0.54895833 0.31696429
vt 0.54895833 0.31696429
vt 0.54895833 0.31696429
vt 0.54895833 0.31696429
vt 0.54895833 0.31696429
vt 0.54895833 0.31696429
vt 0.54895833 0.31696429
vt 0.54895833 0.31696429
vt 0.54895833 0.31696429
vt 0.54895833 0.31696429
vt 0.54895833 0.31696429
vt 0.54895833 0.31696429
vt 0.54895833 0.31696429
vt 0.54895833 0.31696429
vt 0.54895833 0.31696429
vt 0.54895833 0.31696429
vt 0.54895833 0.31696429
vt 0.54895833 0.31696429
vt 0.54895833 0.31696429
vt 0.54895833 0.31696429
vt 0.54895833 0.31696429
vt 0.54895833 0.31696429
vt 0.54895833 0.31696429
vt 0.54895833 0.31696429
vt 0.54895833 0.31696429
vt 0.54895833 0.31696429
vt 0.54895833 0.31696429
vt 0.54895833 0.31696429
vt 0.54895833 0.31696429
vt 0.54895833 0.31696429
vt 0.54895833 0.31696429
vt 0.54895833 0.31696429
vt 0.54895833 0.31696429
vt 0.54895833 0.31696429
vt 0.54895833 0.31696429
vt 0.54895833 0.31696429
vt 0.54895833 0.31696429
vt 0.54895833 0.31696429
vt 0.54895833 0.31696429
vt 0.54895833 0.31696429
vt 0.54895833 0.31696429
vt 0.54895833 0.31696429
vt 0.54895833 0.31696429
vt 0.54895833 0.31696429
vt 0.54895833 0.31696429
vt 0.54895833 0.31696429
vt 0.54895833 0.31696429
vt 0.54895833 0.31696429
vt 0.14895833 0.31696429
vt 0.14895833 0.31696429
vt 0.14895833 0.31696429
vt 0.14895833 0.31696429
vt 0.14895833 0.31696429
vt 0.14895833 0.31696429
vt 0.14895833 0.31696429
vt 0.14895833 0.31696429
vt 0.14895833 0.31696429
vt 0.14895833 0.31696429
vt 0.14895833 0.31696429
vt 0.14895833 0.31696429
vt 0.14895833 0.31696429
vt 0.14895833 0.31696429
vt 0.14895833 0.31696429
vt 0.14895833 0.31696429
vt 0.14895833 0.31696429
vt 0.14895833 0.31696429
vt 0.14895833 0.31696429
vt 0.14895833 0.31696429
vt 0.14895833 0.31696429
vt 0.14895833 0.31696429
vt 0.14895833 0.31696429
vt 0.14895833 0.31696429
vt 0.14895833 0.31696429
vt 0.14895833 0.31696429
vt 0.14895833 0.31696429
vt 0.14895833 0.31696429
vt 0.14895833 0.31696429
vt 0.14895833 0.31696429
vt 0.14895833 0.31696429
vt 0.14895833 0.31696429
vt 0.14895833 0.31696429
vt 0.14895833 0.31696429
vt 0.14895833 0.31696429
vt 0.14895833 0.31696429
vt 0.14895833 0.31696429
vt 0.14895833 0.31696429
vt 0.14895833 0.31696429
vt 0.14895833 0.31696429
vt 0.14895833 0.31696429
vt 0.14895833 0.31696429
vt 0.14895833 0.31696429
vt 0.14895833 0.31696429
vt 0.14895833 0.31696429
vt 0.14895833 0.31696429
vt 0.14895833 0.31696429
vt 0.14895833 0.31696429
vt 0.14895833 0.31696429
vt 0.14895833 0.31696429
vt 0.14895833 0.31696429
vt 0.14895833 0.31696429
vt 0.14895833 0.31696429
vt 0.14895833 0.31696429
vt 0.14895833 0.31696429
vt 0.14895833 0.31696429
vt 0.14895833 0.31696429
vt 0.14895833 0.31696429
vt 0.14895833 0.31696429
vt 0.14895833 0.31696429
vt 0.14895833 0.31696429
vt 0.14895833 0.31696429
vt 0.14895833 0.31696429
vt 0.14895833 0.31696429
vt 0.14895833 0.31696429
vt 0.14895833 0.31696429
vt 0.14895833 0.31696429
vt 0.14895833 0.31696429
vt 0.14895833 0.31696429
vt 0.14895833 0.31696429
vt 0.14895833 0.31696429
vt 0.14895833 0.31696429
vt 0.14895833 0.31696429
vt 0.14895833 0.31696429
vt 0.14895833 0.31696429
vt 0.14895833 0.31696429
vt 0.14895833 0.31696429
vt 0.14895833 0.31696429
vt 0.14895833 0.31696429
vt 0.14895833 0.31696429
vt 0.14895833 0.31696429
vt 0.14895833 0.31696429
vt 0.14895833 0.31696429
vt 0.14895833 0.31696429
vt 0.14895833 0.31696429
vt 0.14895833 0.31696429
vt 0.14895833 0.31696429
vt 0.14895833 0.31696429
vt 0.14895833 0.31696429
vt 0.14895833 0.31696429
vt 0.14895833 0.31696429
vt 0.14895833 0.31696429
vt 0.14895833 0.31696429
vt 0.14895833 0.31696429
vt 0.14895833 0.31696429
vt 0.14895833 0.31696429
vt 0.14895833 0.31696429
vt 0.14895833 0.31696429
vt 0.14895833 0.31696429
vt 0.14895833 0.31696429
vt 0.14895833 0.31696429
vt 0.14895833 0.31696429
vt 0.14895833 0.31696429
vt 0.14895833 0.31696429
vt 0.14895833 0.31696429
vt 0.14895833 0.31696429
vt 0.14895833 0.31696429
vt 0.14895833 0.31696429
vt 0.14895833 0.31696429
vt 0.14895833 0.31696429
vt 0.14895833 0.31696429
vt 0.14895833 0.31696429
vt 0.14895833 0.31696429
vt 0.14895833 0.31696429
vt 0.14895833 0.31696429
vt 0.14895833 0.31696429
vt 0.14895833 0.31696429
vt 0.14895833 0.31696429
vt 0.14895833 0.31696429
vt 0.14895833 0.31696429
vt 0.14895833 0.31696429
vt 0.14895833 0.31696429
vt 0.14895833 0.31696429
vt 0.14895833 0.31696429
vt 0.14895833 0.31696429
vt 0.14895833 0.31696429
vt 0.14895833 0.31696429
vt 0.14895833 0.31696429
vt 0.14895833 0.31696429
vt 0.14895833 0.31696429
vt 0.14895833 0.31696429
vt 0.14895833 0.31696429
vt 0.14895833 0.31696429
vt 0.14895833 0.31696429
vt 0.14895833 0.31696429
vt 0.14895833 0.31696429
vt 0.14895833 0.31696429
vt 0.14895833 0.31696429
vt 0.14895833 0.31696429
vt 0.14895833 0.31696429
vt 0.14895833 0.31696429
vt 0.14895833 0.31696429
vt 0.14895833 0.31696429
vt 0.14895833 0.31696429
vt 0.14895833 0.31696429
vt 0.14895833 0.31696429
vt 0.14895833 0.31696429
vt 0.14895833 0.31696429
vt 0.14895833 0.31696429
vt 0.14895833 0.31696429
vt 0.14895833 0.31696429
vt 0.14895833 0.31696429
vt 0.14895833 0.31696429
vt 0.14895833 0.31696429
vt 0.14895833 0.31696429
vt 0.14895833 0.31696429
vt 0.14895833 0.31696429
vt 0.14895833 0.31696429
vt 0.14895833 0.31696429
vt 0.14895833 0.31696429
vt 0.14895833 0.31696429
vt 0.14895833 0.31696429
vt 0.14895833 0.31696429
vt 0.14895833 0.31696429
vt 0.14895833 0.31696429
vt 0.14895833 0.31696429
vt 0.14895833 0.31696429
vt 0.14895833 0.31696429
vt 0.14895833 0.31696429
vt 0.14895833 0.31696429
vt 0.14895833 0.31696429
vt 0.14895833 0.31696429
vt 0.14895833 0.31696429
vt 0.14895833 0.31696429
vt 0.14895833 0.31696429
vt 0.14895833 0.31696429
vt 0.14895833 0.31696429
vt 0.14895833 0.31696429
vt 0.14895833 0.31696429
vt 0.14895833 0.31696429
vt 0.14895833 0.31696429
vt 0.14895833 0.31696429
vt 0.14895833 0.31696429
vt 0.14895833 0.31696429
vt 0.14895833 0.31696429
vt 0.14895833 0.31696429
vt 0.14895833 0.31696429
vt 0.14895833 0.31696429
vt 0.14895833 0.31696429
vt 0.14895833 0.31696429
vt 0.14895833 0.31696429
vt 0.14895833 0.31696429
vt 0.14895833 0.31696429
vt 0.14895833 0.31696429
vt 0.14895833 0.31696429
vt 0.14895833 0.31696429
vt 0.14895833 0.31696429
vt 0.14895833 0.31696429
vt 0.14895833 0.31696429
vt 0.14895833 0.31696429
vt 0.14895833 0.31696429
vt 0.14895833 0.31696429
vt 0.14895833 0.31696429
vt 0.14895833 0.31696429
vt 0.14895833 0.31696429
vt 0.14895833 0.31696429
vt 0.14895833 0.31696429
vt 0.14895833 0.31696429
vt 0.14895833 0.31696429
vt 0.14895833 0.31696429
vt 0.14895833 0.31696429
vt 0.14895833 0.31696429
vt 0.14895833 0.31696429
vt 0.14895833 0.31696429
vt 0.14895833 0.31696429
vt 0.14895833 0.31696429
vt 0.14895833 0.31696429
vt 0.14895833 0.31696429
vt 0.14895833 0.31696429
vt 0.14895833 0.31696429
vt 0.14895833 0.31696429
vt 0.14895833 0.31696429
vt 0.14895833 0.31696429
vt 0.14895833 0.31696429
vt 0.14895833 0.31696429
vt 0.14895833 0.31696429
vt 0.14895833 0.31696429
vt 0.14895833 0.31696429
vt 0.14895833 0.31696429
vt 0.14895833 0.31696429
vt 0.14895833 0.31696429
vt 0.14895833 0.31696429
vt 0.14895833 0.31696429
vt 0.14895833 0.31696429
vt 0.14895833 0.31696429
vt 0.14895833 0.31696429
vt 0.14895833 0.31696429
vt 0.14895833 0.31696429
vt 0.14895833 0.31696429
vt 0.14895833 0.31696429
vt 0.14895833 0.31696429
vt 0.14895833 0.31696429
vt 0.14895833 0.31696429
vt 0.14895833 0.31696429
vt 0.14895833 0.31696429
vt 0.14895833 0.31696429
vt 0.14895833 0.31696429
vt 0.14895833 0.31696429
vt 0.14895833 0.31696429
vt 0.14895833 0.31696429
vt 0.14895833 0.31696429
vt 0.14895833 0.31696429
vt 0.14895833 0.31696429
vt 0.14895833 0.31696429
vt 0.14895833 0.31696429
vt 0.14895833 0.31696429
vt 0.14895833 0.31696429
vt 0.14895833 0.31696429
vt 0.14895833 0.31696429
vt 0.14895833 0.31696429
vt 0.14895833 0.31696429
vt 0.14895833 0.31696429
vt 0.14895833 0.31696429
vt 0.14895833 0.31696429
vt 0.14895833 0.31696429
vt 0.14895833 0.31696429
vt 0.14895833 0.31696429
vt 0.14895833 0.31696429
vt 0.14895833 0.31696429
vt 0.14895833 0.31696429
vt 0.14895833 0.31696429
vt 0.14895833 0.31696429
vt 0.14895833 0.31696429
vt 0.14895833 0.31696429
vt 0.14895833 0.31696429
vt 0.14895833 0.31696429
vt 0.14895833 0.31696429
vt 0.14895833 0.31696429
vt 0.14895833 0.31696429
vt 0.14895833 0.31696429
vt 0.14895833 0.31696429
vt 0.14895833 0.31696429
vt 0.14895833 0.31696429
vt 0.14895833 0.31696429
vt 0.14895833 0.31696429
vt 0.14895833 0.31696429
vt 0.14895833 0.31696429
vt 0.14895833 0.31696429
vt 0.14895833 0.31696429
vt 0.14895833 0.31696429
vt 0.14895833 0.31696429
vt 0.14895833 0.31696429
vt 0.14895833 0.31696429
vt 0.14895833 0.31696429
vt 0.14895833 0.31696429
vt 0.14895833 0.31696429
vt 0.14895833 0.31696429
vt 0.14895833 0.31696429
vt 0.14895833 0.31696429
vt 0.14895833 0.31696429
vt 0.14895833 0.31696429
vt 0.14895833 0.31696429
vt 0.14895833 0.31696429
vt 0.14895833 0.31696429
vt 0.14895833 0.31696429
vt 0.14895833 0.31696429
vt 0.14895833 0.31696429
vt 0.14895833 0.31696429
vt 0.14895833 0.31696429
vt 0.14895833 0.31696429
vt 0.14895833 0.31696429
vt 0.14895833 0.31696429
vt 0.14895833 0.31696429
vt 0.14895833 0.31696429
vt 0.14895833 0.31696429
vt 0.14895833 0.31696429
vt 0.14895833 0.31696429
vt 0.14895833 0.31696429
vt 0.14895833 0.31696429
vt 0.14895833 0.31696429
vt 0.14895833 0.31696429
vt 0.14895833 0.31696429
vt 0.14895833 0.31696429
vt 0.14895833 0.31696429
vt 0.14895833 0.31696429
vt 0.14895833 0.31696429
vt 0.14895833 0.31696429
vt 0.14895833 0.31696429
vt 0.14895833 0.31696429
vt 0.14895833 0.31696429
vt 0.14895833 0.31696429
vt 0.14895833 0.31696429
vt 0.14895833 0.31696429
vt 0.14895833 0.31696429
vt 0.14895833 0.31696429
vt 0.14895833 0.31696429
vt 0.14895833 0.31696429
vt 0.14895833 0.31696429
vt 0.14895833 0.31696429
vt 0.14895833 0.31696429
vt 0.14895833 0.31696429
vt 0.14895833 0.31696429
vt 0.14895833 0.31696429
vt 0.14895833 0.31696429
vt 0.14895833 0.31696429
vt 0.14895833 0.31696429
vt 0.14895833 0.31696429
vt 0.14895833 0.31696429
vt 0.14895833 0.31696429
vt 0.14895833 0.31696429
vt 0.14895833 0.31696429
vt 0.14895833 0.31696429
vt 0.14895833 0.31696429
vt 0.14895833 0.31696429
vt 0.14895833 0.31696429
vt 0.14895833 0.31696429
vt 0.14895833 0.31696429
vt 0.14895833 0.31696429
vt 0.14895833 0.31696429
vt 0.14895833 0.31696429
vt 0.14895833 0.31696429
vt 0.14895833 0.31696429
vt 0.14895833 0.31696429
vt 0.14895833 0.31696429
vt 0.14895833 0.31696429
vt 0.14895833 0.31696429
vt 0.14895833 0.31696429
vt 0.14895833 0.31696429
vt 0.14895833 0.31696429
vt 0.14895833 0.31696429
vt 0.14895833 0.31696429
vt 0.14895833 0.31696429
vt 0.14895833 0.31696429
vt 0.14895833 0.31696429
vt 0.14895833 0.31696429
vt 0.14895833 0.31696429
vt 0.14895833 0.31696429
vt 0.14895833 0.31696429
vt 0.14895833 0.31696429
vt 0.14895833 0.31696429
vt 0.14895833 0.31696429
vt 0.14895833 0.31696429
vt 0.14895833 0.31696429
vt 0.14895833 0.31696429
vt 0.14895833 0.31696429
vt 0.14895833 0.31696429
vt 0.14895833 0.31696429
vt 0.14895833 0.31696429
vt 0.14895833 0.31696429
vt 0.14895833 0.31696429
vt 0.14895833 0.31696429
vt 0.14895833 0.31696429
vt 0.14895833 0.31696429
vt 0.14895833 0.31696429
vt 0.14895833 0.31696429
vt 0.14895833 0.31696429
vt 0.14895833 0.31696429
vt 0.14895833 0.31696429
vt 0.14895833 0.31696429
vt 0.14895833 0.31696429
vt 0.14895833 0.31696429
vt 0.14895833 0.31696429
vt 0.14895833 0.31696429
vt 0.14895833 0.31696429
vt 0.14895833 0.31696429
vt 0.14895833 0.31696429
vt 0.14895833 0.31696429
vt 0.14895833 0.31696429
vt 0.14895833 0.31696429
vt 0.14895833 0.31696429
vt 0.14895833 0.31696429
vt 0.14895833 0.31696429
vt 0.14895833 0.31696429
vt 0.14895833 0.31696429
vt 0.14895833 0.31696429
vt 0.14895833 0.31696429
vt 0.14895833 0.31696429
vt 0.14895833 0.31696429
vt 0.14895833 0.31696429
vt 0.14895833 0.31696429
vt 0.14895833 0.31696429
vt 0.14895833 0.31696429
vt 0.14895833 0.31696429
vt 0.14895833 0.31696429
vt 0.14895833 0.31696429
vt 0.14895833 0.31696429
vt 0.14895833 0.31696429
vt 0.14895833 0.31696429
vt 0.14895833 0.31696429
vt 0.14895833 0.31696429
vt 0.14895833 0.31696429
vt 0.14895833 0.31696429
vt 0.14895833 0.31696429
vt 0.14895833 0.31696429
vt 0.14895833 0.31696429
vt 0.14895833 0.31696429
vt 0.14895833 0.31696429
vt 0.14895833 0.31696429
vt 0.14895833 0.31696429
vt 0.14895833 0.31696429
vt 0.14895833 0.31696429
vt 0.14895833 0.31696429
vt 0.14895833 0.31696429
vt 0.14895833 0.31696429
vt 0.14895833 0.31696429
vt 0.14895833 0.31696429
vt 0.14895833 0.31696429
vt 0.14895833 0.31696429
vt 0.14895833 0.31696429
vt 0.14895833 0.31696429
vt 0.14895833 0.31696429
vt 0.14895833 0.31696429
vt 0.14895833 0.31696429
vt 0.14895833 0.31696429
vt 0.14895833 0.31696429
vt 0.14895833 0.31696429
vt 0.14895833 0.31696429
vt 0.14895833 0.31696429
vt 0.14895833 0.31696429
vt 0.14895833 0.31696429
vt 0.14895833 0.31696429
vt 0.14895833 0.31696429
vt 0.14895833 0.31696429
vt 0.14895833 0.31696429
vt 0.14895833 0.31696429
vt 0.14895833 0.31696429
vt 0.14895833 0.31696429
vt 0.14895833 0.31696429
vt 0.14895833 0.31696429
vt 0.14895833 0.31696429
vt 0.14895833 0.31696429
vt 0.14895833 0.31696429
vt 0.14895833 0.31696429
vt 0.14895833 0.31696429
vt 0.14895833 0.31696429
vt 0.14895833 0.31696429
vt 0.14895833 0.31696429
vt 0.14895833 0.31696429
vt 0.14895833 0.31696429
vt 0.14895833 0.31696429
vt 0.14895833 0.31696429
vt 0.14895833 0.31696429
vt 0.14895833 0.31696429
vt 0.14895833 0.31696429
vt 0.14895833 0.31696429
vt 0.14895833 0.31696429
vt 0.14895833 0.31696429
vt 0.14895833 0.31696429
vt 0.14895833 0.31696429
vt 0.14895833 0.31696429
vt 0.14895833 0.31696429
vt 0.14895833 0.31696429
vt 0.14895833 0.31696429
vt 0.14895833 0.31696429
vt 0.14895833 0.31696429
vt 0.14895833 0.31696429
vt 0.14895833 0.31696429
vt 0.14895833 0.31696429
vt 0.14895833 0.31696429
vt 0.14895833 0.31696429
vt 0.14895833 0.31696429
vt 0.14895833 0.31696429
vt 0.14895833 0.31696429
vt 0.14895833 0.31696429
vt 0.14895833 0.31696429
vt 0.14895833 0.31696429
vt 0.14895833 0.31696429
vt 0.14895833 0.31696429
vt 0.14895833 0.31696429
vt 0.14895833 0.31696429
vt 0.14895833 0.31696429
vt 0.14895833 0.31696429
vt 0.14895833 0.31696429
vt 0.14895833 0.31696429
vt 0.14895833 0.31696429
vt 0.14895833 0.31696429
vt 0.14895833 0.31696429
vt 0.14895833 0.31696429
vt 0.14895833 0.31696429
vt 0.14895833 0.31696429
vt 0.14895833 0.31696429
vt 0.14895833 0.31696429
vt 0.14895833 0.31696429
vt 0.14895833 0.31696429
vt 0.14895833 0.31696429
vt 0.14895833 0.31696429
vt 0.14895833 0.31696429
vt 0.14895833 0.31696429
vt 0.14895833 0.31696429
vt 0.14895833 0.31696429
vt 0.14895833 0.31696429
vt 0.14895833 0.31696429
vt 0.14895833 0.31696429
vt 0.14895833 0.31696429
vt 0.14895833 0.31696429
vt 0.14895833 0.31696429
vt 0.14895833 0.31696429
vt 0.14895833 0.31696429
vt 0.14895833 0.31696429
vt 0.14895833 0.31696429
vt 0.14895833 0.31696429
vt 0.14895833 0.31696429
vt 0.14895833 0.31696429
vt 0.14895833 0.31696429
vt 0.14895833 0.31696429
vt 0.14895833 0.31696429
vt 0.14895833 0.31696429
vt 0.14895833 0.31696429
vt 0.14895833 0.31696429
vt 0.14895833 0.31696429
vt 0.14895833 0.31696429
vt 0.14895833 0.31696429
vt 0.14895833 0.31696429
vt 0.14895833 0.31696429
vt 0.14895833 0.31696429
vt 0.14895833 0.31696429
vt 0.14895833 0.31696429
vt 0.14895833 0.31696429
vt 0.14895833 0.31696429
vt 0.14895833 0.31696429
vt 0.14895833 0.31696429
vt 0.14895833 0.31696429
vt 0.14895833 0.31696429
vt 0.14895833 0.31696429
vt 0.14895833 0.31696429
vt 0.14895833 0.31696429
vt 0.14895833 0.31696429
vt 0.14895833 0.31696429
vt 0.14895833 0.31696429
vt 0.14895833 0.31696429
vt 0.14895833 0.31696429
vt 0.14895833 0.31696429
vt 0.14895833 0.31696429
vt 0.14895833 0.31696429
vt 0.14895833 0.31696429
vt 0.14895833 0.31696429
vt 0.14895833 0.31696429
vt 0.14895833 0.31696429
vt 0.14895833 0.31696429
vt 0.14895833 0.31696429
vt 0.14895833 0.31696429
vt 0.14895833 0.31696429
vt 0.14895833 0.31696429
vt 0.14895833 0.31696429
vt 0.14895833 0.31696429
vt 0.14895833 0.31696429
vt 0.14895833 0.31696429
vt 0.14895833 0.31696429
vt 0.14895833 0.31696429
vt 0.14895833 0.31696429
vt 0.14895833 0.31696429
vt 0.14895833 0.31696429
vt 0.14895833 0.31696429
vt 0.14895833 0.31696429
vt 0.14895833 0.31696429
vt 0.14895833 0.31696429
vt 0.14895833 0.31696429
vt 0.14895833 0.31696429
vt 0.14895833 0.31696429
vt 0.14895833 0.31696429
vt 0.14895833 0.31696429
vt 0.14895833 0.31696429
vt 0.14895833 0.31696429
vt 0.14895833 0.31696429
vt 0.14895833 0.31696429
vt 0.14895833 0.31696429
vt 0.14895833 0.31696429
vt 0.14895833 0.31696429
vt 0.14895833 0.31696429
vt 0.14895833 0.31696429
vt 0.14895833 0.31696429
vt 0.14895833 0.31696429
vt 0.14895833 0.31696429
vt 0.14895833 0.31696429
vt 0.14895833 0.31696429
vt 0.14895833 0.31696429
vt 0.14895833 0.31696429
vt 0.14895833 0.31696429
vt 0.14895833 0.31696429
vt 0.14895833 0.31696429
vt 0.14895833 0.31696429
vt 0.14895833 0.31696429
vt 0.14895833 0.31696429
vt 0.14895833 0.31696429
vt 0.14895833 0.31696429
vt 0.14895833 0.31696429
vt 0.14895833 0.31696429
vt 0.14895833 0.31696429
vt 0.14895833 0.31696429
vt 0.14895833 0.31696429
vt 0.14895833 0.31696429
vt 0.14895833 0.31696429
vt 0.14895833 0.31696429
vt 0.14895833 0.31696429
vt 0.14895833 0.31696429
vt 0.14895833 0.31696429
vt 0.14895833 0.31696429
vt 0.14895833 0.31696429
vt 0.14895833 0.31696429
vt 0.14895833 0.31696429
vt 0.14895833 0.31696429
vt 0.14895833 0.31696429
vt 0.14895833 0.31696429
vt 0.14895833 0.31696429
vt 0.14895833 0.31696429
vt 0.14895833 0.31696429
vt 0.14895833 0.31696429
vt 0.14895833 0.31696429
vt 0.14895833 0.31696429
vt 0.14895833 0.31696429
vt 0.14895833 0.31696429
vt 0.14895833 0.31696429
vt 0.14895833 0.31696429
vt 0.14895833 0.31696429
vt 0.14895833 0.31696429
vt 0.14895833 0.31696429
vt 0.14895833 0.31696429
vt 0.14895833 0.31696429
vt 0.14895833 0.31696429
vt 0.14895833 0.31696429
vt 0.14895833 0.31696429
vt 0.14895833 0.31696429
vt 0.14895833 0.31696429
vt 0.14895833 0.31696429
vt 0.14895833 0.31696429
vt 0.14895833 0.31696429
vt 0.14895833 0.31696429
vt 0.14895833 0.31696429
vt 0.14895833 0.31696429
vt 0.14895833 0.31696429
vt 0.14895833 0.31696429
vt 0.14895833 0.31696429
vt 0.14895833 0.31696429
vt 0.14895833 0.31696429
vt 0.14895833 0.31696429
vt 0.14895833 0.31696429
vt 0.14895833 0.31696429
vt 0.14895833 0.31696429
vt 0.14895833 0.31696429
vt 0.14895833 0.31696429
vt 0.14895833 0.31696429
vt 0.14895833 0.31696429
vt 0.14895833 0.31696429
vt 0.14895833 0.31696429
vt 0.14895833 0.31696429
vt 0.14895833 0.31696429
vt 0.14895833 0.31696429
vt 0.14895833 0.31696429
vt 0.14895833 0.31696429
vt 0.14895833 0.31696429
vt 0.14895833 0.31696429
vt 0.14895833 0.31696429
vt 0.14895833 0.31696429
vt 0.14895833 0.31696429
vt 0.14895833 0.31696429
vt 0.14895833 0.31696429
vt 0.14895833 0.31696429
vt 0.14895833 0.31696429
vt 0.14895833 0.31696429
vt 0.14895833 0.31696429
vt 0.14895833 0.31696429
vt 0.14895833 0.31696429
vt 0.14895833 0.31696429
vt 0.14895833 0.31696429
vt 0.14895833 0.31696429
vt 0.14895833 0.31696429
vt 0.14895833 0.31696429
vt 0.14895833 0.31696429
vt 0.14895833 0.31696429
vt 0.14895833 0.31696429
vt 0.14895833 0.31696429
vt 0.14895833 0.31696429
vt 0.14895833 0.31696429
vt 0.14895833 0.31696429
vt 0.14895833 0.31696429
vt 0.14895833 0.31696429
vt 0.14895833 0.31696429
vt 0.14895833 0.31696429
vt 0.14895833 0.31696429
vt 0.14895833 0.31696429
vt 0.14895833 0.31696429
vt 0.14895833 0.31696429
vt 0.14895833 0.31696429
vt 0.14895833 0.31696429
vt 0.14895833 0.31696429
vt 0.14895833 0.31696429
vt 0.14895833 0.31696429
vt 0.14895833 0.31696429
vt 0.14895833 0.31696429
vt 0.14895833 0.31696429
vt 0.14895833 0.31696429
vt 0.14895833 0.31696429
vt 0.14895833 0.31696429
vt 0.14895833 0.31696429
vt 0.14895833 0.31696429
vt 0.14895833 0.31696429
vt 0.14895833 0.31696429
vt 0.14895833 0.31696429
vt 0.14895833 0.31696429
vt 0.14895833 0.31696429
vt 0.14895833 0.31696429
vt 0.14895833 0.31696429
vt 0.14895833 0.31696429
vt 0.14895833 0.31696429
vt 0.14895833 0.31696429
vt 0.14895833 0.31696429
vt 0.14895833 0.31696429
vt 0.14895833 0.31696429
vt 0.14895833 0.31696429
vt 0.14895833 0.31696429
vt 0.14895833 0.31696429
vt 0.14895833 0.31696429
vt 0.14895833 0.31696429
vt 0.14895833 0.31696429
vt 0.14895833 0.31696429
vt 0.14895833 0.31696429
vt 0.14895833 0.31696429
vt 0.14895833 0.31696429
vt 0.14895833 0.31696429
vt 0.14895833 0.31696429
vt 0.14895833 0.31696429
vt 0.14895833 0.31696429
vt 0.14895833 0.31696429
vt 0.14895833 0.31696429
vt 0.14895833 0.31696429
vt 0.14895833 0.31696429
vt 0.14895833 0.31696429
vt 0.14895833 0.31696429
vt 0.14895833 0.31696429
vt 0.14895833 0.31696429
vt 0.14895833 0.31696429
vt 0.14895833 0.31696429
vt 0.14895833 0.31696429
vt 0.14895833 0.31696429
vt 0.14895833 0.31696429
vt 0.14895833 0.31696429
vt 0.14895833 0.31696429
vt 0.14895833 0.31696429
vt 0.14895833 0.31696429
vt 0.14895833 0.31696429
vt 0.14895833 0.31696429
vt 0.14895833 0.31696429
vt 0.14895833 0.31696429
vt 0.14895833 0.31696429
vt 0.14895833 0.31696429
vt 0.14895833 0.31696429
vt 0.14895833 0.31696429
vt 0.14895833 0.31696429
vt 0.14895833 0.31696429
vt 0.14895833 0.31696429
vt 0.14895833 0.31696429
vt 0.14895833 0.31696429
vt 0.14895833 0.31696429
vt 0.14895833 0.31696429
vt 0.14895833 0.31696429
vt 0.14895833 0.31696429
vt 0.14895833 0.31696429
vt 0.14895833 0.31696429
vt 0.14895833 0.31696429
vt 0.14895833 0.31696429
vt 0.14895833 0.31696429
vt 0.14895833 0.31696429
vt 0.14895833 0.31696429
vt 0.14895833 0.31696429
vt 0.14895833 0.31696429
vt 0.14895833 0.31696429
vt 0.14895833 0.31696429
vt 0.14895833 0.31696429
vt 0.14895833 0.31696429
vt 0.14895833 0.31696429
vt 0.14895833 0.31696429
vt 0.14895833 0.31696429
vt 0.14895833 0.31696429
vt 0.14895833 0.31696429
vt 0.14895833 0.31696429
vt 0.14895833 0.31696429
vt 0.14895833 0.31696429
vt 0.14895833 0.31696429
vt 0.14895833 0.31696429
vt 0.14895833 0.31696429
vt 0.14895833 0.31696429
vt 0.14895833 0.31696429
vt 0.14895833 0.31696429
vt 0.14895833 0.31696429
vt 0.14895833 0.31696429
vt 0.14895833 0.31696429
vt 0.14895833 0.31696429
vt 0.14895833 0.31696429
vt 0.14895833 0.31696429
vt 0.14895833 0.31696429
vt 0.14895833 0.31696429
vt 0.14895833 0.31696429
vt 0.14895833 0.31696429
vt 0.14895833 0.31696429
vt 0.14895833 0.31696429
vt 0.14895833 0.31696429
vt 0.14895833 0.31696429
vt 0.14895833 0.31696429
vt 0.14895833 0.31696429
vt 0.14895833 0.31696429
vt 0.14895833 0.31696429
vt 0.14895833 0.31696429
vt 0.14895833 0.31696429
vt 0.14895833 0.31696429
vt 0.14895833 0.31696429
vt 0.14895833 0.31696429
vt 0.14895833 0.31696429
vt 0.14895833 0.31696429
vt 0.14895833 0.31696429
vt 0.14895833 0.31696429
vt 0.14895833 0.31696429
vt 0.14895833 0.31696429
vt 0.14895833 0.31696429
vt 0.14895833 0.31696429
vt 0.14895833 0.31696429
vt 0.14895833 0.31696429
vt 0.14895833 0.31696429
vt 0.14895833 0.31696429
vt 0.14895833 0.31696429
vt 0.14895833 0.31696429
vt 0.14895833 0.31696429
vt 0.14895833 0.31696429
vt 0.14895833 0.31696429
vt 0.14895833 0.31696429
vt 0.14895833 0.31696429
vt 0.14895833 0.31696429
vt 0.14895833 0.31696429
vt 0.14895833 0.31696429
vt 0.14895833 0.31696429
vt 0.14895833 0.31696429
vt 0.14895833 0.31696429
vt 0.14895833 0.31696429
vt 0.14895833 0.31696429
vt 0.14895833 0.31696429
vt 0.14895833 0.31696429
vt 0.14895833 0.31696429
vt 0.14895833 0.31696429
vt 0.14895833 0.31696429
vt 0.14895833 0.31696429
vt 0.14895833 0.31696429
vt 0.14895833 0.31696429
vt 0.14895833 0.31696429
vt 0.14895833 0.31696429
vt 0.14895833 0.31696429
vt 0.14895833 0.31696429
vt 0.14895833 0.31696429
vt 0.14895833 0.31696429
vt 0.14895833 0.31696429
vt 0.14895833 0.31696429
vt 0.14895833 0.31696429
vt 0.14895833 0.31696429
vt 0.14895833 0.31696429
vt 0.14895833 0.31696429
vt 0.14895833 0.31696429
vt 0.14895833 0.31696429
vt 0.14895833 0.31696429
vt 0.14895833 0.31696429
vt 0.14895833 0.31696429
vt 0.14895833 0.31696429
vt 0.14895833 0.31696429
vt 0.14895833 0.31696429
vt 0.14895833 0.31696429
vt 0.14895833 0.31696429
vt 0.14895833 0.31696429
vt 0.14895833 0.31696429
vt 0.14895833 0.31696429
vt 0.14895833 0.31696429
vt 0.14895833 0.31696429
vt 0.14895833 0.31696429
vt 0.14895833 0.31696429
vt 0.14895833 0.31696429
vt 0.14895833 0.31696429
vt 0.14895833 0.31696429
vt 0.14895833 0.31696429
vt 0.14895833 0.31696429
vt 0.14895833 0.31696429
vt 0.14895833 0.31696429
vt 0.14895833 0.31696429
vt 0.14895833 0.31696429
vt 0.14895833 0.31696429
vt 0.14895833 0.31696429
vt 0.14895833 0.31696429
vt 0.14895833 0.31696429
vt 0.14895833 0.31696429
vt 0.14895833 0.31696429
vt 0.14895833 0.31696429
vt 0.14895833 0.31696429
vt 0.14895833 0.31696429
vt 0.14895833 0.31696429
vt 0.14895833 0.31696429
vt 0.14895833 0.31696429
vt 0.14895833 0.31696429
vt 0.14895833 0.31696429
vt 0.14895833 0.31696429
vt 0.14895833 0.31696429
vt 0.14895833 0.31696429
vt 0.14895833 0.31696429
vt 0.14895833 0.31696429
vt 0.14895833 0.31696429
vt 0.14895833 0.31696429
vt 0.14895833 0.31696429
vt 0.14895833 0.31696429
vt 0.14895833 0.31696429
vt 0.14895833 0.31696429
vt 0.14895833 0.31696429
vt 0.14895833 0.31696429
vt 0.14895833 0.31696429
vt 0.14895833 0.31696429
vt 0.14895833 0.31696429
vt 0.14895833 0.31696429
vt 0.14895833 0.31696429
vt 0.14895833 0.31696429
vt 0.14895833 0.31696429
vt 0.14895833 0.31696429
vt 0.14895833 0.31696429
vt 0.14895833 0.31696429
vt 0.14895833 0.31696429
vt 0.14895833 0.31696429
vt 0.14895833 0.31696429
vt 0.14895833 0.31696429
vt 0.14895833 0.31696429
vt 0.14895833 0.31696429
vt 0.14895833 0.31696429
vt 0.14895833 0.31696429
vt 0.14895833 0.31696429
vt 0.14895833 0.31696429
vt 0.14895833 0.31696429
vt 0.14895833 0.31696429
vt 0.14895833 0.31696429
vt 0.14895833 0.31696429
vt 0.14895833 0.31696429
vt 0.14895833 0.31696429
vt 0.14895833 0.31696429
vt 0.14895833 0.31696429
vt 0.14895833 0.31696429
vt 0.14895833 0.31696429
vt 0.14895833 0.31696429
vt 0.14895833 0.31696429
vt 0.14895833 0.31696429
vt 0.14895833 0.31696429
vt 0.14895833 0.31696429
vt 0.14895833 0.31696429
vt 0.14895833 0.31696429
vt 0.14895833 0.31696429
vt 0.14895833 0.31696429
vt 0.14895833 0.31696429
vt 0.14895833 0.31696429
vt 0.14895833 0.31696429
vt 0.14895833 0.31696429
vt 0.14895833 0.31696429
vt 0.14895833 0.31696429
vt 0.14895833 0.31696429
vt 0.14895833 0.31696429
vt 0.14895833 0.31696429
vt 0.14895833 0.31696429
vt 0.14895833 0.31696429
vt 0.14895833 0.31696429
vt 0.14895833 0.31696429
vt 0.14895833 0.31696429
vt 0.14895833 0.31696429
vt 0.14895833 0.31696429
vt 0.14895833 0.31696429
vt 0.14895833 0.31696429
vt 0.14895833 0.31696429
vt 0.14895833 0.31696429
vt 0.14895833 0.31696429
vt 0.14895833 0.31696429
vt 0.14895833 0.31696429
vt 0.14895833 0.31696429
vt 0.14895833 0.31696429
vt 0.14895833 0.31696429
vt 0.14895833 0.31696429
vt 0.14895833 0.31696429
vt 0.14895833 0.31696429
vt 0.14895833 0.31696429
vt 0.14895833 0.31696429
vt 0.14895833 0.31696429
vt 0.14895833 0.31696429
vt 0.14895833 0.31696429
vt 0.14895833 0.31696429
vt 0.14895833 0.31696429
vt 0.14895833 0.31696429
vt 0.14895833 0.31696429
vt 0.14895833 0.31696429
vt 0.14895833 0.31696429
vt 0.14895833 0.31696429
vt 0.14895833 0.31696429
vt 0.14895833 0.31696429
vt 0.14895833 0.31696429
vt 0.14895833 0.31696429
vt 0.14895833 0.31696429
vt 0.14895833 0.31696429
vt 0.14895833 0.31696429
vt 0.14895833 0.31696429
vt 0.14895833 0.31696429
vt 0.14895833 0.31696429
vt 0.14895833 0.31696429
vt 0.14895833 0.31696429
vt 0.14895833 0.31696429
vt 0.14895833 0.31696429
vt 0.14895833 0.31696429
vt 0.14895833 0.31696429
vt 0.14895833 0.31696429
vt 0.14895833 0.31696429
vt 0.14895833 0.31696429
vt 0.14895833 0.31696429
vt 0.14895833 0.31696429
vt 0.14895833 0.31696429
vt 0.14895833 0.31696429
vt 0.14895833 0.31696429
vt 0.14895833 0.31696429
vt 0.14895833 0.31696429
vt 0.14895833 0.31696429
vt 0.14895833 0.31696429
vt 0.14895833 0.31696429
vt 0.14895833 0.31696429
vt 0.14895833 0.31696429
vt 0.14895833 0.31696429
vt 0.14895833 0.31696429
vt 0.14895833 0.31696429
vt 0.14895833 0.31696429
vt 0.14895833 0.31696429
vt 0.14895833 0.31696429
vt 0.14895833 0.31696429
vt 0.14895833 0.31696429
vt 0.14895833 0.31696429
vt 0.14895833 0.31696429
vt 0.14895833 0.31696429
vt 0.14895833 0.31696429
vt 0.14895833 0.31696429
vt 0.14895833 0.31696429
vt 0.14895833 0.31696429
vt 0.14895833 0.31696429
vt 0.14895833 0.31696429
vt 0.14895833 0.31696429
vt 0.14895833 0.31696429
vt 0.14895833 0.31696429
vt 0.14895833 0.31696429
vt 0.14895833 0.31696429
vt 0.14895833 0.31696429
vt 0.14895833 0.31696429
vt 0.14895833 0.31696429
vt 0.14895833 0.31696429
vt 0.14895833 0.31696429
vt 0.14895833 0.31696429
vt 0.14895833 0.31696429
vt 0.14895833 0.31696429
vt 0.14895833 0.31696429
vt 0.14895833 0.31696429
vt 0.14895833 0.31696429
vt 0.14895833 0.31696429
vt 0.14895833 0.31696429
vt 0.14895833 0.31696429
vt 0.14895833 0.31696429
vt 0.14895833 0.31696429
vt 0.14895833 0.31696429
vt 0.14895833 0.31696429
vt 0.14895833 0.31696429
vt 0.14895833 0.31696429
vt 0.14895833 0.31696429
vt 0.14895833 0.31696429
vt 0.14895833 0.31696429
vt 0.14895833 0.31696429
vt 0.14895833 0.31696429
vt 0.14895833 0.31696429
vt 0.14895833 0.31696429
vt 0.14895833 0.31696429
vt 0.14895833 0.31696429
vt 0.14895833 0.31696429
vt 0.14895833 0.31696429
vt 0.14895833 0.31696429
vt 0.14895833 0.31696429
vt 0.14895833 0.31696429
vt 0.14895833 0.31696429
vt 0.14895833 0.31696429
vt 0.14895833 0.31696429
vt 0.14895833 0.31696429
vt 0.14895833 0.31696429
vt 0.14895833 0.31696429
vt 0.14895833 0.31696429
vt 0.14895833 0.31696429
vt 0.14895833 0.31696429
vt 0.14895833 0.31696429
vt 0.14895833 0.31696429
vt 0.14895833 0.31696429
vt 0.14895833 0.31696429
vt 0.14895833 0.31696429
vt 0.14895833 0.31696429
vt 0.14895833 0.31696429
vt 0.14895833 0.31696429
vt 0.14895833 0.31696429
vt 0.14895833 0.31696429
vt 0.14895833 0.31696429
vt 0.14895833 0.31696429
vt 0.14895833 0.31696429
vt 0.14895833 0.31696429
vt 0.14895833 0.31696429
vt 0.14895833 0.31696429
vt 0.14895833 0.31696429
vt 0.14895833 0.31696429
vt 0.14895833 0.31696429
vt 0.14895833 0.31696429
vt 0.14895833 0.31696429
vt 0.14895833 0.31696429
vt 0.14895833 0.31696429
vt 0.14895833 0.31696429
vt 0.14895833 0.31696429
vt 0.14895833 0.31696429
vt 0.14895833 0.31696429
vt 0.14895833 0.31696429
vt 0.14895833 0.31696429
vt 0.14895833 0.31696429
vt 0.14895833 0.31696429
vt 0.14895833 0.31696429
vt 0.14895833 0.31696429
vt 0.14895833 0.31696429
vt 0.14895833 0.31696429
vt 0.14895833 0.31696429
vt 0.14895833 0.31696429
vt 0.14895833 0.31696429
vt 0.14895833 0.31696429
vt 0.14895833 0.31696429
vt 0.14895833 0.31696429
vt 0.14895833 0.31696429
vt 0.14895833 0.31696429
vt 0.14895833 0.31696429
vt 0.14895833 0.31696429
vt 0.14895833 0.31696429
vt 0.14895833 0.31696429
vt 0.14895833 0.31696429
vt 0.14895833 0.31696429
vt 0.14895833 0.31696429
vt 0.14895833 0.31696429
vt 0.14895833 0.31696429
vt 0.14895833 0.31696429
vt 0.14895833 0.31696429
vt 0.14895833 0.31696429
vt 0.14895833 0.31696429
vt 0.14895833 0.31696429
vt 0.14895833 0.31696429
vt 0.14895833 0.31696429
vt 0.14895833 0.31696429
vt 0.14895833 0.31696429
vt 0.14895833 0.31696429
vt 0.14895833 0.31696429
vt 0.14895833 0.31696429
vt 0.14895833 0.31696429
vt 0.14895833 0.31696429
vt 0.14895833 0.31696429
vt 0.14895833 0.31696429
vt 0.14895833 0.31696429
vt 0.14895833 0.31696429
vt 0.14895833 0.31696429
vt 0.14895833 0.31696429
vt 0.14895833 0.31696429
vt 0.14895833 0.31696429
vt 0.14895833 0.31696429
vt 0.14895833 0.31696429
vt 0.14895833 0.31696429
vt 0.14895833 0.31696429
vt 0.14895833 0.31696429
vt 0.14895833 0.31696429
vt 0.14895833 0.31696429
vt 0.14895833 0.31696429
vt 0.14895833 0.31696429
vt 0.14895833 0.31696429
vt 0.14895833 0.31696429
vt 0.14895833 0.31696429
vt 0.14895833 0.31696429
vt 0.14895833 0.31696429
vt 0.14895833 0.31696429
vt 0.14895833 0.31696429
vt 0.14895833 0.31696429
vt 0.14895833 0.31696429
vt 0.14895833 0.31696429
vt 0.14895833 0.31696429
vt 0.14895833 0.31696429
vt 0.14895833 0.31696429
vt 0.14895833 0.31696429
vt 0.14895833 0.31696429
vt 0.14895833 0.31696429
vt 0.14895833 0.31696429
vt 0.14895833 0.31696429
vt 0.14895833 0.31696429
vt 0.14895833 0.31696429
vt 0.14895833 0.31696429
vt 0.14895833 0.31696429
vt 0.14895833 0.31696429
vt 0.14895833 0.31696429
vt 0.14895833 0.31696429
vt 0.14895833 0.31696429
vt 0.14895833 0.31696429
vt 0.14895833 0.31696429
vt 0.14895833 0.31696429
vt 0.14895833 0.31696429
vt 0.14895833 0.31696429
vt 0.14895833 0.31696429
vt 0.14895833 0.31696429
vt 0.14895833 0.31696429
vt 0.14895833 0.31696429
vt 0.14895833 0.31696429
vt 0.14895833 0.31696429
vt 0.14895833 0.31696429
vt 0.14895833 0.31696429
vt 0.14895833 0.31696429
vt 0.14895833 0.31696429
vt 0.14895833 0.31696429
vt 0.14895833 0.31696429
vt 0.14895833 0.31696429
vt 0.14895833 0.31696429
vt 0.14895833 0.31696429
vt 0.14895833 0.31696429
vt 0.14895833 0.31696429
vt 0.14895833 0.31696429
vt 0.14895833 0.31696429
vt 0.14895833 0.31696429
vt 0.14895833 0.31696429
vt 0.14895833 0.31696429
vt 0.14895833 0.31696429
vt 0.14895833 0.31696429
vt 0.14895833 0.31696429
vt 0.14895833 0.31696429
vt 0.14895833 0.31696429
vt 0.14895833 0.31696429
vt 0.14895833 0.31696429
vt 0.14895833 0.31696429
vt 0.14895833 0.31696429
vt 0.14895833 0.31696429
vt 0.14895833 0.31696429
vt 0.14895833 0.31696429
vt 0.14895833 0.31696429
vt 0.14895833 0.31696429
vt 0.14895833 0.31696429
vt 0.14895833 0.31696429
vt 0.14895833 0.31696429
vt 0.14895833 0.31696429
vt 0.14895833 0.31696429
vt 0.14895833 0.31696429
vt 0.14895833 0.31696429
vt 0.14895833 0.31696429
vt 0.14895833 0.31696429
vt 0.14895833 0.31696429
vt 0.14895833 0.31696429
vt 0.14895833 0.31696429
vt 0.14895833 0.31696429
vt 0.14895833 0.31696429
vt 0.14895833 0.31696429
vt 0.14895833 0.31696429
vt 0.14895833 0.31696429
vt 0.14895833 0.31696429
vt 0.14895833 0.31696429
vt 0.14895833 0.31696429
vt 0.14895833 0.31696429
vt 0.14895833 0.31696429
vt 0.14895833 0.31696429
vt 0.14895833 0.31696429
vt 0.14895833 0.31696429
vt 0.14895833 0.31696429
vt 0.14895833 0.31696429
vt 0.14895833 0.31696429
vt 0.14895833 0.31696429
vt 0.14895833 0.31696429
vt 0.14895833 0.31696429
vt 0.14895833 0.31696429
vt 0.14895833 0.31696429
vt 0.14895833 0.31696429
vt 0.14895833 0.31696429
vt 0.14895833 0.31696429
vt 0.14895833 0.31696429
vt 0.14895833 0.31696429
vt 0.14895833 0.31696429
vt 0.14895833 0.31696429
vt 0.14895833 0.31696429
vt 0.14895833 0.31696429
vt 0.14895833 0.31696429
vt 0.14895833 0.31696429
vt 0.14895833 0.31696429
vt 0.14895833 0.31696429
vt 0.14895833 0.31696429
vt 0.14895833 0.31696429
vt 0.14895833 0.31696429
vt 0.14895833 0.31696429
vt 0.14895833 0.31696429
vt 0.14895833 0.31696429
vt 0.14895833 0.31696429
vt 0.14895833 0.31696429
vt 0.14895833 0.31696429
vt 0.14895833 0.31696429
vt 0.14895833 0.31696429
vt 0.14895833 0.31696429
vt 0.14895833 0.31696429
vt 0.14895833 0.31696429
vt 0.14895833 0.31696429
vt 0.14895833 0.31696429
vt 0.14895833 0.31696429
vt 0.14895833 0.31696429
vt 0.14895833 0.31696429
vt 0.14895833 0.31696429
vt 0.14895833 0.31696429
vt 0.14895833 0.31696429
vt 0.14895833 0.31696429
vt 0.14895833 0.31696429
vt 0.14895833 0.31696429
vt 0.14895833 0.31696429
vt 0.14895833 0.31696429
vt 0.14895833 0.31696429
vt 0.14895833 0.31696429
vt 0.14895833 0.31696429
vt 0.14895833 0.31696429
vt 0.14895833 0.31696429
vt 0.14895833 0.31696429
vt 0.14895833 0.31696429
vt 0.14895833 0.31696429
vt 0.14895833 0.31696429
vt 0.14895833 0.31696429
vt 0.14895833 0.31696429
vt 0.14895833 0.31696429
vt 0.14895833 0.31696429
vt 0.14895833 0.31696429
vt 0.14895833 0.31696429
vt 0.14895833 0.31696429
vt 0.14895833 0.31696429
vt 0.14895833 0.31696429
vt 0.14895833 0.31696429
vt 0.14895833 0.31696429
vt 0.14895833 0.31696429
vt 0.14895833 0.31696429
vt 0.14895833 0.31696429
vt 0.14895833 0.31696429
vt 0.14895833 0.31696429
vt 0.14895833 0.31696429
vt 0.14895833 0.31696429
vt 0.14895833 0.31696429
vt 0.14895833 0.31696429
vt 0.14895833 0.31696429
vt 0.14895833 0.31696429
vt 0.14895833 0.31696429
vt 0.14895833 0.31696429
vt 0.14895833 0.31696429
vt 0.14895833 0.31696429
vt 0.14895833 0.31696429
vt 0.14895833 0.31696429
vt 0.14895833 0.31696429
vt 0.14895833 0.31696429
vt 0.14895833 0.31696429
vt 0.14895833 0.31696429
vt 0.14895833 0.31696429
vt 0.14895833 0.31696429
vt 0.14895833 0.31696429
vt 0.14895833 0.31696429
vt 0.14895833 0.31696429
vt 0.14895833 0.31696429
vt 0.14895833 0.31696429
vt 0.14895833 0.31696429
vt 0.14895833 0.31696429
vt 0.14895833 0.31696429
vt 0.14895833 0.31696429
vt 0.14895833 0.31696429
vt 0.14895833 0.31696429
vt 0.14895833 0.31696429
vt 0.14895833 0.31696429
vt 0.14895833 0.31696429
vt 0.14895833 0.31696429
vt 0.14895833 0.31696429
vt 0.14895833 0.31696429
vt 0.14895833 0.31696429
vt 0.14895833 0.31696429
vt 0.14895833 0.31696429
vt 0.14895833 0.31696429
vt 0.14895833 0.31696429
vt 0.14895833 0.31696429
vt 0.14895833 0.31696429
vt 0.14895833 0.31696429
vt 0.14895833 0.31696429
vt 0.14895833 0.31696429
vt 0.14895833 0.31696429
vt 0.14895833 0.31696429
vt 0.14895833 0.31696429
vt 0.14895833 0.31696429
vt 0.14895833 0.31696429
vt 0.14895833 0.31696429
vt 0.14895833 0.31696429
vt 0.14895833 0.31696429
vt 0.14895833 0.31696429
vt 0.14895833 0.31696429
vt 0.14895833 0.31696429
vt 0.14895833 0.31696429
vt 0.14895833 0.31696429
vt 0.14895833 0.31696429
vt 0.14895833 0.31696429
vt 0.14895833 0.31696429
vt 0.14895833 0.31696429
vt 0.14895833 0.31696429
vt 0.14895833 0.31696429
vt 0.14895833 0.31696429
vt 0.14895833 0.31696429
vt 0.14895833 0.31696429
vt 0.14895833 0.31696429
vt 0.14895833 0.31696429
vt 0.14895833 0.31696429
vt 0.14895833 0.31696429
vt 0.14895833 0.31696429
vt 0.14895833 0.31696429
vt 0.14895833 0.31696429
vt 0.14895833 0.31696429
vt 0.14895833 0.31696429
vt 0.14895833 0.31696429
vt 0.14895833 0.31696429
vt 0.14895833 0.31696429
vt 0.14895833 0.31696429
vt 0.14895833 0.31696429
vt 0.14895833 0.31696429
vt 0.14895833 0.31696429
vt 0.14895833 0.31696429
vt 0.14895833 0.31696429
vt 0.14895833 0.31696429
vt 0.14895833 0.31696429
vt 0.14895833 0.31696429
vt 0.14895833 0.31696429
vt 0.14895833 0.31696429
vt 0.14895833 0.31696429
vt 0.14895833 0.31696429
vt 0.14895833 0.31696429
vt 0.14895833 0.31696429
vt 0.14895833 0.31696429
vt 0.14895833 0.31696429
vt 0.14895833 0.31696429
vt 0.14895833 0.31696429
vt 0.14895833 0.31696429
vt 0.14895833 0.31696429
vt 0.14895833 0.31696429
vt 0.14895833 0.31696429
vt 0.14895833 0.31696429
vt 0.14895833 0.31696429
vt 0.14895833 0.31696429
vt 0.14895833 0.31696429
vt 0.14895833 0.31696429
vt 0.14895833 0.31696429
vt 0.14895833 0.31696429
vt 0.14895833 0.31696429
vt 0.14895833 0.31696429
vt 0.14895833 0.31696429
vt 0.14895833 0.31696429
vt 0.14895833 0.31696429
vt 0.14895833 0.31696429
vt 0.14895833 0.31696429
vt 0.14895833 0.31696429
vt 0.14895833 0.31696429
vt 0.14895833 0.31696429
vt 0.14895833 0.31696429
vt 0.14895833 0.31696429
vt 0.14895833 0.31696429
vt 0.14895833 0.31696429
vt 0.14895833 0.31696429
vt 0.14895833 0.31696429
vt 0.14895833 0.31696429
vt 0.14895833 0.31696429
vt 0.14895833 0.31696429
vt 0.14895833 0.31696429
vt 0.14895833 0.31696429
vt 0.14895833 0.31696429
vt 0.14895833 0.31696429
vt 0.14895833 0.31696429
vt 0.14895833 0.31696429
vt 0.14895833 0.31696429
vt 0.14895833 0.31696429
vt 0.14895833 0.31696429
vt 0.14895833 0.31696429
vt 0.14895833 0.31696429
vt 0.14895833 0.31696429
vt 0.14895833 0.31696429
vt 0.14895833 0.31696429
vt 0.14895833 0.31696429
vt 0.14895833 0.31696429
vt 0.14895833 0.31696429
vt 0.14895833 0.31696429
vt 0.14895833 0.31696429
vt 0.14895833 0.31696429
vt 0.14895833 0.31696429
vt 0.14895833 0.31696429
vt 0.14895833 0.31696429
vt 0.14895833 0.31696429
vt 0.14895833 0.31696429
vt 0.14895833 0.31696429
vt 0.14895833 0.31696429
vt 0.14895833 0.31696429
vt 0.14895833 0.31696429
vt 0.14895833 0.31696429
vt 0.14895833 0.31696429
vt 0.14895833 0.31696429
vt 0.14895833 0.31696429
vt 0.14895833 0.31696429
vt 0.14895833 0.31696429
vt 0.14895833 0.31696429
vt 0.14895833 0.31696429
vt 0.14895833 0.31696429
vt 0.14895833 0.31696429
vt 0.14895833 0.31696429
vt 0.14895833 0.31696429
vt 0.14895833 0.31696429
vt 0.14895833 0.31696429
vt 0.14895833 0.31696429
vt 0.14895833 0.31696429
vt 0.14895833 0.31696429
vt 0.14895833 0.31696429
vt 0.14895833 0.31696429
vt 0.14895833 0.31696429
vt 0.14895833 0.31696429
vt 0.14895833 0.31696429
vt 0.14895833 0.31696429
vt 0.14895833 0.31696429
vt 0.14895833 0.31696429
vt 0.14895833 0.31696429
vt 0.14895833 0.31696429
vt 0.14895833 0.31696429
vt 0.14895833 0.31696429
vt 0.14895833 0.31696429
vt 0.14895833 0.31696429
vt 0.14895833 0.31696429
vt 0.14895833 0.31696429
vt 0.14895833 0.31696429
vt 0.14895833 0.31696429
vt 0.14895833 0.31696429
vt 0.14895833 0.31696429
vt 0.14895833 0.31696429
vt 0.14895833 0.31696429
vt 0.14895833 0.31696429
vt 0.14895833 0.31696429
vt 0.14895833 0.31696429
vt 0.14895833 0.31696429
vt 0.14895833 0.31696429
vt 0.14895833 0.31696429
vt 0.14895833 0.31696429
vt 0.14895833 0.31696429
vt 0.14895833 0.31696429
vt 0.14895833 0.31696429
vt 0.14895833 0.31696429
vt 0.14895833 0.31696429
vt 0.14895833 0.31696429
vt 0.14895833 0.31696429
vt 0.14895833 0.31696429
vt 0.14895833 0.31696429
vt 0.14895833 0.31696429
vt 0.14895833 0.31696429
vt 0.14895833 0.31696429
vt 0.14895833 0.31696429
vt 0.14895833 0.31696429
vt 0.14895833 0.31696429
vt 0.14895833 0.31696429
vt 0.14895833 0.31696429
vt 0.14895833 0.31696429
vt 0.14895833 0.31696429
vt 0.14895833 0.31696429
vt 0.14895833 0.31696429
vt 0.14895833 0.31696429
vt 0.14895833 0.31696429
vt 0.14895833 0.31696429
vt 0.14895833 0.31696429
vt 0.14895833 0.31696429
vt 0.14895833 0.31696429
vt 0.14895833 0.31696429
vt 0.14895833 0.31696429
vt 0.14895833 0.31696429
vt 0.14895833 0.31696429
vt 0.14895833 0.31696429
vt 0.14895833 0.31696429
vt 0.14895833 0.31696429
vt 0.14895833 0.31696429
vt 0.14895833 0.31696429
vt 0.14895833 0.31696429
vt 0.14895833 0.31696429
vt 0.14895833 0.31696429
vt 0.14895833 0.31696429
vt 0.14895833 0.31696429
vt 0.14895833 0.31696429
vt 0.14895833 0.31696429
vt 0.14895833 0.31696429
vt 0.14895833 0.31696429
vt 0.14895833 0.31696429
vt 0.14895833 0.31696429
vt 0.14895833 0.31696429
vt 0.14895833 0.31696429
vt 0.14895833 0.31696429
vt 0.14895833 0.31696429
vt 0.14895833 0.31696429
vt 0.14895833 0.31696429
vt 0.14895833 0.31696429
vt 0.14895833 0.31696429
vt 0.14895833 0.31696429
vt 0.14895833 0.31696429
vt 0.14895833 0.31696429
vt 0.14895833 0.31696429
vt 0.14895833 0.31696429
vt 0.14895833 0.31696429
vt 0.14895833 0.31696429
vt 0.14895833 0.31696429
vt 0.14895833 0.31696429
vt 0.14895833 0.31696429
vt 0.14895833 0.31696429
vt 0.14895833 0.31696429
vt 0.14895833 0.31696429
vt 0.14895833 0.31696429
vt 0.14895833 0.31696429
vt 0.14895833 0.31696429
vt 0.14895833 0.31696429
vt 0.14895833 0.31696429
vt 0.14895833 0.31696429
vt 0.14895833 0.31696429
vt 0.14895833 0.31696429
vt 0.14895833 0.31696429
vt 0.14895833 0.31696429
vt 0.14895833 0.31696429
vt 0.14895833 0.31696429
vt 0.14895833 0.31696429
vt 0.14895833 0.31696429
vt 0.14895833 0.31696429
vt 0.14895833 0.31696429
vt 0.14895833 0.31696429
vt 0.14895833 0.31696429
vt 0.14895833 0.31696429
vt 0.14895833 0.31696429
vt 0.14895833 0.31696429
vt 0.14895833 0.31696429
vt 0.14895833 0.31696429
vt 0.14895833 0.31696429
vt 0.14895833 0.31696429
vt 0.14895833 0.31696429
vt 0.14895833 0.31696429
vt 0.14895833 0.31696429
vt 0.14895833 0.31696429
vt 0.14895833 0.31696429
vt 0.14895833 0.31696429
vt 0.14895833 0.31696429
vt 0.14895833 0.31696429
vt 0.14895833 0.31696429
vt 0.14895833 0.31696429
vt 0.14895833 0.31696429
vt 0.14895833 0.31696429
vt 0.14895833 0.31696429
vt 0.14895833 0.31696429
vt 0.14895833 0.31696429
vt 0.14895833 0.31696429
vt 0.14895833 0.31696429
vt 0.14895833 0.31696429
vt 0.14895833 0.31696429
vt 0.14895833 0.31696429
vt 0.14895833 0.31696429
vt 0.14895833 0.31696429
vt 0.14895833 0.31696429
vt 0.14895833 0.31696429
vt 0.14895833 0.31696429
vt 0.14895833 0.31696429
vt 0.14895833 0.31696429
vt 0.14895833 0.31696429
vt 0.14895833 0.31696429
vt 0.14895833 0.31696429
vt 0.14895833 0.31696429
vt 0.14895833 0.31696429
vt 0.14895833 0.31696429
vt 0.14895833 0.31696429
vt 0.14895833 0.31696429
vt 0.14895833 0.31696429
vt 0.14895833 0.31696429
vt 0.14895833 0.31696429
vt 0.14895833 0.31696429
vt 0.14895833 0.31696429
vt 0.14895833 0.31696429
vt 0.14895833 0.31696429
vt 0.14895833 0.31696429
vt 0.14895833 0.31696429
vt 0.14895833 0.31696429
vt 0.14895833 0.31696429
vt 0.14895833 0.31696429
vt 0.14895833 0.31696429
vt 0.14895833 0.31696429
vt 0.14895833 0.31696429
vt 0.14895833 0.31696429
vt 0.14895833 0.31696429
vt 0.14895833 0.31696429
vt 0.14895833 0.31696429
vt 0.14895833 0.31696429
vt 0.14895833 0.31696429
vt 0.14895833 0.31696429
vt 0.14895833 0.31696429
vt 0.14895833 0.31696429
vt 0.14895833 0.31696429
vt 0.14895833 0.31696429
vt 0.14895833 0.31696429
vt 0.14895833 0.31696429
vt 0.14895833 0.31696429
vt 0.14895833 0.31696429
vt 0.14895833 0.31696429
vt 0.14895833 0.31696429
vt 0.14895833 0.31696429
vt 0.14895833 0.31696429
vt 0.14895833 0.31696429
vt 0.14895833 0.31696429
vt 0.14895833 0.31696429
vt 0.14895833 0.31696429
vt 0.14895833 0.31696429
vt 0.14895833 0.31696429
vt 0.14895833 0.31696429
vt 0.14895833 0.31696429
vt 0.14895833 0.31696429
vt 0.14895833 0.31696429
vt 0.14895833 0.31696429
vt 0.14895833 0.31696429
vt 0.14895833 0.31696429
vt 0.14895833 0.31696429
vt 0.14895833 0.31696429
vt 0.14895833 0.31696429
vt 0.14895833 0.31696429
vt 0.14895833 0.31696429
vt 0.14895833 0.31696429
vt 0.14895833 0.31696429
vt 0.14895833 0.31696429
vt 0.14895833 0.31696429
vt 0.14895833 0.31696429
vt 0.14895833 0.31696429
vt 0.14895833 0.31696429
vt 0.14895833 0.31696429
vt 0.14895833 0.31696429
vt 0.14895833 0.31696429
vt 0.14895833 0.31696429
vt 0.14895833 0.31696429
vt 0.14895833 0.31696429
vt 0.14895833 0.31696429
vt 0.14895833 0.31696429
vt 0.14895833 0.31696429
vt 0.14895833 0.31696429
vt 0.14895833 0.31696429
vt 0.14895833 0.31696429
vt 0.14895833 0.31696429
vt 0.14895833 0.31696429
vt 0.14895833 0.31696429
vt 0.14895833 0.31696429
vt 0.14895833 0.31696429
vt 0.14895833 0.31696429
vt 0.14895833 0.31696429
vt 0.14895833 0.31696429
vt 0.14895833 0.31696429
vt 0.14895833 0.31696429
vt 0.14895833 0.31696429
vt 0.14895833 0.31696429
vt 0.14895833 0.31696429
vt 0.14895833 0.31696429
vt 0.14895833 0.31696429
vt 0.14895833 0.31696429
vt 0.14895833 0.31696429
vt 0.14895833 0.31696429
vt 0.14895833 0.31696429
vt 0.14895833 0.31696429
vt 0.14895833 0.31696429
vt 0.14895833 0.31696429
vt 0.14895833 0.31696429
vt 0.14895833 0.31696429
vt 0.14895833 0.31696429
vt 0.14895833 0.31696429
vt 0.14895833 0.31696429
vt 0.14895833 0.31696429
vt 0.14895833 0.31696429
vt 0.14895833 0.31696429
vt 0.14895833 0.31696429
vt 0.14895833 0.31696429
vt 0.14895833 0.31696429
vt 0.14895833 0.31696429
vt 0.14895833 0.31696429
vt 0.14895833 0.31696429
vt 0.14895833 0.31696429
vt 0.14895833 0.31696429
vt 0.14895833 0.31696429
vt 0.14895833 0.31696429
vt 0.14895833 0.31696429
vt 0.14895833 0.31696429
vt 0.14895833 0.31696429
vt 0.14895833 0.31696429
vt 0.14895833 0.31696429
vt 0.14895833 0.31696429
vt 0.14895833 0.31696429
vt 0.14895833 0.31696429
vt 0.14895833 0.31696429
vt 0.14895833 0.31696429
vt 0.14895833 0.31696429
vt 0.14895833 0.31696429
vt 0.14895833 0.31696429
vt 0.14895833 0.31696429
vt 0.14895833 0.31696429
vt 0.14895833 0.31696429
vt 0.14895833 0.31696429
vt 0.14895833 0.31696429
vt 0.14895833 0.31696429
vt 0.14895833 0.31696429
vt 0.14895833 0.31696429
vt 0.14895833 0.31696429
vt 0.14895833 0.31696429
vt 0.14895833 0.31696429
vt 0.14895833 0.31696429
vt 0.14895833 0.31696429
vt 0.14895833 0.31696429
vt 0.14895833 0.31696429
vt 0.14895833 0.31696429
vt 0.14895833 0.31696429
vt 0.14895833 0.31696429
vt 0.14895833 0.31696429
vt 0.14895833 0.31696429
vt 0.14895833 0.31696429
vt 0.14895833 0.31696429
vt 0.14895833 0.31696429
vt 0.14895833 0.31696429
vt 0.14895833 0.31696429
vt 0.14895833 0.31696429
vt 0.14895833 0.31696429
vt 0.14895833 0.31696429
vt 0.14895833 0.31696429
vt 0.14895833 0.31696429
vt 0.14895833 0.31696429
vt 0.14895833 0.31696429
vt 0.14895833 0.31696429
vt 0.14895833 0.31696429
vt 0.14895833 0.31696429
vt 0.14895833 0.31696429
vt 0.14895833 0.31696429
vt 0.14895833 0.31696429
vt 0.14895833 0.31696429
vt 0.14895833 0.31696429
vt 0.14895833 0.31696429
vt 0.14895833 0.31696429
vt 0.14895833 0.31696429
vt 0.14895833 0.31696429
vt 0.14895833 0.31696429
vt 0.14895833 0.31696429
vt 0.14895833 0.31696429
vt 0.14895833 0.31696429
vt 0.14895833 0.31696429
vt 0.14895833 0.31696429
vt 0.14895833 0.31696429
vt 0.14895833 0.31696429
vt 0.14895833 0.31696429
vt 0.14895833 0.31696429
vt 0.14895833 0.31696429
vt 0.14895833 0.31696429
vt 0.14895833 0.31696429
vt 0.14895833 0.31696429
vt 0.14895833 0.31696429
vt 0.14895833 0.31696429
vt 0.14895833 0.31696429
vt 0.14895833 0.31696429
vt 0.14895833 0.31696429
vt 0.14895833 0.31696429
vt 0.14895833 0.31696429
vt 0.14895833 0.31696429
vt 0.14895833 0.31696429
vt 0.14895833 0.31696429
vt 0.14895833 0.31696429
vt 0.14895833 0.31696429
vt 0.14895833 0.31696429
vt 0.14895833 0.31696429
vt 0.14895833 0.31696429
vt 0.14895833 0.31696429
vt 0.14895833 0.31696429
vt 0.14895833 0.31696429
vt 0.14895833 0.31696429
vt 0.14895833 0.31696429
vt 0.14895833 0.31696429
vt 0.14895833 0.31696429
vt 0.14895833 0.31696429
vt 0.14895833 0.31696429
vt 0.14895833 0.31696429
vt 0.14895833 0.31696429
vt 0.14895833 0.31696429
vt 0.14895833 0.31696429
vt 0.14895833 0.31696429
vt 0.14895833 0.31696429
vt 0.14895833 0.31696429
vt 0.14895833 0.31696429
vt 0.14895833 0.31696429
vt 0.14895833 0.31696429
vt 0.14895833 0.31696429
vt 0.14895833 0.31696429
vt 0.14895833 0.31696429
vt 0.14895833 0.31696429
vt 0.14895833 0.31696429
vt 0.14895833 0.31696429
vt 0.14895833 0.31696429
vt 0.14895833 0.31696429
vt 0.14895833 0.31696429
vt 0.14895833 0.31696429
vt 0.14895833 0.31696429
vt 0.14895833 0.31696429
vt 0.14895833 0.31696429
vt 0.14895833 0.31696429
vt 0.14895833 0.31696429
vt 0.14895833 0.31696429
vt 0.14895833 0.31696429
vt 0.14895833 0.31696429
vt 0.14895833 0.31696429
vt 0.14895833 0.31696429
vt 0.14895833 0.31696429
vt 0.14895833 0.31696429
vt 0.14895833 0.31696429
vt 0.14895833 0.31696429
vt 0.14895833 0.31696429
vt 0.14895833 0.31696429
vt 0.14895833 0.31696429
vt 0.14895833 0.31696429
vt 0.14895833 0.31696429
vt 0.14895833 0.31696429
vt 0.14895833 0.31696429
vt 0.14895833 0.31696429
vt 0.14895833 0.31696429
vt 0.14895833 0.31696429
vt 0.14895833 0.31696429
vt 0.14895833 0.31696429
vt 0.14895833 0.31696429
vt 0.14895833 0.31696429
vt 0.14895833 0.31696429
vt 0.14895833 0.31696429
vt 0.14895833 0.31696429
vt 0.14895833 0.31696429
vt 0.14895833 0.31696429
vt 0.14895833 0.31696429
vt 0.14895833 0.31696429
vt 0.14895833 0.31696429
vt 0.14895833 0.31696429
vt 0.14895833 0.31696429
vt 0.14895833 0.31696429
vt 0.14895833 0.31696429
vt 0.14895833 0.31696429
vt 0.14895833 0.31696429
vt 0.14895833 0.31696429
vt 0.14895833 0.31696429
vt 0.14895833 0.31696429
vt 0.14895833 0.31696429
vt 0.14895833 0.31696429
vt 0.14895833 0.31696429
vt 0.14895833 0.31696429
vt 0.14895833 0.31696429
vt 0.14895833 0.31696429
vt 0.14895833 0.31696429
vt 0.14895833 0.31696429
vt 0.14895833 0.31696429
vt 0.14895833 0.31696429
vt 0.14895833 0.31696429
vt 0.14895833 0.31696429
vt 0.14895833 0.31696429
vt 0.14895833 0.31696429
vt 0.14895833 0.31696429
vt 0.14895833 0.31696429
vt 0.14895833 0.31696429
vt 0.14895833 0.31696429
vt 0.14895833 0.31696429
vt 0.14895833 0.31696429
vt 0.14895833 0.31696429
vt 0.14895833 0.31696429
vt 0.14895833 0.31696429
vt 0.14895833 0.31696429
vt 0.14895833 0.31696429
vt 0.14895833 0.31696429
vt 0.14895833 0.31696429
vt 0.14895833 0.31696429
vt 0.14895833 0.31696429
vt 0.14895833 0.31696429
vt 0.14895833 0.31696429
vt 0.14895833 0.31696429
vt 0.14895833 0.31696429
vt 0.14895833 0.31696429
vt 0.14895833 0.31696429
vt 0.14895833 0.31696429
vt 0.14895833 0.31696429
vt 0.14895833 0.31696429
vt 0.14895833 0.31696429
vt 0.14895833 0.31696429
vt 0.14895833 0.31696429
vt 0.14895833 0.31696429
vt 0.14895833 0.31696429
vt 0.14895833 0.31696429
vt 0.14895833 0.31696429
vt 0.14895833 0.31696429
vt 0.14895833 0.31696429
vt 0.14895833 0.31696429
vt 0.14895833 0.31696429
vt 0.14895833 0.31696429
vt 0.14895833 0.31696429
vt 0.14895833 0.31696429
vt 0.14895833 0.31696429
vt 0.14895833 0.31696429
vt 0.14895833 0.31696429
vt 0.14895833 0.31696429
vt 0.14895833 0.31696429
vt 0.14895833 0.31696429
vt 0.14895833 0.31696429
vt 0.14895833 0.31696429
vt 0.14895833 0.31696429
vt 0.14895833 0.31696429
vt 0.14895833 0.31696429
vt 0.14895833 0.31696429
vt 0.14895833 0.31696429
vt 0.14895833 0.31696429
vt 0.14895833 0.31696429
vt 0.14895833 0.31696429
vt 0.14895833 0.31696429
vt 0.14895833 0.31696429
vt 0.14895833 0.31696429
vt 0.14895833 0.31696429
vt 0.14895833 0.31696429
vt 0.14895833 0.31696429
vt 0.14895833 0.31696429
vt 0.14895833 0.31696429
vt 0.14895833 0.31696429
vt 0.14895833 0.31696429
vt 0.14895833 0.31696429
vt 0.14895833 0.31696429
vt 0.14895833 0.31696429
vt 0.14895833 0.31696429
vt 0.14895833 0.31696429
vt 0.14895833 0.31696429
vt 0.14895833 0.31696429
vt 0.14895833 0.31696429
vt 0.14895833 0.31696429
vt 0.14895833 0.31696429
vt 0.14895833 0.31696429
vt 0.14895833 0.31696429
vt 0.14895833 0.31696429
vt 0.14895833 0.31696429
vt 0.14895833 0.31696429
vt 0.14895833 0.31696429
vt 0.14895833 0.31696429
vt 0.14895833 0.31696429
vt 0.14895833 0.31696429
vt 0.14895833 0.31696429
vt 0.14895833 0.31696429
vt 0.14895833 0.31696429
vt 0.14895833 0.31696429
vt 0.14895833 0.31696429
vt 0.14895833 0.31696429
vt 0.14895833 0.31696429
vt 0.14895833 0.31696429
vt 0.14895833 0.31696429
vt 0.14895833 0.31696429
vt 0.14895833 0.31696429
vt 0.14895833 0.31696429
vt 0.14895833 0.31696429
vt 0.14895833 0.31696429
vt 0.14895833 0.31696429
vt 0.14895833 0.31696429
vt 0.14895833 0.31696429
vt 0.14895833 0.31696429
vt 0.14895833 0.31696429
vt 0.14895833 0.31696429
vt 0.14895833 0.31696429
vt 0.14895833 0.31696429
vt 0.14895833 0.31696429
vt 0.14895833 0.31696429
vt 0.14895833 0.31696429
vt 0.14895833 0.31696429
vt 0.14895833 0.31696429
vt 0.14895833 0.31696429
vt 0.14895833 0.31696429
vt 0.14895833 0.31696429
vt 0.14895833 0.31696429
vt 0.14895833 0.31696429
vt 0.14895833 0.31696429
vt 0.14895833 0.31696429
vt 0.14895833 0.31696429
vt 0.14895833 0.31696429
vt 0.14895833 0.31696429
vt 0.14895833 0.31696429
vt 0.14895833 0.31696429
vt 0.14895833 0.31696429
vt 0.14895833 0.31696429
vt 0.14895833 0.31696429
vt 0.14895833 0.31696429
vt 0.14895833 0.31696429
vt 0.14895833 0.31696429
vt 0.14895833 0.31696429
vt 0.14895833 0.31696429
vt 0.14895833 0.31696429
vt 0.14895833 0.31696429
vt 0.14895833 0.31696429
vt 0.14895833 0.31696429
vt 0.14895833 0.31696429
vt 0.14895833 0.31696429
vt 0.14895833 0.31696429
vt 0.14895833 0.31696429
vt 0.14895833 0.31696429
vt 0.14895833 0.31696429
vt 0.14895833 0.31696429
vt 0.14895833 0.31696429
vt 0.14895833 0.31696429
vt 0.14895833 0.31696429
vt 0.14895833 0.31696429
vt 0.14895833 0.31696429
vt 0.14895833 0.31696429
vt 0.14895833 0.31696429
vt 0.14895833 0.31696429
vt 0.14895833 0.31696429
vt 0.14895833 0.31696429
vt 0.14895833 0.31696429
vt 0.14895833 0.31696429
vt 0.14895833 0.31696429
vt 0.14895833 0.31696429
vt 0.14895833 0.31696429
vt 0.14895833 0.31696429
vt 0.14895833 0.31696429
vt 0.14895833 0.31696429
vt 0.14895833 0.31696429
vt 0.14895833 0.31696429
vt 0.14895833 0.31696429
vt 0.14895833 0.31696429
vt 0.14895833 0.31696429
vt 0.14895833 0.31696429
vt 0.14895833 0.31696429
vt 0.14895833 0.31696429
vt 0.14895833 0.31696429
vt 0.14895833 0.31696429
vt 0.14895833 0.31696429
vt 0.14895833 0.31696429
vt 0.14895833 0.31696429
vt 0.14895833 0.31696429
vt 0.14895833 0.31696429
vt 0.14895833 0.31696429
vt 0.14895833 0.31696429
vt 0.14895833 0.31696429
vt 0.14895833 0.31696429
vt 0.14895833 0.31696429
vt 0.14895833 0.31696429
vt 0.14895833 0.31696429
vt 0.14895833 0.31696429
vt 0.14895833 0.31696429
vt 0.14895833 0.31696429
vt 0.14895833 0.31696429
vt 0.14895833 0.31696429
vt 0.14895833 0.31696429
vt 0.14895833 0.31696429
vt 0.14895833 0.31696429
vt 0.14895833 0.31696429
vt 0.14895833 0.31696429
vt 0.14895833 0.31696429
vt 0.14895833 0.31696429
vt 0.14895833 0.31696429
vt 0.14895833 0.31696429
vt 0.14895833 0.31696429
vt 0.14895833 0.31696429
vt 0.14895833 0.31696429
vt 0.14895833 0.31696429
vt 0.14895833 0.31696429
vt 0.14895833 0.31696429
vt 0.14895833 0.31696429
vt 0.14895833 0.31696429
vt 0.14895833 0.31696429
vt 0.14895833 0.31696429
vt 0.14895833 0.31696429
vt 0.14895833 0.31696429
vt 0.14895833 0.31696429
vt 0.14895833 0.31696429
vt 0.14895833 0.31696429
vt 0.14895833 0.31696429
vt 0.14895833 0.31696429
vt 0.14895833 0.31696429
vt 0.14895833 0.31696429
vt 0.14895833 0.31696429
vt 0.14895833 0.31696429
vt 0.14895833 0.31696429
vt 0.14895833 0.31696429
vt 0.14895833 0.31696429
vt 0.14895833 0.31696429
vt 0.14895833 0.31696429
vt 0.14895833 0.31696429
vt 0.14895833 0.31696429
vt 0.14895833 0.31696429
vt 0.14895833 0.31696429
vt 0.14895833 0.31696429
vt 0.14895833 0.31696429
vt 0.14895833 0.31696429
vt 0.14895833 0.31696429
vt 0.14895833 0.31696429
vt 0.14895833 0.31696429
vt 0.14895833 0.31696429
vt 0.14895833 0.31696429
vt 0.14895833 0.31696429
vt 0.14895833 0.31696429
vt 0.14895833 0.31696429
vt 0.14895833 0.31696429
vt 0.14895833 0.31696429
vt 0.14895833 0.31696429
vt 0.14895833 0.31696429
vt 0.14895833 0.31696429
vt 0.14895833 0.31696429
vt 0.14895833 0.31696429
vt 0.14895833 0.31696429
vt 0.14895833 0.31696429
vt 0.14895833 0.31696429
vt 0.14895833 0.31696429
vt 0.14895833 0.31696429
vt 0.14895833 0.31696429
vt 0.14895833 0.31696429
vt 0.14895833 0.31696429
vt 0.14895833 0.31696429
vt 0.14895833 0.31696429
vt 0.14895833 0.31696429
vt 0.14895833 0.31696429
vt 0.14895833 0.31696429
vt 0.14895833 0.31696429
vt 0.14895833 0.31696429
vt 0.14895833 0.31696429
vt 0.14895833 0.31696429
vt 0.14895833 0.31696429
vt 0.14895833 0.31696429
vt 0.14895833 0.31696429
vt 0.14895833 0.31696429
vt 0.14895833 0.31696429
vt 0.14895833 0.31696429
vt 0.14895833 0.31696429
vt 0.14895833 0.31696429
vt 0.14895833 0.31696429
vt 0.14895833 0.31696429
vt 0.14895833 0.31696429
vt 0.14895833 0.31696429
vt 0.14895833 0.31696429
vt 0.14895833 0.31696429
vt 0.14895833 0.31696429
vt 0.14895833 0.31696429
vt 0.14895833 0.31696429
vt 0.14895833 0.31696429
vt 0.14895833 0.31696429
vt 0.14895833 0.31696429
vt 0.14895833 0.31696429
vt 0.14895833 0.31696429
vt 0.14895833 0.31696429
vt 0.14895833 0.31696429
vt 0.14895833 0.31696429
vt 0.14895833 0.31696429
vt 0.14895833 0.31696429
vt 0.14895833 0.31696429
vt 0.14895833 0.31696429
vt 0.14895833 0.31696429
vt 0.14895833 0.31696429
vt 0.14895833 0.31696429
vt 0.14895833 0.31696429
vt 0.14895833 0.31696429
vt 0.14895833 0.31696429
vt 0.14895833 0.31696429
vt 0.14895833 0.31696429
vt 0.14895833 0.31696429
vt 0.14895833 0.31696429
vt 0.14895833 0.31696429
vt 0.14895833 0.31696429
vt 0.14895833 0.31696429
vt 0.14895833 0.31696429
vt 0.14895833 0.31696429
vt 0.14895833 0.31696429
vt 0.14895833 0.31696429
vt 0.14895833 0.31696429
vt 0.14895833 0.31696429
vt 0.14895833 0.31696429
vt 0.14895833 0.31696429
vt 0.14895833 0.31696429
vt 0.14895833 0.31696429
vt 0.14895833 0.31696429
vt 0.14895833 0.31696429
vt 0.14895833 0.31696429
vt 0.14895833 0.31696429
vt 0.14895833 0.31696429
vt 0.14895833 0.31696429
vt 0.14895833 0.31696429
vt 0.14895833 0.31696429
vt 0.14895833 0.31696429
vt 0.14895833 0.31696429
vt 0.14895833 0.31696429
vt 0.14895833 0.31696429
vt 0.14895833 0.31696429
vt 0.14895833 0.31696429
vt 0.14895833 0.31696429
vt 0.14895833 0.31696429
vt 0.14895833 0.31696429
vt 0.14895833 0.31696429
vt 0.14895833 0.31696429
vt 0.14895833 0.31696429
vt 0.14895833 0.31696429
vt 0.14895833 0.31696429
vt 0.14895833 0.31696429
vt 0.14895833 0.31696429
vt 0.14895833 0.31696429
vt 0.14895833 0.31696429
vt 0.14895833 0.31696429
vt 0.14895833 0.31696429
vt 0.14895833 0.31696429
vt 0.14895833 0.31696429
vt 0.14895833 0.31696429
vt 0.14895833 0.31696429
vt 0.14895833 0.31696429
vt 0.14895833 0.31696429
vt 0.14895833 0.31696429
vt 0.14895833 0.31696429
vt 0.14895833 0.31696429
vt 0.14895833 0.31696429
vt 0.14895833 0.31696429
vt 0.14895833 0.31696429
vt 0.14895833 0.31696429
vt 0.14895833 0.31696429
vt 0.14895833 0.31696429
vt 0.14895833 0.31696429
vt 0.14895833 0.31696429
vt 0.14895833 0.31696429
vt 0.14895833 0.31696429
vt 0.14895833 0.31696429
vt 0.14895833 0.31696429
vt 0.14895833 0.31696429
vt 0.14895833 0.31696429
vt 0.14895833 0.31696429
vt 0.14895833 0.31696429
vt 0.14895833 0.31696429
vt 0.14895833 0.31696429
vt 0.14895833 0.31696429
vt 0.14895833 0.31696429
vt 0.14895833 0.31696429
vt 0.14895833 0.31696429
vt 0.14895833 0.31696429
vt 0.14895833 0.31696429
vt 0.14895833 0.31696429
vt 0.14895833 0.31696429
vt 0.14895833 0.31696429
vt 0.14895833 0.31696429
vt 0.14895833 0.31696429
vt 0.14895833 0.31696429
vt 0.14895833 0.31696429
vt 0.14895833 0.31696429
vt 0.14895833 0.31696429
vt 0.14895833 0.31696429
vt 0.14895833 0.31696429
vt 0.14895833 0.31696429
vt 0.14895833 0.31696429
vt 0.14895833 0.31696429
vt 0.14895833 0.31696429
vt 0.14895833 0.31696429
vt 0.14895833 0.31696429
vt 0.14895833 0.31696429
vt 0.14895833 0.31696429
vt 0.14895833 0.31696429
vt 0.14895833 0.31696429
vt 0.14895833 0.31696429
vt 0.14895833 0.31696429
vt 0.14895833 0.31696429
vt 0.14895833 0.31696429
vt 0.14895833 0.31696429
vt 0.14895833 0.31696429
vt 0.14895833 0.31696429
vt 0.14895833 0.31696429
vt 0.14895833 0.31696429
vt 0.14895833 0.31696429
vt 0.14895833 0.31696429
vt 0.14895833 0.31696429
vt 0.14895833 0.31696429
vt 0.14895833 0.31696429
vt 0.14895833 0.31696429
vt 0.14895833 0.31696429
vt 0.14895833 0.31696429
vt 0.14895833 0.31696429
vt 0.14895833 0.31696429
vt 0.14895833 0.31696429
vt 0.14895833 0.31696429
vt 0.14895833 0.31696429
vt 0.14895833 0.31696429
vt 0.14895833 0.31696429
vt 0.14895833 0.31696429
vt 0.14895833 0.31696429
vt 0.14895833 0.31696429
vt 0.14895833 0.31696429
vt 0.14895833 0.31696429
vt 0.14895833 0.31696429
vt 0.14895833 0.31696429
vt 0.14895833 0.31696429
vt 0.14895833 0.31696429
vt 0.14895833 0.31696429
vt 0.14895833 0.31696429
vt 0.14895833 0.31696429
vt 0.14895833 0.31696429
vt 0.14895833 0.31696429
vt 0.14895833 0.31696429
vt 0.14895833 0.31696429
vt 0.14895833 0.31696429
vt 0.14895833 0.31696429
vt 0.14895833 0.31696429
vt 0.14895833 0.31696429
vt 0.14895833 0.31696429
vt 0.14895833 0.31696429
vt 0.14895833 0.31696429
vt 0.14895833 0.31696429
vt 0.14895833 0.31696429
vt 0.14895833 0.31696429
vt 0.14895833 0.31696429
vt 0.14895833 0.31696429
vt 0.14895833 0.31696429
vt 0.14895833 0.31696429
vt 0.14895833 0.31696429
vt 0.14895833 0.31696429
vt 0.14895833 0.31696429
vt 0.14895833 0.31696429
vt 0.14895833 0.31696429
vt 0.14895833 0.31696429
vt 0.14895833 0.31696429
vt 0.14895833 0.31696429
vt 0.14895833 0.31696429
vt 0.14895833 0.31696429
vt 0.14895833 0.31696429
vt 0.14895833 0.31696429
vt 0.14895833 0.31696429
vt 0.14895833 0.31696429
vt 0.14895833 0.31696429
vt 0.14895833 0.31696429
vt 0.14895833 0.31696429
vt 0.14895833 0.31696429
vt 0.14895833 0.31696429
vt 0.14895833 0.31696429
vt 0.14895833 0.31696429
vt 0.14895833 0.31696429
vt 0.14895833 0.31696429
vt 0.14895833 0.31696429
vt 0.14895833 0.31696429
vt 0.14895833 0.31696429
vt 0.14895833 0.31696429
vt 0.14895833 0.31696429
vt 0.14895833 0.31696429
vt 0.14895833 0.31696429
vt 0.14895833 0.31696429
vt 0.14895833 0.31696429
vt 0.14895833 0.31696429
vt 0.14895833 0.31696429
vt 0.14895833 0.31696429
vt 0.14895833 0.31696429
vt 0.14895833 0.31696429
vt 0.14895833 0.31696429
vt 0.14895833 0.31696429
vt 0.14895833 0.31696429
vt 0.14895833 0.31696429
vt 0.14895833 0.31696429
vt 0.14895833 0.31696429
vt 0.14895833 0.31696429
vt 0.14895833 0.31696429
vt 0.14895833 0.31696429
vt 0.14895833 0.31696429
vt 0.14895833 0.31696429
vt 0.14895833 0.31696429
vt 0.14895833 0.31696429
vt 0.14895833 0.31696429
vt 0.14895833 0.31696429
vt 0.14895833 0.31696429
vt 0.14895833 0.31696429
vt 0.14895833 0.31696429
vt 0.14895833 0.31696429
vt 0.14895833 0.31696429
vt 0.14895833 0.31696429
vt 0.14895833 0.31696429
vt 0.14895833 0.31696429
vt 0.14895833 0.31696429
vt 0.14895833 0.31696429
vt 0.14895833 0.31696429
vt 0.14895833 0.31696429
vt 0.14895833 0.31696429
vt 0.14895833 0.31696429
vt 0.14895833 0.31696429
vt 0.14895833 0.31696429
vt 0.14895833 0.31696429
vt 0.14895833 0.31696429
vt 0.14895833 0.31696429
vt 0.14895833 0.31696429
vt 0.14895833 0.31696429
vt 0.14895833 0.31696429
vt 0.14895833 0.31696429
vt 0.14895833 0.31696429
vt 0.14895833 0.31696429
vt 0.14895833 0.31696429
vt 0.14895833 0.31696429
vt 0.14895833 0.31696429
vt 0.14895833 0.31696429
vt 0.14895833 0.31696429
vt 0.14895833 0.31696429
vt 0.14895833 0.31696429
vt 0.14895833 0.31696429
vt 0.14895833 0.31696429
vt 0.14895833 0.31696429
vt 0.14895833 0.31696429
vt 0.14895833 0.31696429
vt 0.14895833 0.31696429
vt 0.14895833 0.31696429
vt 0.14895833 0.31696429
vt 0.14895833 0.31696429
vt 0.14895833 0.31696429
vt 0.14895833 0.31696429
vt 0.14895833 0.31696429
vt 0.14895833 0.31696429
vt 0.14895833 0.31696429
vt 0.14895833 0.31696429
vt 0.14895833 0.31696429
vt 0.14895833 0.31696429
vt 0.14895833 0.31696429
vt 0.14895833 0.31696429
vt 0.14895833 0.31696429
vt 0.14895833 0.31696429
vt 0.14895833 0.31696429
vt 0.14895833 0.31696429
vt 0.14895833 0.31696429
vt 0.14895833 0.31696429
vt 0.14895833 0.31696429
vt 0.14895833 0.31696429
vt 0.14895833 0.31696429
vt 0.14895833 0.31696429
vt 0.14895833 0.31696429
vt 0.14895833 0.31696429
vt 0.14895833 0.31696429
vt 0.14895833 0.31696429
vt 0.14895833 0.31696429
vt 0.14895833 0.31696429
vt 0.14895833 0.31696429
vt 0.14895833 0.31696429
vt 0.14895833 0.31696429
vt 0.14895833 0.31696429
vt 0.14895833 0.31696429
vt 0.14895833 0.31696429
vt 0.14895833 0.31696429
vt 0.14895833 0.31696429
vt 0.14895833 0.31696429
vt 0.14895833 0.31696429
vt 0.14895833 0.31696429
vt 0.14895833 0.31696429
vt 0.14895833 0.31696429
vt 0.14895833 0.31696429
vt 0.14895833 0.31696429
vt 0.14895833 0.31696429
vt 0.14895833 0.31696429
vt 0.14895833 0.31696429
vt 0.14895833 0.31696429
vt 0.14895833 0.31696429
vt 0.14895833 0.31696429
vt 0.14895833 0.31696429
vt 0.14895833 0.31696429
vt 0.14895833 0.31696429
vt 0.14895833 0.31696429
vt 0.14895833 0.31696429
vt 0.14895833 0.31696429
vt 0.14895833 0.31696429
vt 0.14895833 0.31696429
vt 0.14895833 0.31696429
vt 0.14895833 0.31696429
vt 0.14895833 0.31696429
vt 0.14895833 0.31696429
vt 0.14895833 0.31696429
vt 0.14895833 0.31696429
vt 0.14895833 0.31696429
vt 0.14895833 0.31696429
vt 0.14895833 0.31696429
vt 0.14895833 0.31696429
vt 0.14895833 0.31696429
vt 0.14895833 0.31696429
vt 0.14895833 0.31696429
vt 0.14895833 0.31696429
vt 0.14895833 0.31696429
vt 0.14895833 0.31696429
vt 0.14895833 0.31696429
vt 0.14895833 0.31696429
vt 0.14895833 0.31696429
vt 0.14895833 0.31696429
vt 0.14895833 0.31696429
vt 0.14895833 0.31696429
vt 0.14895833 0.31696429
vt 0.14895833 0.31696429
vt 0.14895833 0.31696429
vt 0.14895833 0.31696429
vt 0.14895833 0.31696429
vt 0.14895833 0.31696429
vt 0.14895833 0.31696429
vt 0.14895833 0.31696429
vt 0.14895833 0.31696429
vt 0.14895833 0.31696429
vt 0.14895833 0.31696429
vt 0.14895833 0.31696429
vt 0.14895833 0.31696429
vt 0.14895833 0.31696429
vt 0.14895833 0.31696429
vt 0.14895833 0.31696429
vt 0.14895833 0.31696429
vt 0.14895833 0.31696429
vt 0.14895833 0.31696429
vt 0.14895833 0.31696429
vt 0.14895833 0.31696429
vt 0.14895833 0.31696429
vt 0.14895833 0.31696429
vt 0.14895833 0.31696429
vt 0.14895833 0.31696429
vt 0.14895833 0.31696429
vt 0.14895833 0.31696429
vt 0.14895833 0.31696429
vt 0.14895833 0.31696429
vt 0.14895833 0.31696429
vt 0.14895833 0.31696429
vt 0.14895833 0.31696429
vt 0.14895833 0.31696429
vt 0.14895833 0.31696429
vt 0.14895833 0.31696429
vt 0.14895833 0.31696429
vt 0.14895833 0.31696429
vt 0.14895833 0.31696429
vt 0.14895833 0.31696429
vt 0.14895833 0.31696429
vt 0.14895833 0.31696429
vt 0.14895833 0.31696429
vt 0.14895833 0.31696429
vt 0.14895833 0.31696429
vt 0.14895833 0.31696429
vt 0.14895833 0.31696429
vt 0.14895833 0.31696429
vt 0.14895833 0.31696429
vt 0.14895833 0.31696429
vt 0.14895833 0.31696429
vt 0.14895833 0.31696429
vt 0.14895833 0.31696429
vt 0.14895833 0.31696429
vt 0.14895833 0.31696429
vt 0.14895833 0.31696429
vt 0.14895833 0.31696429
vt 0.14895833 0.31696429
vt 0.14895833 0.31696429
vt 0.14895833 0.31696429
vt 0.14895833 0.31696429
vt 0.14895833 0.31696429
vt 0.14895833 0.31696429
vt 0.14895833 0.31696429
vt 0.14895833 0.31696429
vt 0.14895833 0.31696429
vt 0.14895833 0.31696429
vt 0.14895833 0.31696429
vt 0.14895833 0.31696429
vt 0.14895833 0.31696429
vt 0.14895833 0.31696429
vt 0.14895833 0.31696429
vt 0.14895833 0.31696429
vt 0.14895833 0.31696429
vt 0.14895833 0.31696429
vt 0.14895833 0.31696429
vt 0.14895833 0.31696429
vt 0.14895833 0.31696429
vt 0.14895833 0.31696429
vt 0.14895833 0.31696429
vt 0.14895833 0.31696429
vt 0.14895833 0.31696429
vt 0.14895833 0.31696429
vt 0.14895833 0.31696429
vt 0.14895833 0.31696429
vt 0.14895833 0.31696429
vt 0.14895833 0.31696429
vt 0.14895833 0.31696429
vt 0.14895833 0.31696429
vt 0.14895833 0.31696429
vt 0.14895833 0.31696429
vt 0.14895833 0.31696429
vt 0.14895833 0.31696429
vt 0.14895833 0.31696429
vt 0.14895833 0.31696429
vt 0.14895833 0.31696429
vt 0.14895833 0.31696429
vt 0.14895833 0.31696429
vt 0.14895833 0.31696429
vt 0.14895833 0.31696429
vt 0.14895833 0.31696429
vt 0.14895833 0.31696429
vt 0.14895833 0.31696429
vt 0.14895833 0.31696429
vt 0.14895833 0.31696429
vt 0.14895833 0.31696429
vt 0.14895833 0.31696429
vt 0.14895833 0.31696429
vt 0.14895833 0.31696429
vt 0.14895833 0.31696429
vt 0.14895833 0.31696429
vt 0.14895833 0.31696429
vt 0.14895833 0.31696429
vt 0.14895833 0.31696429
vt 0.14895833 0.31696429
vt 0.14895833 0.31696429
vt 0.14895833 0.31696429
vt 0.14895833 0.31696429
vt 0.14895833 0.31696429
vt 0.14895833 0.31696429
vt 0.14895833 0.31696429
vt 0.14895833 0.31696429
vt 0.14895833 0.31696429
vt 0.14895833 0.31696429
vt 0.14895833 0.31696429
vt 0.14895833 0.31696429
vt 0.14895833 0.31696429
vt 0.14895833 0.31696429
vt 0.14895833 0.31696429
vt 0.14895833 0.31696429
vt 0.14895833 0.31696429
vt 0.14895833 0.31696429
vt 0.14895833 0.31696429
vt 0.14895833 0.31696429
vt 0.14895833 0.31696429
vt 0.14895833 0.31696429
vt 0.14895833 0.31696429
vt 0.14895833 0.31696429
vt 0.14895833 0.31696429
vt 0.14895833 0.31696429
vt 0.14895833 0.31696429
vt 0.14895833 0.31696429
vt 0.14895833 0.31696429
vt 0.14895833 0.31696429
vt 0.14895833 0.31696429
vt 0.14895833 0.31696429
vt 0.14895833 0.31696429
vt 0.14895833 0.31696429
vt 0.14895833 0.31696429
vt 0.14895833 0.31696429
vt 0.14895833 0.31696429
vt 0.14895833 0.31696429
vt 0.14895833 0.31696429
vt 0.14895833 0.31696429
vt 0.14895833 0.31696429
vt 0.14895833 0.31696429
vt 0.14895833 0.31696429
vt 0.14895833 0.31696429
vt 0.14895833 0.31696429
vt 0.14895833 0.31696429
vt 0.14895833 0.31696429
vt 0.14895833 0.31696429
vt 0.14895833 0.31696429
vt 0.14895833 0.31696429
vt 0.14895833 0.31696429
vt 0.14895833 0.31696429
vt 0.14895833 0.31696429
vt 0.14895833 0.31696429
vt 0.14895833 0.31696429
vt 0.14895833 0.31696429
vt 0.14895833 0.31696429
vt 0.14895833 0.31696429
vt 0.14895833 0.31696429
vt 0.14895833 0.31696429
vt 0.14895833 0.31696429
vt 0.14895833 0.31696429
vt 0.14895833 0.31696429
vt 0.14895833 0.31696429
vt 0.14895833 0.31696429
vt 0.14895833 0.31696429
vt 0.14895833 0.31696429
vt 0.14895833 0.31696429
vt 0.14895833 0.31696429
vt 0.14895833 0.31696429
vt 0.14895833 0.31696429
vt 0.14895833 0.31696429
vt 0.14895833 0.31696429
vt 0.14895833 0.31696429
vt 0.14895833 0.31696429
vt 0.14895833 0.31696429
vt 0.14895833 0.31696429
vt 0.14895833 0.31696429
vt 0.14895833 0.31696429
vt 0.14895833 0.31696429
vt 0.14895833 0.31696429
vt 0.14895833 0.31696429
vt 0.14895833 0.31696429
vt 0.14895833 0.31696429
vt 0.14895833 0.31696429
vt 0.14895833 0.31696429
vt 0.14895833 0.31696429
vt 0.14895833 0.31696429
vt 0.14895833 0.31696429
vt 0.14895833 0.31696429
vt 0.14895833 0.31696429
vt 0.14895833 0.31696429
vt 0.14895833 0.31696429
vt 0.14895833 0.31696429
vt 0.14895833 0.31696429
vt 0.14895833 0.31696429
vt 0.14895833 0.31696429
vt 0.14895833 0.31696429
vt 0.14895833 0.31696429
vt 0.14895833 0.31696429
vt 0.14895833 0.31696429
vt 0.14895833 0.31696429
vt 0.14895833 0.31696429
vt 0.14895833 0.31696429
vt 0.14895833 0.31696429
vt 0.14895833 0.31696429
vt 0.14895833 0.31696429
vt 0.14895833 0.31696429
vt 0.14895833 0.31696429
vt 0.14895833 0.31696429
vt 0.14895833 0.31696429
vt 0.14895833 0.31696429
vt 0.14895833 0.31696429
vt 0.14895833 0.31696429
vt 0.14895833 0.31696429
vt 0.14895833 0.31696429
vt 0.14895833 0.31696429
vt 0.14895833 0.31696429
vt 0.14895833 0.31696429
vt 0.14895833 0.31696429
vt 0.14895833 0.31696429
vt 0.14895833 0.31696429
vt 0.14895833 0.31696429
vt 0.14895833 0.31696429
vt 0.14895833 0.31696429
vt 0.14895833 0.31696429
vt 0.14895833 0.31696429
vt 0.14895833 0.31696429
vt 0.14895833 0.31696429
vt 0.14895833 0.31696429
vt 0.14895833 0.31696429
vt 0.14895833 0.31696429
vt 0.14895833 0.31696429
vt 0.14895833 0.31696429
vt 0.14895833 0.31696429
vt 0.14895833 0.31696429
vt 0.14895833 0.31696429
vt 0.14895833 0.31696429
vt 0.14895833 0.31696429
vt 0.14895833 0.31696429
vt 0.14895833 0.31696429
vt 0.14895833 0.31696429
vt 0.14895833 0.31696429
vt 0.14895833 0.31696429
vt 0.14895833 0.31696429
vt 0.14895833 0.31696429
vt 0.14895833 0.31696429
vt 0.14895833 0.31696429
vt 0.14895833 0.31696429
vt 0.14895833 0.31696429
vt 0.14895833 0.31696429
vt 0.14895833 0.31696429
vt 0.14895833 0.31696429
vt 0.14895833 0.31696429
vt 0.14895833 0.31696429
vt 0.14895833 0.31696429
vt 0.14895833 0.31696429
vt 0.14895833 0.31696429
vt 0.14895833 0.31696429
vt 0.14895833 0.31696429
vt 0.14895833 0.31696429
vt 0.14895833 0.31696429
vt 0.14895833 0.31696429
vt 0.14895833 0.31696429
vt 0.14895833 0.31696429
vt 0.14895833 0.31696429
vt 0.14895833 0.31696429
vt 0.14895833 0.31696429
vt 0.14895833 0.31696429
vt 0.14895833 0.31696429
vt 0.14895833 0.31696429
vt 0.14895833 0.31696429
vt 0.14895833 0.31696429
vt 0.14895833 0.31696429
vt 0.14895833 0.31696429
vt 0.14895833 0.31696429
vt 0.14895833 0.31696429
vt 0.14895833 0.31696429
vt 0.14895833 0.31696429
vt 0.14895833 0.31696429
vt 0.14895833 0.31696429
vt 0.14895833 0.31696429
vt 0.14895833 0.31696429
vt 0.14895833 0.31696429
vt 0.14895833 0.31696429
vt 0.14895833 0.31696429
vt 0.14895833 0.31696429
vt 0.14895833 0.31696429
vt 0.14895833 0.31696429
vt 0.14895833 0.31696429
vt 0.14895833 0.31696429
vt 0.14895833 0.31696429
vt 0.14895833 0.31696429
vt 0.14895833 0.31696429
vt 0.14895833 0.31696429
vt 0.14895833 0.31696429
vt 0.14895833 0.31696429
vt 0.14895833 0.31696429
vt 0.14895833 0.31696429
vt 0.14895833 0.31696429
vt 0.14895833 0.31696429
vt 0.14895833 0.31696429
vt 0.14895833 0.31696429
vt 0.14895833 0.31696429
vt 0.14895833 0.31696429
vt 0.14895833 0.31696429
vt 0.14895833 0.31696429
vt 0.14895833 0.31696429
vt 0.14895833 0.31696429
vt 0.14895833 0.31696429
vt 0.14895833 0.31696429
vt 0.14895833 0.31696429
vt 0.14895833 0.31696429
vt 0.14895833 0.31696429
vt 0.14895833 0.31696429
vt 0.14895833 0.31696429
vt 0.14895833 0.31696429
vt 0.14895833 0.31696429
vt 0.14895833 0.31696429
vt 0.14895833 0.31696429
vt 0.14895833 0.31696429
vt 0.14895833 0.31696429
vt 0.14895833 0.31696429
vt 0.14895833 0.31696429
vt 0.14895833 0.31696429
vt 0.14895833 0.31696429
vt 0.14895833 0.31696429
vt 0.14895833 0.31696429
vt 0.14895833 0.31696429
vt 0.14895833 0.31696429
vt 0.14895833 0.31696429
vt 0.14895833 0.31696429
vt 0.14895833 0.31696429
vt 0.14895833 0.31696429
vt 0.14895833 0.31696429
vt 0.14895833 0.31696429
vt 0.14895833 0.31696429
vt 0.14895833 0.31696429
vt 0.14895833 0.31696429
vt 0.14895833 0.31696429
vt 0.14895833 0.31696429
vt 0.14895833 0.31696429
vt 0.14895833 0.31696429
vt 0.14895833 0.31696429
vt 0.14895833 0.31696429
vt 0.14895833 0.31696429
vt 0.14895833 0.31696429
vt 0.14895833 0.31696429
vt 0.14895833 0.31696429
vt 0.14895833 0.31696429
vt 0.14895833 0.31696429
vt 0.14895833 0.31696429
vt 0.14895833 0.31696429
vt 0.14895833 0.31696429
vt 0.14895833 0.31696429
vt 0.14895833 0.31696429
vt 0.14895833 0.31696429
vt 0.14895833 0.31696429
vt 0.14895833 0.31696429
vt 0.14895833 0.31696429
vt 0.14895833 0.31696429
vt 0.14895833 0.31696429
vt 0.14895833 0.31696429
vt 0.14895833 0.31696429
vt 0.14895833 0.31696429
vt 0.14895833 0.31696429
vt 0.14895833 0.31696429
vt 0.14895833 0.31696429
vt 0.14895833 0.31696429
vt 0.14895833 0.31696429
vt 0.14895833 0.31696429
vt 0.14895833 0.31696429
vt 0.14895833 0.31696429
vt 0.14895833 0.31696429
vt 0.14895833 0.31696429
vt 0.14895833 0.31696429
vt 0.14895833 0.31696429
vt 0.14895833 0.31696429
vt 0.14895833 0.31696429
vt 0.14895833 0.31696429
vt 0.14895833 0.31696429
vt 0.14895833 0.31696429
vt 0.14895833 0.31696429
vt 0.14895833 0.31696429
vt 0.14895833 0.31696429
vt 0.14895833 0.31696429
vt 0.14895833 0.31696429
vt 0.14895833 0.31696429
vt 0.14895833 0.31696429
vt 0.14895833 0.31696429
vt 0.14895833 0.31696429
vt 0.14895833 0.31696429
vt 0.14895833 0.31696429
vt 0.14895833 0.31696429
vt 0.14895833 0.31696429
vt 0.14895833 0.31696429
vt 0.14895833 0.31696429
vt 0.14895833 0.31696429
vt 0.14895833 0.31696429
vt 0.14895833 0.31696429
vt 0.14895833 0.31696429
vt 0.14895833 0.31696429
vt 0.14895833 0.31696429
vt 0.14895833 0.31696429
vt 0.14895833 0.31696429
vt 0.14895833 0.31696429
vt 0.14895833 0.31696429
vt 0.14895833 0.31696429
vt 0.14895833 0.31696429
vt 0.14895833 0.31696429
vt 0.14895833 0.31696429
vt 0.14895833 0.31696429
vt 0.14895833 0.31696429
vt 0.14895833 0.31696429
vt 0.14895833 0.31696429
vt 0.14895833 0.31696429
vt 0.14895833 0.31696429
vt 0.14895833 0.31696429
vt 0.14895833 0.31696429
vt 0.14895833 0.31696429
vt 0.14895833 0.31696429
vt 0.14895833 0.31696429
vt 0.14895833 0.31696429
vt 0.14895833 0.31696429
vt 0.14895833 0.31696429
vt 0.14895833 0.31696429
vt 0.14895833 0.31696429
vt 0.14895833 0.31696429
vt 0.14895833 0.31696429
vt 0.14895833 0.31696429
vt 0.14895833 0.31696429
vt 0.14895833 0.31696429
vt 0.14895833 0.31696429
vt 0.14895833 0.31696429
vt 0.14895833 0.31696429
vt 0.14895833 0.31696429
vt 0.14895833 0.31696429
vt 0.14895833 0.31696429
vt 0.14895833 0.31696429
vt 0.14895833 0.31696429
vt 0.14895833 0.31696429
vt 0.14895833 0.31696429
vt 0.14895833 0.31696429
vt 0.14895833 0.31696429
vt 0.14895833 0.31696429
vt 0.14895833 0.31696429
vt 0.14895833 0.31696429
vt 0.14895833 0.31696429
vt 0.14895833 0.31696429
vt 0.14895833 0.31696429
vt 0.14895833 0.31696429
f 1/1 2/2 3/3
f 3/3 2/2 4/4
f 5/5 6/6 7/7
f 7/7 6/6 8/8
f 7/7 8/8 9/9
f 9/9 8/8 10/10
f 9/9 10/10 11/11
f 11/11 10/10 12/12
f 11/11 12/12 13/13
f 13/13 12/12 14/14
f 13/13 14/14 15/15
f 15/15 14/14 16/16
f 15/15 16/16 17/17
f 17/17 16/16 18/18
f 17/17 18/18 19/19
f 19/19 18/18 20/20
f 19/19 20/20 21/21
f 21/21 20/20 22/22
f 21/21 22/22 23/23
f 23/23 22/22 24/24
f 23/23 24/24 25/25
f 25/25 24/24 26/26
f 25/25 26/26 27/27
f 27/27 26/26 28/28
f 27/27 28/28 29/29
f 29/29 28/28 30/30
f 29/29 30/30 31/31
f 31/31 30/30 32/32
f 31/31 32/32 33/33
f 33/33 32/32 34/34
f 33/33 34/34 35/35
f 35/35 34/34 36/36
f 35/35 36/36 37/37
f 37/37 36/36 38/38
f 37/37 38/38 39/39
f 39/39 38/38 40/40
f 39/39 40/40 41/41
f 41/41 40/40 42/42
f 41/41 42/42 43/43
f 43/43 42/42 44/44
f 43/43 44/44 45/45
f 45/45 44/44 46/46
f 45/45 46/46 47/47
f 47/47 46/46 48/48
f 47/47 48/48 49/49
f 49/49 48/48 50/50
f 49/49 50/50 51/51
f 51/51 50/50 52/52
f 51/51 52/52 53/53
f 53/53 52/52 54/54
f 53/53 54/54 55/55
f 55/55 54/54 56/56
f 55/55 56/56 57/57
f 57/57 56/56 58/58
f 57/57 58/58 59/59
f 59/59 58/58 60/60
f 59/59 60/60 61/61
f 61/61 60/60 62/62
f 61/61 62/62 63/63
f 63/63 62/62 64/64
f 63/63 64/64 65/65
f 65/65 64/64 66/66
f 65/65 66/66 67/67
f 67/67 66/66 68/68
f 67/67 68/68 69/69
f 69/69 68/68 70/70
f 69/69 70/70 71/71
f 71/71 70/70 72/72
f 71/71 72/72 73/73
f 73/73 72/72 74/74
f 73/73 74/74 75/75
f 75/75 74/74 76/76
f 75/75 76/76 77/77
f 77/77 76/76 78/78
f 77/77 78/78 79/79
f 79/79 78/78 80/80
f 79/79 80/80 81/81
f 81/81 80/80 82/82
f 81/81 82/82 83/83
f 83/83 82/82 84/84
f 83/83 84/84 85/85
f 85/85 84/84 86/86
f 85/85 86/86 87/87
f 87/87 86/86 88/88
f 87/87 88/88 89/89
f 89/89 88/88 90/90
f 89/89 90/90 91/91
f 91/91 90/90 92/92
f 91/91 92/92 93/93
f 93/93 92/92 94/94
f 93/93 94/94 95/95
f 95/95 94/94 96/96
f 95/95 96/96 97/97
f 97/97 96/96 98/98
f 97/97 98/98 99/99
f 99/99 98/98 100/100
f 99/99 100/100 101/101
f 101/101 100/100 102/102
f 101/101 102/102 103/103
f 103/103 102/102 104/104
f 103/103 104/104 105/105
f 105/105 104/104 106/106
f 105/105 106/106 107/107
f 107/107 106/106 108/108
f 107/107 108/108 109/109
f 109/109 108/108 110/110
f 109/109 110/110 111/111
f 111/111 110/110 112/112
f 111/111 112/112 113/113
f 113/113 112/112 114/114
f 113/113 114/114 115/115
f 115/115 114/114 116/116
f 115/115 116/116 117/117
f 117/117 116/116 118/118
f 117/117 118/118 119/119
f 119/119 118/118 120/120
f 119/119 120/120 121/121
f 121/121 120/120 122/122
f 121/121 122/122 1/1
f 1/1 122/122 2/2
f 123/123 124/124 125/125
f 125/125 124/124 126/126
f 127/127 128/128 129/129
f 129/129 128/128 130/130
f 129/129 130/130 131/131
f 131/131 130/130 132/132
f 131/131 132/132 133/133
f 133/133 132/132 134/134
f 133/133 134/134 135/135
f 135/135 134/134 136/136
f 135/135 136/136 137/137
f 137/137 136/136 138/138
f 137/137 138/138 139/139
f 139/139 138/138 140/140
f 139/139 140/140 141/141
f 141/141 140/140 142/142
f 141/141 142/142 143/143
f 143/143 142/142 144/144
f 143/143 144/144 145/145
f 145/145 144/144 146/146
f 145/145 146/146 147/147
f 147/147 146/146 148/148
f 147/147 148/148 149/149
f 149/149 148/148 150/150
f 149/149 150/150 151/151
f 151/151 150/150 152/152
f 151/151 152/152 153/153
f 153/153 152/152 154/154
f 153/153 154/154 155/155
f 155/155 154/154 156/156
f 155/155 156/156 157/157
f 157/157 156/156 158/158
f 157/157 158/158 159/159
f 159/159 158/158 160/160
f 159/159 160/160 161/161
f 161/161 160/160 162/162
f 161/161 162/162 163/163
f 163/163 162/162 164/164
f 163/163 164/164 165/165
f 165/165 164/164 166/166
f 165/165 166/166 167/167
f 167/167 166/166 168/168
f 167/167 168/168 169/169
f 169/169 168/168 170/170
f 169/169 170/170 171/171
f 171/171 170/170 172/172
f 171/171 172/172 173/173
f 173/173 172/172 174/174
f 173/173 174/174 175/175
f 175/175 174/174 176/176
f 175/175 176/176 177/177
f 177/177 176/176 178/178
f 177/177 178/178 179/179
f 179/179 178/178 180/180
f 179/179 180/180 181/181
f 181/181 180/180 182/182
f 181/181 182/182 183/183
f 183/183 182/182 184/184
f 183/183 184/184 185/185
f 185/185 184/184 186/186
f 185/185 186/186 187/187
f 187/187 186/186 188/188
f 187/187 188/188 189/189
f 189/189 188/188 190/190
f 189/189 190/190 191/191
f 191/191 190/190 192/192
f 191/191 192/192 193/193
f 193/193 192/192 194/194
f 193/193 194/194 195/195
f 195/195 194/194 196/196
f 195/195 196/196 197/197
f 197/197 196/196 198/198
f 197/197 198/198 199/199
f 199/199 198/198 200/200
f 199/199 200/200 201/201
f 201/201 200/200 202/202
f 201/201 202/202 203/203
f 203/203 202/202 204/204
f 203/203 204/204 205/205
f 205/205 204/204 206/206
f 205/205 206/206 207/207
f 207/207 206/206 208/208
f 207/207 208/208 209/209
f 209/209 208/208 210/210
f 209/209 210/210 211/211
f 211/211 210/210 212/212
f 211/211 212/212 213/213
f 213/213 212/212 214/214
f 213/213 214/214 215/215
f 215/215 214/214 216/216
f 215/215 216/216 217/217
f 217/217 216/216 218/218
f 217/217 218/218 219/219
f 219/219 218/218 220/220
f 219/219 220/220 221/221
f 221/221 220/220 222/222
f 221/221 222/222 223/223
f 223/223 222/222 224/224
f 223/223 224/224 225/225
f 225/225 224/224 226/226
f 225/225 226/226 227/227
f 227/227 226/226 228/228
f 227/227 228/228 229/229
f 229/229 228/228 230/230
f 229/229 230/230 231/231
f 231/231 230/230 232/232
f 231/231 232/232 233/233
f 233/233 232/232 234/234
f 233/233 234/234 235/235
f 235/235 234/234 236/236
f 235/235 236/236 237/237
f 237/237 236/236 238/238
f 237/237 238/238 239/239
f 239/239 238/238 240/240
f 239/239 240/240 241/241
f 241/241 240/240 242/242
f 241/241 242/242 243/243
f 243/243 242/242 244/244
f 243/243 244/244 123/123
f 123/123 244/244 124/124
f 245/245 246/246 247/247
f 247/247 246/246 248/248
f 247/247 248/248 249/249
f 246/246 245/245 250/250
f 250/250 245/245 251/251
f 250/250 251/251 252/252
f 252/252 251/251 253/253
f 252/252 253/253 254/254
f 254/254 253/253 255/255
f 254/254 255/255 256/256
f 256/256 255/255 257/257
f 256/256 257/257 258/258
f 258/258 257/257 259/259
f 258/258 259/259 260/260
f 260/260 259/259 261/261
f 260/260 261/261 262/262
f 262/262 261/261 263/263
f 262/262 263/263 264/264
f 264/264 263/263 265/265
f 264/264 265/265 266/266
f 266/266 265/265 267/267
f 266/266 267/267 268/268
f 268/268 267/267 269/269
f 268/268 269/269 270/270
f 270/270 269/269 271/271
f 270/270 271/271 272/272
f 272/272 271/271 273/273
f 272/272 273/273 274/274
f 274/274 273/273 275/275
f 274/274 275/275 276/276
f 276/276 275/275 277/277
f 276/276 277/277 278/278
f 278/278 277/277 279/279
f 278/278 279/279 280/280
f 280/280 279/279 281/281
f 280/280 281/281 282/282
f 282/282 281/281 283/283
f 282/282 283/283 284/284
f 284/284 283/283 285/285
f 284/284 285/285 286/286
f 286/286 285/285 287/287
f 286/286 287/287 288/288
f 288/288 287/287 289/289
f 288/288 289/289 290/290
f 290/290 289/289 291/291
f 290/290 291/291 292/292
f 292/292 291/291 293/293
f 292/292 293/293 294/294
f 294/294 293/293 295/295
f 294/294 295/295 296/296
f 296/296 295/295 297/297
f 296/296 297/297 298/298
f 298/298 297/297 299/299
f 298/298 299/299 300/300
f 300/300 299/299 301/301
f 300/300 301/301 302/302
f 302/302 301/301 303/303
f 302/302 303/303 304/304
f 304/304 303/303 305/305
f 304/304 305/305 306/306
f 306/306 305/305 307/307
f 307/307 305/305 308/308
f 307/307 308/308 309/309
f 309/309 308/308 310/310
f 309/309 310/310 311/311
f 311/311 310/310 312/312
f 311/311 312/312 313/313
f 313/313 312/312 314/314
f 313/313 314/314 315/315
f 315/315 314/314 316/316
f 315/315 316/316 317/317
f 317/317 316/316 318/318
f 317/317 318/318 319/319
f 319/319 318/318 320/320
f 319/319 320/320 321/321
f 321/321 320/320 322/322
f 321/321 322/322 323/323
f 323/323 322/322 324/324
f 323/323 324/324 325/325
f 325/325 324/324 326/326
f 325/325 326/326 327/327
f 327/327 326/326 328/328
f 327/327 328/328 329/329
f 329/329 328/328 330/330
f 329/329 330/330 331/331
f 331/331 330/330 332/332
f 331/331 332/332 333/333
f 333/333 332/332 334/334
f 333/333 334/334 335/335
f 335/335 334/334 336/336
f 335/335 336/336 337/337
f 337/337 336/336 338/338
f 337/337 338/338 339/339
f 339/339 338/338 340/340
f 339/339 340/340 341/341
f 341/341 340/340 342/342
f 341/341 342/342 343/343
f 343/343 342/342 344/344
f 343/343 344/344 345/345
f 345/345 344/344 346/346
f 345/345 346/346 347/347
f 347/347 346/346 348/348
f 347/347 348/348 349/349
f 349/349 348/348 350/350
f 349/349 350/350 351/351
f 351/351 350/350 352/352
f 351/351 352/352 353/353
f 353/353 352/352 354/354
f 353/353 354/354 355/355
f 355/355 354/354 356/356
f 355/355 356/356 357/357
f 357/357 356/356 358/358
f 357/357 358/358 359/359
f 359/359 358/358 360/360
f 359/359 360/360 361/361
f 361/361 360/360 362/362
f 361/361 362/362 249/249
f 249/249 362/362 247/247
f 363/363 364/364 365/365
f 365/365 364/364 366/366
f 367/367 368/368 369/369
f 369/369 368/368 370/370
f 369/369 370/370 371/371
f 371/371 370/370 372/372
f 371/371 372/372 373/373
f 373/373 372/372 374/374
f 373/373 374/374 375/375
f 375/375 374/374 376/376
f 375/375 376/376 377/377
f 377/377 376/376 378/378
f 377/377 378/378 379/379
f 379/379 378/378 380/380
f 379/379 380/380 381/381
f 381/381 380/380 382/382
f 381/381 382/382 383/383
f 383/383 382/382 384/384
f 383/383 384/384 385/385
f 385/385 384/384 386/386
f 385/385 386/386 387/387
f 387/387 386/386 388/388
f 387/387 388/388 389/389
f 389/389 388/388 390/390
f 389/389 390/390 391/391
f 391/391 390/390 392/392
f 391/391 392/392 393/393
f 393/393 392/392 394/394
f 393/393 394/394 395/395
f 395/395 394/394 396/396
f 395/395 396/396 397/397
f 397/397 396/396 398/398
f 397/397 398/398 399/399
f 399/399 398/398 400/400
f 399/399 400/400 401/401
f 401/401 400/400 402/402
f 401/401 402/402 403/403
f 403/403 402/402 404/404
f 403/403 404/404 405/405
f 405/405 404/404 406/406
f 405/405 406/406 407/407
f 407/407 406/406 408/408
f 407/407 408/408 409/409
f 409/409 408/408 410/410
f 409/409 410/410 411/411
f 411/411 410/410 412/412
f 411/411 412/412 413/413
f 413/413 412/412 414/414
f 413/413 414/414 415/415
f 415/415 414/414 416/416
f 415/415 416/416 417/417
f 417/417 416/416 418/418
f 417/417 418/418 419/419
f 419/419 418/418 420/420
f 419/419 420/420 421/421
f 421/421 420/420 422/422
f 421/421 422/422 423/423
f 423/423 422/422 424/424
f 423/423 424/424 425/425
f 425/425 424/424 426/426
f 425/425 426/426 427/427
f 427/427 426/426 428/428
f 427/427 428/428 429/429
f 429/429 428/428 430/430
f 429/429 430/430 431/431
f 431/431 430/430 432/432
f 431/431 432/432 433/433
f 433/433 432/432 434/434
f 433/433 434/434 435/435
f 435/435 434/434 436/436
f 435/435 436/436 437/437
f 437/437 436/436 438/438
f 437/437 438/438 439/439
f 439/439 438/438 440/440
f 439/439 440/440 441/441
f 441/441 440/440 442/442
f 441/441 442/442 443/443
f 443/443 442/442 444/444
f 443/443 444/444 445/445
f 445/445 444/444 446/446
f 445/445 446/446 447/447
f 447/447 446/446 448/448
f 447/447 448/448 449/449
f 449/449 448/448 450/450
f 449/449 450/450 451/451
f 451/451 450/450 452/452
f 451/451 452/452 453/453
f 453/453 452/452 454/454
f 453/453 454/454 455/455
f 455/455 454/454 456/456
f 455/455 456/456 457/457
f 457/457 456/456 458/458
f 457/457 458/458 459/459
f 459/459 458/458 460/460
f 459/459 460/460 461/461
f 461/461 460/460 462/462
f 461/461 462/462 463/463
f 463/463 462/462 464/464
f 463/463 464/464 465/465
f 465/465 464/464 466/466
f 465/465 466/466 467/467
f 467/467 466/466 468/468
f 467/467 468/468 469/469
f 469/469 468/468 470/470
f 469/469 470/470 471/471
f 471/471 470/470 472/472
f 471/471 472/472 473/473
f 473/473 472/472 474/474
f 473/473 474/474 475/475
f 475/475 474/474 476/476
f 475/475 476/476 477/477
f 477/477 476/476 478/478
f 477/477 478/478 479/479
f 479/479 478/478 480/480
f 479/479 480/480 481/481
f 481/481 480/480 482/482
f 481/481 482/482 483/483
f 483/483 482/482 484/484
f 483/483 484/484 363/363
f 363/363 484/484 364/364
f 485/485 486/486 487/487
f 487/487 486/486 488/488
f 487/487 488/488 489/489
f 486/486 485/485 490/490
f 490/490 485/485 491/491
f 490/490 491/491 492/492
f 492/492 491/491 493/493
f 492/492 493/493 494/494
f 494/494 493/493 495/495
f 494/494 495/495 496/496
f 496/496 495/495 497/497
f 496/496 497/497 498/498
f 498/498 497/497 499/499
f 498/498 499/499 500/500
f 500/500 499/499 501/501
f 500/500 501/501 502/502
f 502/502 501/501 503/503
f 502/502 503/503 504/504
f 504/504 503/503 505/505
f 504/504 505/505 506/506
f 506/506 505/505 507/507
f 506/506 507/507 508/508
f 508/508 507/507 509/509
f 508/508 509/509 510/510
f 510/510 509/509 511/511
f 510/510 511/511 512/512
f 512/512 511/511 513/513
f 512/512 513/513 514/514
f 514/514 513/513 515/515
f 514/514 515/515 516/516
f 516/516 515/515 517/517
f 516/516 517/517 518/518
f 518/518 517/517 519/519
f 518/518 519/519 520/520
f 520/520 519/519 521/521
f 520/520 521/521 522/522
f 522/522 521/521 523/523
f 522/522 523/523 524/524
f 524/524 523/523 525/525
f 524/524 525/525 526/526
f 526/526 525/525 527/527
f 526/526 527/527 528/528
f 528/528 527/527 529/529
f 528/528 529/529 530/530
f 530/530 529/529 531/531
f 530/530 531/531 532/532
f 532/532 531/531 533/533
f 532/532 533/533 534/534
f 534/534 533/533 535/535
f 534/534 535/535 536/536
f 536/536 535/535 537/537
f 536/536 537/537 538/538
f 538/538 537/537 539/539
f 538/538 539/539 540/540
f 540/540 539/539 541/541
f 540/540 541/541 542/542
f 542/542 541/541 543/543
f 542/542 543/543 544/544
f 544/544 543/543 545/545
f 544/544 545/545 546/546
f 546/546 545/545 547/547
f 547/547 545/545 548/548
f 547/547 548/548 549/549
f 549/549 548/548 550/550
f 549/549 550/550 551/551
f 551/551 550/550 552/552
f 551/551 552/552 553/553
f 553/553 552/552 554/554
f 553/553 554/554 555/555
f 555/555 554/554 556/556
f 555/555 556/556 557/557
f 557/557 556/556 558/558
f 557/557 558/558 559/559
f 559/559 558/558 560/560
f 559/559 560/560 561/561
f 561/561 560/560 562/562
f 561/561 562/562 563/563
f 563/563 562/562 564/564
f 563/563 564/564 565/565
f 565/565 564/564 566/566
f 565/565 566/566 567/567
f 567/567 566/566 568/568
f 567/567 568/568 569/569
f 569/569 568/568 570/570
f 569/569 570/570 571/571
f 571/571 570/570 572/572
f 571/571 572/572 573/573
f 573/573 572/572 574/574
f 573/573 574/574 575/575
f 575/575 574/574 576/576
f 575/575 576/576 577/577
f 577/577 576/576 578/578
f 577/577 578/578 579/579
f 579/579 578/578 580/580
f 579/579 580/580 581/581
f 581/581 580/580 582/582
f 581/581 582/582 583/583
f 583/583 582/582 584/584
f 583/583 584/584 585/585
f 585/585 584/584 586/586
f 585/585 586/586 587/587
f 587/587 586/586 588/588
f 587/587 588/588 589/589
f 589/589 588/588 590/590
f 589/589 590/590 591/591
f 591/591 590/590 592/592
f 591/591 592/592 593/593
f 593/593 592/592 594/594
f 593/593 594/594 595/595
f 595/595 594/594 596/596
f 595/595 596/596 597/597
f 597/597 596/596 598/598
f 597/597 598/598 599/599
f 599/599 598/598 600/600
f 599/599 600/600 601/601
f 601/601 600/600 602/602
f 601/601 602/602 489/489
f 489/489 602/602 487/487
f 603/603 604/604 605/605
f 605/605 604/604 606/606
f 607/607 608/608 609/609
f 609/609 608/608 610/610
f 609/609 610/610 611/611
f 611/611 610/610 612/612
f 611/611 612/612 613/613
f 613/613 612/612 614/614
f 613/613 614/614 615/615
f 615/615 614/614 616/616
f 615/615 616/616 617/617
f 617/617 616/616 618/618
f 617/617 618/618 619/619
f 619/619 618/618 620/620
f 619/619 620/620 621/621
f 621/621 620/620 622/622
f 621/621 622/622 623/623
f 623/623 622/622 624/624
f 623/623 624/624 625/625
f 625/625 624/624 626/626
f 625/625 626/626 627/627
f 627/627 626/626 628/628
f 627/627 628/628 629/629
f 629/629 628/628 630/630
f 629/629 630/630 631/631
f 631/631 630/630 632/632
f 631/631 632/632 633/633
f 633/633 632/632 634/634
f 633/633 634/634 635/635
f 635/635 634/634 636/636
f 635/635 636/636 637/637
f 637/637 636/636 638/638
f 637/637 638/638 639/639
f 639/639 638/638 640/640
f 639/639 640/640 641/641
f 641/641 640/640 642/642
f 641/641 642/642 643/643
f 643/643 642/642 644/644
f 643/643 644/644 645/645
f 645/645 644/644 646/646
f 645/645 646/646 647/647
f 647/647 646/646 648/648
f 647/647 648/648 649/649
f 649/649 648/648 650/650
f 649/649 650/650 651/651
f 651/651 650/650 652/652
f 651/651 652/652 653/653
f 653/653 652/652 654/654
f 653/653 654/654 655/655
f 655/655 654/654 656/656
f 655/655 656/656 657/657
f 657/657 656/656 658/658
f 657/657 658/658 659/659
f 659/659 658/658 660/660
f 659/659 660/660 661/661
f 661/661 660/660 662/662
f 661/661 662/662 663/663
f 663/663 662/662 664/664
f 663/663 664/664 665/665
f 665/665 664/664 666/666
f 665/665 666/666 667/667
f 667/667 666/666 668/668
f 667/667 668/668 669/669
f 669/669 668/668 670/670
f 669/669 670/670 671/671
f 671/671 670/670 672/672
f 671/671 672/672 673/673
f 673/673 672/672 674/674
f 673/673 674/674 675/675
f 675/675 674/674 676/676
f 675/675 676/676 677/677
f 677/677 676/676 678/678
f 677/677 678/678 679/679
f 679/679 678/678 680/680
f 679/679 680/680 681/681
f 681/681 680/680 682/682
f 681/681 682/682 683/683
f 683/683 682/682 684/684
f 683/683 684/684 685/685
f 685/685 684/684 686/686
f 685/685 686/686 687/687
f 687/687 686/686 688/688
f 687/687 688/688 689/689
f 689/689 688/688 690/690
f 689/689 690/690 691/691
f 691/691 690/690 692/692
f 691/691 692/692 693/693
f 693/693 692/692 694/694
f 693/693 694/694 695/695
f 695/695 694/694 696/696
f 695/695 696/696 697/697
f 697/697 696/696 698/698
f 697/697 698/698 699/699
f 699/699 698/698 700/700
f 699/699 700/700 701/701
f 701/701 700/700 702/702
f 701/701 702/702 703/703
f 703/703 702/702 704/704
f 703/703 704/704 705/705
f 705/705 704/704 706/706
f 705/705 706/706 707/707
f 707/707 706/706 708/708
f 707/707 708/708 709/709
f 709/709 708/708 710/710
f 709/709 710/710 711/711
f 711/711 710/710 712/712
f 711/711 712/712 713/713
f 713/713 712/712 714/714
f 713/713 714/714 715/715
f 715/715 714/714 716/716
f 715/715 716/716 717/717
f 717/717 716/716 718/718
f 717/717 718/718 719/719
f 719/719 718/718 720/720
f 719/719 720/720 603/603
f 603/603 720/720 604/604
f 721/721 722/722 723/723
f 723/723 722/722 724/724
f 725/725 726/726 727/727
f 727/727 726/726 728/728
f 727/727 728/728 729/729
f 729/729 728/728 730/730
f 729/729 730/730 731/731
f 731/731 730/730 732/732
f 731/731 732/732 733/733
f 733/733 732/732 734/734
f 733/733 734/734 735/735
f 735/735 734/734 736/736
f 735/735 736/736 737/737
f 737/737 736/736 738/738
f 737/737 738/738 739/739
f 739/739 738/738 740/740
f 739/739 740/740 741/741
f 741/741 740/740 742/742
f 741/741 742/742 743/743
f 743/743 742/742 744/744
f 743/743 744/744 745/745
f 745/745 744/744 746/746
f 745/745 746/746 747/747
f 747/747 746/746 748/748
f 747/747 748/748 749/749
f 749/749 748/748 750/750
f 749/749 750/750 751/751
f 751/751 750/750 752/752
f 751/751 752/752 753/753
f 753/753 752/752 754/754
f 753/753 754/754 755/755
f 755/755 754/754 756/756
f 755/755 756/756 757/757
f 757/757 756/756 758/758
f 757/757 758/758 759/759
f 759/759 758/758 760/760
f 759/759 760/760 761/761
f 761/761 760/760 762/762
f 761/761 762/762 763/763
f 763/763 762/762 764/764
f 763/763 764/764 765/765
f 765/765 764/764 766/766
f 765/765 766/766 767/767
f 767/767 766/766 768/768
f 767/767 768/768 769/769
f 769/769 768/768 770/770
f 769/769 770/770 771/771
f 771/771 770/770 772/772
f 771/771 772/772 773/773
f 773/773 772/772 774/774
f 773/773 774/774 775/775
f 775/775 774/774 776/776
f 775/775 776/776 777/777
f 777/777 776/776 778/778
f 777/777 778/778 779/779
f 779/779 778/778 780/780
f 779/779 780/780 781/781
f 781/781 780/780 782/782
f 781/781 782/782 783/783
f 783/783 782/782 784/784
f 783/783 784/784 785/785
f 785/785 784/784 786/786
f 785/785 786/786 787/787
f 787/787 786/786 788/788
f 787/787 788/788 789/789
f 789/789 788/788 790/790
f 789/789 790/790 791/791
f 791/791 790/790 792/792
f 791/791 792/792 721/721
f 721/721 792/792 722/722
f 793/793 794/794 795/795
f 795/795 794/794 796/796
f 795/795 796/796 797/797
f 797/797 796/796 798/798
f 797/797 798/798 799/799
f 799/799 798/798 800/800
f 799/799 800/800 801/801
f 801/801 800/800 802/802
f 801/801 802/802 803/803
f 803/803 802/802 804/804
f 803/803 804/804 805/805
f 805/805 804/804 806/806
f 805/805 806/806 807/807
f 807/807 806/806 808/808
f 807/807 808/808 809/809
f 809/809 808/808 810/810
f 809/809 810/810 811/811
f 811/811 810/810 812/812
f 811/811 812/812 813/813
f 813/813 812/812 814/814
f 813/813 814/814 815/815
f 815/815 814/814 816/816
f 815/815 816/816 817/817
f 817/817 816/816 818/818
f 817/817 818/818 819/819
f 819/819 818/818 820/820
f 819/819 820/820 821/821
f 821/821 820/820 822/822
f 821/821 822/822 823/823
f 823/823 822/822 824/824
f 823/823 824/824 825/825
f 825/825 824/824 826/826
f 825/825 826/826 827/827
f 827/827 826/826 828/828
f 827/827 828/828 829/829
f 830/830 831/831 832/832
f 830/830 832/832 833/833
f 833/833 832/832 834/834
f 833/833 834/834 835/835
f 835/835 834/834 836/836
f 835/835 836/836 837/837
f 837/837 836/836 838/838
f 837/837 838/838 839/839
f 839/839 838/838 840/840
f 839/839 840/840 841/841
f 841/841 840/840 842/842
f 841/841 842/842 843/843
f 843/843 842/842 844/844
f 843/843 844/844 845/845
f 845/845 844/844 846/846
f 845/845 846/846 847/847
f 847/847 846/846 848/848
f 847/847 848/848 849/849
f 849/849 848/848 850/850
f 849/849 850/850 851/851
f 851/851 850/850 852/852
f 851/851 852/852 853/853
f 853/853 852/852 854/854
f 853/853 854/854 855/855
f 855/855 854/854 856/856
f 855/855 856/856 857/857
f 857/857 856/856 858/858
f 857/857 858/858 859/859
f 859/859 858/858 860/860
f 859/859 860/860 861/861
f 861/861 860/860 862/862
f 861/861 862/862 863/863
f 863/863 862/862 864/864
f 863/863 864/864 793/793
f 793/793 864/864 794/794
f 865/865 866/866 867/867
f 867/867 866/866 868/868
f 867/867 868/868 869/869
f 869/869 868/868 870/870
f 869/869 870/870 871/871
f 871/871 870/870 872/872
f 871/871 872/872 873/873
f 873/873 874/874 871/871
f 871/871 874/874 875/875
f 871/871 875/875 876/876
f 876/876 877/877 871/871
f 871/871 877/877 878/878
f 871/871 878/878 879/879
f 879/879 880/880 871/871
f 871/871 880/880 881/881
f 871/871 881/881 882/882
f 882/882 881/881 883/883
f 882/882 883/883 884/884
f 884/884 885/885 882/882
f 882/882 885/885 886/886
f 882/882 886/886 887/887
f 887/887 888/888 882/882
f 882/882 888/888 889/889
f 882/882 889/889 890/890
f 890/890 891/891 882/882
f 882/882 891/891 892/892
f 892/892 891/891 893/893
f 892/892 893/893 894/894
f 894/894 893/893 895/895
f 894/894 895/895 896/896
f 896/896 895/895 897/897
f 896/896 897/897 898/898
f 898/898 897/897 899/899
f 900/900 901/901 902/902
f 902/902 901/901 903/903
f 904/904 905/905 906/906
f 906/906 905/905 907/907
f 906/906 907/907 908/908
f 908/908 907/907 909/909
f 908/908 909/909 910/910
f 910/910 909/909 911/911
f 910/910 911/911 912/912
f 912/912 911/911 913/913
f 912/912 913/913 914/914
f 914/914 913/913 915/915
f 914/914 915/915 916/916
f 916/916 915/915 917/917
f 916/916 917/917 918/918
f 918/918 917/917 919/919
f 918/918 919/919 920/920
f 920/920 919/919 921/921
f 920/920 921/921 922/922
f 922/922 921/921 923/923
f 922/922 923/923 924/924
f 924/924 923/923 925/925
f 924/924 925/925 926/926
f 926/926 925/925 927/927
f 926/926 927/927 928/928
f 928/928 927/927 929/929
f 928/928 929/929 930/930
f 930/930 929/929 931/931
f 930/930 931/931 932/932
f 932/932 931/931 933/933
f 932/932 933/933 934/934
f 934/934 933/933 935/935
f 934/934 935/935 936/936
f 936/936 935/935 937/937
f 936/936 937/937 938/938
f 938/938 937/937 939/939
f 938/938 939/939 940/940
f 940/940 939/939 941/941
f 940/940 941/941 942/942
f 942/942 941/941 943/943
f 942/942 943/943 944/944
f 944/944 943/943 945/945
f 944/944 945/945 946/946
f 946/946 945/945 947/947
f 946/946 947/947 948/948
f 948/948 947/947 949/949
f 948/948 949/949 950/950
f 950/950 949/949 951/951
f 950/950 951/951 952/952
f 952/952 951/951 953/953
f 952/952 953/953 954/954
f 954/954 953/953 955/955
f 954/954 955/955 956/956
f 956/956 955/955 957/957
f 956/956 957/957 958/958
f 958/958 957/957 959/959
f 958/958 959/959 960/960
f 960/960 959/959 961/961
f 960/960 961/961 962/962
f 962/962 961/961 963/963
f 962/962 963/963 964/964
f 964/964 963/963 965/965
f 964/964 965/965 966/966
f 966/966 965/965 967/967
f 966/966 967/967 968/968
f 968/968 967/967 969/969
f 968/968 969/969 970/970
f 970/970 969/969 971/971
f 970/970 971/971 972/972
f 972/972 971/971 973/973
f 972/972 973/973 974/974
f 974/974 973/973 975/975
f 974/974 975/975 976/976
f 976/976 975/975 977/977
f 976/976 977/977 978/978
f 978/978 977/977 979/979
f 978/978 979/979 980/980
f 980/980 979/979 981/981
f 980/980 981/981 982/982
f 982/982 981/981 983/983
f 982/982 983/983 984/984
f 984/984 983/983 985/985
f 984/984 985/985 986/986
f 986/986 985/985 987/987
f 986/986 987/987 988/988
f 988/988 987/987 989/989
f 988/988 989/989 990/990
f 990/990 989/989 991/991
f 990/990 991/991 992/992
f 992/992 991/991 993/993
f 992/992 993/993 994/994
f 994/994 993/993 995/995
f 994/994 995/995 996/996
f 996/996 995/995 997/997
f 996/996 997/997 998/998
f 998/998 997/997 999/999
f 998/998 999/999 1000/1000
f 1000/1000 999/999 1001/1001
f 1000/1000 1001/1001 1002/1002
f 1002/1002 1001/1001 1003/1003
f 1002/1002 1003/1003 1004/1004
f 1004/1004 1003/1003 1005/1005
f 1004/1004 1005/1005 1006/1006
f 1006/1006 1005/1005 1007/1007
f 1006/1006 1007/1007 1008/1008
f 1008/1008 1007/1007 1009/1009
f 1008/1008 1009/1009 1010/1010
f 1010/1010 1009/1009 1011/1011
f 1010/1010 1011/1011 1012/1012
f 1012/1012 1011/1011 1013/1013
f 1012/1012 1013/1013 1014/1014
f 1014/1014 1013/1013 1015/1015
f 1014/1014 1015/1015 1016/1016
f 1016/1016 1015/1015 1017/1017
f 1016/1016 1017/1017 1018/1018
f 1018/1018 1017/1017 1019/1019
f 1018/1018 1019/1019 1020/1020
f 1020/1020 1019/1019 1021/1021
f 1020/1020 1021/1021 900/900
f 900/900 1021/1021 901/901
f 1022/1022 1023/1023 1024/1024
f 1024/1024 1023/1023 1025/1025
f 1024/1024 1025/1025 1026/1026
f 1026/1026 1025/1025 1027/1027
f 1026/1026 1027/1027 1028/1028
f 1028/1028 1027/1027 1029/1029
f 1028/1028 1029/1029 1030/1030
f 1030/1030 1029/1029 1031/1031
f 1030/1030 1031/1031 1032/1032
f 1032/1032 1031/1031 1033/1033
f 1032/1032 1033/1033 1034/1034
f 1034/1034 1033/1033 1035/1035
f 1034/1034 1035/1035 1036/1036
f 1036/1036 1035/1035 1037/1037
f 1036/1036 1037/1037 1038/1038
f 1038/1038 1037/1037 1039/1039
f 1038/1038 1039/1039 1040/1040
f 1040/1040 1039/1039 1041/1041
f 1040/1040 1041/1041 1042/1042
f 1042/1042 1041/1041 1043/1043
f 1042/1042 1043/1043 1044/1044
f 1044/1044 1043/1043 1045/1045
f 1044/1044 1045/1045 1046/1046
f 1046/1046 1045/1045 1047/1047
f 1046/1046 1047/1047 1048/1048
f 1048/1048 1047/1047 1049/1049
f 1048/1048 1049/1049 1050/1050
f 1050/1050 1049/1049 1051/1051
f 1050/1050 1051/1051 1052/1052
f 1052/1052 1051/1051 1053/1053
f 1052/1052 1053/1053 1054/1054
f 1054/1054 1053/1053 1055/1055
f 1054/1054 1055/1055 1056/1056
f 1056/1056 1055/1055 1057/1057
f 1056/1056 1057/1057 1058/1058
f 1058/1058 1057/1057 1059/1059
f 1058/1058 1059/1059 1060/1060
f 1060/1060 1059/1059 1061/1061
f 1060/1060 1061/1061 1062/1062
f 1062/1062 1061/1061 1063/1063
f 1062/1062 1063/1063 1064/1064
f 1064/1064 1063/1063 1065/1065
f 1064/1064 1065/1065 1066/1066
f 1066/1066 1065/1065 1067/1067
f 1066/1066 1067/1067 1068/1068
f 1068/1068 1067/1067 1069/1069
f 1068/1068 1069/1069 1070/1070
f 1070/1070 1069/1069 1071/1071
f 1070/1070 1071/1071 1072/1072
f 1072/1072 1071/1071 1073/1073
f 1072/1072 1073/1073 1074/1074
f 1074/1074 1073/1073 1075/1075
f 1074/1074 1075/1075 1076/1076
f 1076/1076 1075/1075 1077/1077
f 1076/1076 1077/1077 1078/1078
f 1078/1078 1077/1077 1079/1079
f 1078/1078 1079/1079 1080/1080
f 1080/1080 1079/1079 1081/1081
f 1080/1080 1081/1081 1082/1082
f 1082/1082 1081/1081 1083/1083
f 1082/1082 1083/1083 1084/1084
f 1084/1084 1083/1083 1085/1085
f 1086/1086 1087/1087 1088/1088
f 1088/1088 1087/1087 1089/1089
f 1088/1088 1089/1089 1090/1090
f 1090/1090 1089/1089 1091/1091
f 1090/1090 1091/1091 1092/1092
f 1092/1092 1091/1091 1093/1093
f 1092/1092 1093/1093 1094/1094
f 1094/1094 1093/1093 1095/1095
f 1094/1094 1095/1095 1096/1096
f 1096/1096 1095/1095 1097/1097
f 1096/1096 1097/1097 1098/1098
f 1098/1098 1097/1097 1099/1099
f 1098/1098 1099/1099 1100/1100
f 1100/1100 1099/1099 1101/1101
f 1100/1100 1101/1101 1102/1102
f 1102/1102 1101/1101 1103/1103
f 1102/1102 1103/1103 1104/1104
f 1104/1104 1103/1103 1105/1105
f 1104/1104 1105/1105 1106/1106
f 1106/1106 1105/1105 1107/1107
f 1106/1106 1107/1107 1108/1108
f 1108/1108 1107/1107 1109/1109
f 1108/1108 1109/1109 1110/1110
f 1110/1110 1109/1109 1111/1111
f 1110/1110 1111/1111 1112/1112
f 1112/1112 1111/1111 1113/1113
f 1112/1112 1113/1113 1114/1114
f 1114/1114 1113/1113 1115/1115
f 1114/1114 1115/1115 1116/1116
f 1116/1116 1115/1115 1117/1117
f 1116/1116 1117/1117 1118/1118
f 1118/1118 1117/1117 1119/1119
f 1118/1118 1119/1119 1120/1120
f 1120/1120 1119/1119 1121/1121
f 1120/1120 1121/1121 1122/1122
f 1122/1122 1121/1121 1123/1123
f 1122/1122 1123/1123 1124/1124
f 1124/1124 1123/1123 1125/1125
f 1124/1124 1125/1125 1126/1126
f 1126/1126 1125/1125 1127/1127
f 1126/1126 1127/1127 1128/1128
f 1128/1128 1127/1127 1129/1129
f 1128/1128 1129/1129 1130/1130
f 1130/1130 1129/1129 1131/1131
f 1130/1130 1131/1131 1132/1132
f 1132/1132 1131/1131 1133/1133
f 1132/1132 1133/1133 1134/1134
f 1134/1134 1133/1133 1135/1135
f 1134/1134 1135/1135 1136/1136
f 1136/1136 1135/1135 1137/1137
f 1136/1136 1137/1137 1138/1138
f 1138/1138 1137/1137 1139/1139
f 1138/1138 1139/1139 1140/1140
f 1140/1140 1139/1139 1141/1141
f 1140/1140 1141/1141 1142/1142
f 1142/1142 1141/1141 1143/1143
f 1142/1142 1143/1143 1022/1022
f 1022/1022 1143/1143 1023/1023
f 1144/1144 1145/1145 1146/1146
f 1146/1146 1145/1145 1147/1147
f 1146/1146 1147/1147 1148/1148
f 1145/1145 1144/1144 1149/1149
f 1149/1149 1144/1144 1150/1150
f 1149/1149 1150/1150 1151/1151
f 1151/1151 1150/1150 1152/1152
f 1151/1151 1152/1152 1153/1153
f 1153/1153 1152/1152 1154/1154
f 1153/1153 1154/1154 1155/1155
f 1155/1155 1154/1154 1156/1156
f 1155/1155 1156/1156 1157/1157
f 1157/1157 1156/1156 1158/1158
f 1157/1157 1158/1158 1159/1159
f 1159/1159 1158/1158 1160/1160
f 1159/1159 1160/1160 1161/1161
f 1161/1161 1160/1160 1162/1162
f 1161/1161 1162/1162 1163/1163
f 1163/1163 1162/1162 1164/1164
f 1163/1163 1164/1164 1165/1165
f 1165/1165 1164/1164 1166/1166
f 1165/1165 1166/1166 1167/1167
f 1167/1167 1166/1166 1168/1168
f 1167/1167 1168/1168 1169/1169
f 1169/1169 1168/1168 1170/1170
f 1169/1169 1170/1170 1171/1171
f 1171/1171 1170/1170 1172/1172
f 1171/1171 1172/1172 1173/1173
f 1173/1173 1172/1172 1174/1174
f 1173/1173 1174/1174 1175/1175
f 1175/1175 1174/1174 1176/1176
f 1176/1176 1174/1174 1177/1177
f 1176/1176 1177/1177 1178/1178
f 1178/1178 1177/1177 1179/1179
f 1178/1178 1179/1179 1180/1180
f 1180/1180 1179/1179 1181/1181
f 1180/1180 1181/1181 1182/1182
f 1182/1182 1181/1181 1183/1183
f 1182/1182 1183/1183 1184/1184
f 1184/1184 1183/1183 1185/1185
f 1184/1184 1185/1185 1186/1186
f 1186/1186 1185/1185 1187/1187
f 1186/1186 1187/1187 1188/1188
f 1188/1188 1187/1187 1189/1189
f 1188/1188 1189/1189 1190/1190
f 1190/1190 1189/1189 1191/1191
f 1190/1190 1191/1191 1192/1192
f 1192/1192 1191/1191 1193/1193
f 1192/1192 1193/1193 1194/1194
f 1194/1194 1193/1193 1195/1195
f 1194/1194 1195/1195 1196/1196
f 1196/1196 1195/1195 1197/1197
f 1196/1196 1197/1197 1198/1198
f 1198/1198 1197/1197 1199/1199
f 1198/1198 1199/1199 1200/1200
f 1200/1200 1199/1199 1201/1201
f 1200/1200 1201/1201 1202/1202
f 1202/1202 1201/1201 1203/1203
f 1202/1202 1203/1203 1204/1204
f 1204/1204 1203/1203 1205/1205
f 1205/1205 1203/1203 1206/1206
f 1205/1205 1206/1206 1207/1207
f 1207/1207 1206/1206 1208/1208
f 1207/1207 1208/1208 1209/1209
f 1209/1209 1208/1208 1210/1210
f 1209/1209 1210/1210 1211/1211
f 1211/1211 1210/1210 1212/1212
f 1211/1211 1212/1212 1213/1213
f 1213/1213 1212/1212 1214/1214
f 1213/1213 1214/1214 1215/1215
f 1215/1215 1214/1214 1216/1216
f 1215/1215 1216/1216 1217/1217
f 1217/1217 1216/1216 1218/1218
f 1217/1217 1218/1218 1219/1219
f 1219/1219 1218/1218 1220/1220
f 1219/1219 1220/1220 1221/1221
f 1221/1221 1220/1220 1222/1222
f 1221/1221 1222/1222 1223/1223
f 1223/1223 1222/1222 1224/1224
f 1223/1223 1224/1224 1225/1225
f 1225/1225 1224/1224 1226/1226
f 1225/1225 1226/1226 1227/1227
f 1227/1227 1226/1226 1228/1228
f 1227/1227 1228/1228 1229/1229
f 1229/1229 1228/1228 1230/1230
f 1229/1229 1230/1230 1231/1231
f 1231/1231 1230/1230 1232/1232
f 1231/1231 1232/1232 1233/1233
f 1233/1233 1232/1232 1234/1234
f 1234/1234 1232/1232 1235/1235
f 1234/1234 1235/1235 1236/1236
f 1236/1236 1235/1235 1237/1237
f 1236/1236 1237/1237 1238/1238
f 1238/1238 1237/1237 1239/1239
f 1238/1238 1239/1239 1240/1240
f 1240/1240 1239/1239 1241/1241
f 1240/1240 1241/1241 1242/1242
f 1242/1242 1241/1241 1243/1243
f 1242/1242 1243/1243 1244/1244
f 1244/1244 1243/1243 1245/1245
f 1244/1244 1245/1245 1246/1246
f 1246/1246 1245/1245 1247/1247
f 1246/1246 1247/1247 1248/1248
f 1248/1248 1247/1247 1249/1249
f 1248/1248 1249/1249 1250/1250
f 1250/1250 1249/1249 1251/1251
f 1250/1250 1251/1251 1252/1252
f 1252/1252 1251/1251 1253/1253
f 1252/1252 1253/1253 1254/1254
f 1254/1254 1253/1253 1255/1255
f 1254/1254 1255/1255 1256/1256
f 1256/1256 1255/1255 1257/1257
f 1256/1256 1257/1257 1258/1258
f 1258/1258 1257/1257 1259/1259
f 1258/1258 1259/1259 1148/1148
f 1148/1148 1259/1259 1146/1146
f 1260/1260 1261/1261 1262/1262
f 1262/1262 1261/1261 1263/1263
f 1262/1262 1263/1263 1264/1264
f 1264/1264 1263/1263 1265/1265
f 1264/1264 1265/1265 1266/1266
f 1266/1266 1265/1265 1267/1267
f 1266/1266 1267/1267 1268/1268
f 1268/1268 1267/1267 1269/1269
f 1268/1268 1269/1269 1270/1270
f 1270/1270 1269/1269 1271/1271
f 1272/1272 1273/1273 1274/1274
f 1274/1274 1273/1273 1275/1275
f 1275/1275 1273/1273 1276/1276
f 1275/1275 1276/1276 1277/1277
f 1273/1273 1278/1278 1276/1276
f 1276/1276 1278/1278 1279/1279
f 1279/1279 1278/1278 1280/1280
f 1279/1279 1280/1280 1281/1281
f 1281/1281 1282/1282 1279/1279
f 1277/1277 1283/1283 1275/1275
f 1284/1284 1285/1285 1286/1286
f 1286/1286 1285/1285 1287/1287
f 1286/1286 1287/1287 1288/1288
f 1285/1285 1284/1284 1289/1289
f 1289/1289 1284/1284 1290/1290
f 1289/1289 1290/1290 1291/1291
f 1291/1291 1290/1290 1292/1292
f 1291/1291 1292/1292 1293/1293
f 1293/1293 1292/1292 1294/1294
f 1293/1293 1294/1294 1295/1295
f 1296/1296 1260/1260 1297/1297
f 1297/1297 1260/1260 1298/1298
f 1297/1297 1298/1298 1299/1299
f 1288/1288 1300/1300 1299/1299
f 1299/1299 1300/1300 1301/1301
f 1299/1299 1301/1301 1297/1297
f 1302/1302 1303/1303 1304/1304
f 1304/1304 1303/1303 1305/1305
f 1305/1305 1303/1303 1306/1306
f 1305/1305 1306/1306 1307/1307
f 1307/1307 1306/1306 1308/1308
f 1307/1307 1308/1308 1309/1309
f 1309/1309 1308/1308 1310/1310
f 1309/1309 1310/1310 1311/1311
f 1311/1311 1310/1310 1312/1312
f 1311/1311 1312/1312 1313/1313
f 1313/1313 1312/1312 1314/1314
f 1313/1313 1314/1314 1315/1315
f 1315/1315 1314/1314 1316/1316
f 1315/1315 1316/1316 1317/1317
f 1317/1317 1316/1316 1318/1318
f 1317/1317 1318/1318 1319/1319
f 1320/1320 1321/1321 1322/1322
f 1322/1322 1321/1321 1323/1323
f 1322/1322 1323/1323 1324/1324
f 1324/1324 1323/1323 1325/1325
f 1325/1325 1323/1323 1326/1326
f 1322/1322 1324/1324 1327/1327
f 1327/1327 1324/1324 1328/1328
f 1327/1327 1328/1328 1329/1329
f 1329/1329 1328/1328 1330/1330
f 1330/1330 1328/1328 1331/1331
f 1332/1332 1333/1333 1334/1334
f 1334/1334 1333/1333 1335/1335
f 1334/1334 1335/1335 1336/1336
f 1336/1336 1335/1335 1337/1337
f 1336/1336 1337/1337 1338/1338
f 1338/1338 1337/1337 1339/1339
f 1338/1338 1339/1339 1340/1340
f 1340/1340 1339/1339 1341/1341
f 1340/1340 1341/1341 1342/1342
f 1342/1342 1341/1341 1343/1343
f 1342/1342 1343/1343 1344/1344
f 1344/1344 1343/1343 1345/1345
f 1344/1344 1345/1345 1346/1346
f 1346/1346 1345/1345 1347/1347
f 1346/1346 1347/1347 1348/1348
f 1348/1348 1347/1347 1349/1349
f 1350/1350 1351/1351 1352/1352
f 1352/1352 1351/1351 1353/1353
f 1352/1352 1353/1353 1354/1354
f 1354/1354 1353/1353 1355/1355
f 1354/1354 1355/1355 1356/1356
f 1356/1356 1355/1355 1357/1357
f 1358/1358 1359/1359 1360/1360
f 1360/1360 1359/1359 1361/1361
f 1360/1360 1361/1361 1362/1362
f 1362/1362 1361/1361 1363/1363
f 1362/1362 1363/1363 1364/1364
f 1364/1364 1363/1363 1365/1365
f 1364/1364 1365/1365 1366/1366
f 1364/1364 1366/1366 1367/1367
f 1367/1367 1366/1366 1368/1368
f 1367/1367 1368/1368 1369/1369
f 1367/1367 1369/1369 1370/1370
f 1370/1370 1369/1369 1371/1371
f 1370/1370 1371/1371 1372/1372
f 1372/1372 1371/1371 1373/1373
f 1372/1372 1373/1373 1374/1374
f 1372/1372 1374/1374 1375/1375
f 1375/1375 1374/1374 1376/1376
f 1375/1375 1376/1376 1377/1377
f 1377/1377 1376/1376 1378/1378
f 1377/1377 1378/1378 1379/1379
f 1379/1379 1380/1380 1377/1377
f 1377/1377 1380/1380 1381/1381
f 1377/1377 1381/1381 1382/1382
f 1383/1383 1384/1384 1385/1385
f 1383/1383 1385/1385 1386/1386
f 1386/1386 1385/1385 1387/1387
f 1386/1386 1387/1387 1388/1388
f 1388/1388 1387/1387 1389/1389
f 1388/1388 1389/1389 1390/1390
f 1390/1390 1389/1389 1391/1391
f 1391/1391 1389/1389 1392/1392
f 1391/1391 1392/1392 1393/1393
f 1393/1393 1392/1392 1394/1394
f 1393/1393 1394/1394 1395/1395
f 1395/1395 1394/1394 1396/1396
f 1395/1395 1396/1396 1397/1397
f 1397/1397 1396/1396 1398/1398
f 1397/1397 1398/1398 1399/1399
f 1399/1399 1398/1398 1400/1400
f 1399/1399 1400/1400 1401/1401
f 1401/1401 1400/1400 1402/1402
f 1401/1401 1402/1402 1403/1403
f 1403/1403 1402/1402 1404/1404
f 1403/1403 1404/1404 1405/1405
f 1405/1405 1404/1404 1406/1406
f 1405/1405 1406/1406 1407/1407
f 1407/1407 1406/1406 1408/1408
f 1407/1407 1408/1408 1409/1409
f 1409/1409 1408/1408 1410/1410
f 1409/1409 1410/1410 1411/1411
f 1411/1411 1410/1410 1412/1412
f 1411/1411 1412/1412 1413/1413
f 1413/1413 1412/1412 1414/1414
f 1413/1413 1414/1414 1415/1415
f 1415/1415 1414/1414 1416/1416
f 1415/1415 1416/1416 1417/1417
f 1417/1417 1416/1416 1418/1418
f 1417/1417 1418/1418 1419/1419
f 1419/1419 1418/1418 1420/1420
f 1419/1419 1420/1420 1421/1421
f 1421/1421 1420/1420 1422/1422
f 1421/1421 1422/1422 1423/1423
f 1423/1423 1422/1422 1424/1424
f 1423/1423 1424/1424 1425/1425
f 1425/1425 1424/1424 1426/1426
f 1426/1426 1424/1424 1427/1427
f 1426/1426 1427/1427 1428/1428
f 1428/1428 1427/1427 1429/1429
f 1429/1429 1427/1427 1430/1430
f 1430/1430 1427/1427 1431/1431
f 1431/1431 1427/1427 1432/1432
f 1431/1431 1432/1432 1433/1433
f 1433/1433 1432/1432 1434/1434
f 1433/1433 1434/1434 1435/1435
f 1435/1435 1434/1434 1436/1436
f 1436/1436 1434/1434 1437/1437
f 1436/1436 1437/1437 1438/1438
f 1438/1438 1437/1437 1439/1439
f 1438/1438 1439/1439 1440/1440
f 1440/1440 1439/1439 1441/1441
f 1441/1441 1439/1439 1442/1442
f 1441/1441 1442/1442 1443/1443
f 1443/1443 1442/1442 1444/1444
f 1444/1444 1442/1442 1445/1445
f 1444/1444 1445/1445 1446/1446
f 1446/1446 1445/1445 1447/1447
f 1446/1446 1447/1447 1448/1448
f 1448/1448 1447/1447 1449/1449
f 1449/1449 1447/1447 1450/1450
f 1449/1449 1450/1450 1451/1451
f 1451/1451 1450/1450 1452/1452
f 1452/1452 1450/1450 1453/1453
f 1452/1452 1453/1453 1454/1454
f 1454/1454 1453/1453 1455/1455
f 1455/1455 1453/1453 1456/1456
f 1456/1456 1453/1453 1457/1457
f 1456/1456 1457/1457 1458/1458
f 1458/1458 1457/1457 1459/1459
f 1458/1458 1459/1459 1460/1460
f 1460/1460 1459/1459 1461/1461
f 1461/1461 1459/1459 1462/1462
f 1461/1461 1462/1462 1463/1463
f 1463/1463 1462/1462 1464/1464
f 1463/1463 1464/1464 1465/1465
f 1465/1465 1464/1464 1466/1466
f 1466/1466 1464/1464 1467/1467
f 1466/1466 1467/1467 1468/1468
f 1468/1468 1467/1467 1469/1469
f 1469/1469 1467/1467 1470/1470
f 1469/1469 1470/1470 1471/1471
f 1471/1471 1470/1470 1472/1472
f 1471/1471 1472/1472 1473/1473
f 1473/1473 1472/1472 1474/1474
f 1474/1474 1472/1472 1384/1384
f 1474/1474 1384/1384 1475/1475
f 1475/1475 1384/1384 1476/1476
f 1428/1428 1477/1477 1426/1426
f 1426/1426 1477/1477 1478/1478
f 1426/1426 1478/1478 1479/1479
f 1479/1479 1478/1478 1480/1480
f 1479/1479 1480/1480 1481/1481
f 1479/1479 1481/1481 1482/1482
f 1482/1482 1481/1481 1483/1483
f 1482/1482 1483/1483 1484/1484
f 1484/1484 1483/1483 1485/1485
f 1484/1484 1485/1485 1486/1486
f 1484/1484 1486/1486 1487/1487
f 1487/1487 1486/1486 1488/1488
f 1487/1487 1488/1488 1489/1489
f 1487/1487 1489/1489 1490/1490
f 1490/1490 1489/1489 1491/1491
f 1490/1490 1491/1491 1492/1492
f 1492/1492 1491/1491 1493/1493
f 1492/1492 1493/1493 1494/1494
f 1492/1492 1494/1494 1495/1495
f 1495/1495 1494/1494 1496/1496
f 1495/1495 1496/1496 1497/1497
f 1497/1497 1496/1496 1498/1498
f 1497/1497 1498/1498 1499/1499
f 1499/1499 1500/1500 1497/1497
f 1497/1497 1500/1500 1501/1501
f 1497/1497 1501/1501 1502/1502
f 1502/1502 1501/1501 1503/1503
f 1502/1502 1503/1503 1504/1504
f 1502/1502 1504/1504 1505/1505
f 1505/1505 1504/1504 1506/1506
f 1506/1506 1504/1504 1507/1507
f 1506/1506 1507/1507 1508/1508
f 1508/1508 1507/1507 1509/1509
f 1509/1509 1507/1507 1510/1510
f 1509/1509 1510/1510 1511/1511
f 1511/1511 1510/1510 1512/1512
f 1511/1511 1512/1512 1513/1513
f 1513/1513 1512/1512 1514/1514
f 1513/1513 1514/1514 1515/1515
f 1515/1515 1514/1514 1516/1516
f 1515/1515 1516/1516 1517/1517
f 1517/1517 1516/1516 1518/1518
f 1517/1517 1518/1518 1519/1519
f 1519/1519 1518/1518 1520/1520
f 1519/1519 1520/1520 1521/1521
f 1521/1521 1520/1520 1522/1522
f 1521/1521 1522/1522 1523/1523
f 1524/1524 1525/1525 1526/1526
f 1524/1524 1526/1526 1527/1527
f 1527/1527 1526/1526 1388/1388
f 1527/1527 1388/1388 1390/1390
f 1500/1500 1528/1528 1501/1501
f 1501/1501 1528/1528 1358/1358
f 1501/1501 1358/1358 1360/1360
f 1508/1508 1529/1529 1506/1506
f 1506/1506 1529/1529 1530/1530
f 1506/1506 1530/1530 1505/1505
f 1505/1505 1530/1530 1531/1531
f 1505/1505 1531/1531 1532/1532
f 1505/1505 1532/1532 1502/1502
f 1502/1502 1532/1532 1497/1497
f 1497/1497 1532/1532 1495/1495
f 1529/1529 1533/1533 1530/1530
f 1530/1530 1533/1533 1534/1534
f 1530/1530 1534/1534 1531/1531
f 1531/1531 1534/1534 1535/1535
f 1531/1531 1535/1535 1536/1536
f 1531/1531 1536/1536 1532/1532
f 1532/1532 1536/1536 1495/1495
f 1495/1495 1536/1536 1492/1492
f 1533/1533 1537/1537 1534/1534
f 1534/1534 1537/1537 1538/1538
f 1534/1534 1538/1538 1535/1535
f 1535/1535 1538/1538 1539/1539
f 1535/1535 1539/1539 1540/1540
f 1535/1535 1540/1540 1536/1536
f 1536/1536 1540/1540 1492/1492
f 1492/1492 1540/1540 1490/1490
f 1537/1537 1541/1541 1538/1538
f 1538/1538 1541/1541 1542/1542
f 1538/1538 1542/1542 1539/1539
f 1539/1539 1542/1542 1543/1543
f 1539/1539 1543/1543 1544/1544
f 1539/1539 1544/1544 1540/1540
f 1540/1540 1544/1544 1490/1490
f 1490/1490 1544/1544 1487/1487
f 1541/1541 1545/1545 1542/1542
f 1542/1542 1545/1545 1546/1546
f 1542/1542 1546/1546 1543/1543
f 1543/1543 1546/1546 1547/1547
f 1543/1543 1547/1547 1548/1548
f 1543/1543 1548/1548 1544/1544
f 1544/1544 1548/1548 1487/1487
f 1487/1487 1548/1548 1484/1484
f 1545/1545 1549/1549 1546/1546
f 1546/1546 1549/1549 1550/1550
f 1546/1546 1550/1550 1547/1547
f 1547/1547 1550/1550 1551/1551
f 1547/1547 1551/1551 1552/1552
f 1547/1547 1552/1552 1548/1548
f 1548/1548 1552/1552 1484/1484
f 1484/1484 1552/1552 1482/1482
f 1549/1549 1553/1553 1550/1550
f 1550/1550 1553/1553 1554/1554
f 1550/1550 1554/1554 1551/1551
f 1551/1551 1554/1554 1555/1555
f 1551/1551 1555/1555 1556/1556
f 1551/1551 1556/1556 1552/1552
f 1552/1552 1556/1556 1482/1482
f 1482/1482 1556/1556 1479/1479
f 1553/1553 1557/1557 1554/1554
f 1554/1554 1557/1557 1558/1558
f 1554/1554 1558/1558 1555/1555
f 1555/1555 1558/1558 1423/1423
f 1555/1555 1423/1423 1425/1425
f 1555/1555 1425/1425 1556/1556
f 1556/1556 1425/1425 1479/1479
f 1479/1479 1425/1425 1426/1426
f 1557/1557 1559/1559 1558/1558
f 1558/1558 1559/1559 1421/1421
f 1558/1558 1421/1421 1423/1423
f 1559/1559 1419/1419 1421/1421
f 1382/1382 1560/1560 1561/1561
f 1561/1561 1560/1560 1562/1562
f 1561/1561 1562/1562 1563/1563
f 1563/1563 1562/1562 1564/1564
f 1563/1563 1564/1564 1565/1565
f 1563/1563 1565/1565 1566/1566
f 1566/1566 1565/1565 1567/1567
f 1566/1566 1567/1567 1568/1568
f 1568/1568 1567/1567 1569/1569
f 1568/1568 1569/1569 1570/1570
f 1570/1570 1569/1569 1571/1571
f 1570/1570 1571/1571 1572/1572
f 1572/1572 1571/1571 1573/1573
f 1572/1572 1573/1573 1574/1574
f 1574/1574 1573/1573 1504/1504
f 1574/1574 1504/1504 1503/1503
f 1560/1560 1522/1522 1562/1562
f 1562/1562 1522/1522 1520/1520
f 1562/1562 1520/1520 1564/1564
f 1564/1564 1520/1520 1518/1518
f 1564/1564 1518/1518 1565/1565
f 1565/1565 1518/1518 1516/1516
f 1565/1565 1516/1516 1567/1567
f 1567/1567 1516/1516 1514/1514
f 1567/1567 1514/1514 1569/1569
f 1569/1569 1514/1514 1512/1512
f 1569/1569 1512/1512 1571/1571
f 1571/1571 1512/1512 1510/1510
f 1571/1571 1510/1510 1573/1573
f 1573/1573 1510/1510 1507/1507
f 1573/1573 1507/1507 1504/1504
f 1383/1383 1386/1386 1575/1575
f 1575/1575 1386/1386 1526/1526
f 1575/1575 1526/1526 1525/1525
f 1574/1574 1503/1503 1360/1360
f 1360/1360 1503/1503 1501/1501
f 1572/1572 1574/1574 1362/1362
f 1362/1362 1574/1574 1360/1360
f 1570/1570 1572/1572 1364/1364
f 1364/1364 1572/1572 1362/1362
f 1568/1568 1570/1570 1367/1367
f 1367/1367 1570/1570 1364/1364
f 1566/1566 1568/1568 1370/1370
f 1370/1370 1568/1568 1367/1367
f 1563/1563 1566/1566 1372/1372
f 1372/1372 1566/1566 1370/1370
f 1561/1561 1563/1563 1375/1375
f 1375/1375 1563/1563 1372/1372
f 1382/1382 1561/1561 1377/1377
f 1377/1377 1561/1561 1375/1375
f 1384/1384 1472/1472 1385/1385
f 1385/1385 1472/1472 1576/1576
f 1385/1385 1576/1576 1387/1387
f 1387/1387 1576/1576 1577/1577
f 1387/1387 1577/1577 1578/1578
f 1578/1578 1577/1577 1579/1579
f 1578/1578 1579/1579 1580/1580
f 1580/1580 1579/1579 1581/1581
f 1580/1580 1581/1581 1582/1582
f 1582/1582 1581/1581 1583/1583
f 1582/1582 1583/1583 1584/1584
f 1584/1584 1583/1583 1585/1585
f 1584/1584 1585/1585 1586/1586
f 1586/1586 1585/1585 1587/1587
f 1586/1586 1587/1587 1588/1588
f 1588/1588 1587/1587 1589/1589
f 1588/1588 1589/1589 1590/1590
f 1590/1590 1589/1589 1591/1591
f 1590/1590 1591/1591 1592/1592
f 1592/1592 1591/1591 1593/1593
f 1592/1592 1593/1593 1594/1594
f 1594/1594 1593/1593 1595/1595
f 1594/1594 1595/1595 1596/1596
f 1596/1596 1595/1595 1597/1597
f 1596/1596 1597/1597 1598/1598
f 1598/1598 1597/1597 1599/1599
f 1598/1598 1599/1599 1600/1600
f 1600/1600 1599/1599 1601/1601
f 1600/1600 1601/1601 1602/1602
f 1602/1602 1601/1601 1603/1603
f 1602/1602 1603/1603 1604/1604
f 1604/1604 1603/1603 1605/1605
f 1604/1604 1605/1605 1606/1606
f 1606/1606 1605/1605 1424/1424
f 1606/1606 1424/1424 1422/1422
f 1388/1388 1526/1526 1386/1386
f 1577/1577 1576/1576 1470/1470
f 1470/1470 1576/1576 1472/1472
f 1579/1579 1577/1577 1467/1467
f 1467/1467 1577/1577 1470/1470
f 1392/1392 1389/1389 1578/1578
f 1578/1578 1389/1389 1387/1387
f 1581/1581 1579/1579 1464/1464
f 1464/1464 1579/1579 1467/1467
f 1394/1394 1392/1392 1580/1580
f 1580/1580 1392/1392 1578/1578
f 1583/1583 1581/1581 1462/1462
f 1462/1462 1581/1581 1464/1464
f 1396/1396 1394/1394 1582/1582
f 1582/1582 1394/1394 1580/1580
f 1585/1585 1583/1583 1459/1459
f 1459/1459 1583/1583 1462/1462
f 1398/1398 1396/1396 1584/1584
f 1584/1584 1396/1396 1582/1582
f 1587/1587 1585/1585 1457/1457
f 1457/1457 1585/1585 1459/1459
f 1400/1400 1398/1398 1586/1586
f 1586/1586 1398/1398 1584/1584
f 1589/1589 1587/1587 1453/1453
f 1453/1453 1587/1587 1457/1457
f 1402/1402 1400/1400 1588/1588
f 1588/1588 1400/1400 1586/1586
f 1591/1591 1589/1589 1450/1450
f 1450/1450 1589/1589 1453/1453
f 1404/1404 1402/1402 1590/1590
f 1590/1590 1402/1402 1588/1588
f 1593/1593 1591/1591 1447/1447
f 1447/1447 1591/1591 1450/1450
f 1406/1406 1404/1404 1592/1592
f 1592/1592 1404/1404 1590/1590
f 1595/1595 1593/1593 1445/1445
f 1445/1445 1593/1593 1447/1447
f 1408/1408 1406/1406 1594/1594
f 1594/1594 1406/1406 1592/1592
f 1597/1597 1595/1595 1442/1442
f 1442/1442 1595/1595 1445/1445
f 1410/1410 1408/1408 1596/1596
f 1596/1596 1408/1408 1594/1594
f 1599/1599 1597/1597 1439/1439
f 1439/1439 1597/1597 1442/1442
f 1412/1412 1410/1410 1598/1598
f 1598/1598 1410/1410 1596/1596
f 1601/1601 1599/1599 1437/1437
f 1437/1437 1599/1599 1439/1439
f 1414/1414 1412/1412 1600/1600
f 1600/1600 1412/1412 1598/1598
f 1603/1603 1601/1601 1434/1434
f 1434/1434 1601/1601 1437/1437
f 1416/1416 1414/1414 1602/1602
f 1602/1602 1414/1414 1600/1600
f 1605/1605 1603/1603 1432/1432
f 1432/1432 1603/1603 1434/1434
f 1418/1418 1416/1416 1604/1604
f 1604/1604 1416/1416 1602/1602
f 1424/1424 1605/1605 1427/1427
f 1427/1427 1605/1605 1432/1432
f 1420/1420 1418/1418 1606/1606
f 1606/1606 1418/1418 1604/1604
f 1422/1422 1420/1420 1606/1606
f 1607/1607 1608/1608 1609/1609
f 1609/1609 1608/1608 1610/1610
f 1609/1609 1610/1610 1611/1611
f 1611/1611 1610/1610 1612/1612
f 1613/1613 1614/1614 1611/1611
f 1611/1611 1614/1614 1615/1615
f 1611/1611 1615/1615 1609/1609
f 1609/1609 1615/1615 1616/1616
f 1616/1616 1615/1615 1617/1617
f 1617/1617 1615/1615 1618/1618
f 1618/1618 1615/1615 1619/1619
f 1613/1613 1620/1620 1614/1614
f 1614/1614 1620/1620 1621/1621
f 1614/1614 1621/1621 1622/1622
f 1623/1623 1624/1624 1625/1625
f 1625/1625 1624/1624 1626/1626
f 1625/1625 1626/1626 1627/1627
f 1627/1627 1626/1626 1628/1628
f 1627/1627 1628/1628 1629/1629
f 1624/1624 1630/1630 1626/1626
f 1626/1626 1630/1630 1631/1631
f 1626/1626 1631/1631 1632/1632
f 1630/1630 1633/1633 1631/1631
f 1634/1634 1635/1635 1632/1632
f 1632/1632 1635/1635 1626/1626
f 1635/1635 1628/1628 1626/1626
f 1636/1636 1637/1637 1638/1638
f 1638/1638 1637/1637 1639/1639
f 1638/1638 1639/1639 1640/1640
f 1640/1640 1639/1639 1641/1641
f 1640/1640 1641/1641 1642/1642
f 1637/1637 1636/1636 1643/1643
f 1643/1643 1636/1636 1644/1644
f 1643/1643 1644/1644 1645/1645
f 1645/1645 1644/1644 1646/1646
f 1646/1646 1644/1644 1647/1647
f 1647/1647 1644/1644 1648/1648
f 1648/1648 1644/1644 1649/1649
f 1649/1649 1644/1644 1650/1650
f 1649/1649 1650/1650 1651/1651
f 1651/1651 1650/1650 1652/1652
f 1652/1652 1650/1650 1653/1653
f 1653/1653 1650/1650 1654/1654
f 1654/1654 1650/1650 1655/1655
f 1655/1655 1650/1650 1656/1656
f 1655/1655 1656/1656 1657/1657
f 1657/1657 1656/1656 1658/1658
f 1658/1658 1656/1656 1659/1659
f 1659/1659 1656/1656 1660/1660
f 1660/1660 1656/1656 1661/1661
f 1661/1661 1656/1656 1662/1662
f 1661/1661 1662/1662 1663/1663
f 1663/1663 1662/1662 1664/1664
f 1664/1664 1662/1662 1665/1665
f 1665/1665 1662/1662 1666/1666
f 1666/1666 1662/1662 1667/1667
f 1667/1667 1662/1662 1668/1668
f 1667/1667 1668/1668 1669/1669
f 1669/1669 1668/1668 1670/1670
f 1670/1670 1668/1668 1671/1671
f 1670/1670 1671/1671 1672/1672
f 1672/1672 1671/1671 1673/1673
f 1672/1672 1673/1673 1674/1674
f 1674/1674 1673/1673 1675/1675
f 1674/1674 1675/1675 1676/1676
f 1676/1676 1675/1675 1677/1677
f 1677/1677 1675/1675 1678/1678
f 1678/1678 1675/1675 1679/1679
f 1679/1679 1675/1675 1680/1680
f 1680/1680 1675/1675 1681/1681
f 1680/1680 1681/1681 1682/1682
f 1682/1682 1681/1681 1683/1683
f 1683/1683 1681/1681 1684/1684
f 1684/1684 1681/1681 1685/1685
f 1685/1685 1681/1681 1686/1686
f 1686/1686 1681/1681 1687/1687
f 1686/1686 1687/1687 1688/1688
f 1688/1688 1687/1687 1689/1689
f 1689/1689 1687/1687 1690/1690
f 1690/1690 1687/1687 1691/1691
f 1691/1691 1687/1687 1692/1692
f 1692/1692 1687/1687 1693/1693
f 1692/1692 1693/1693 1694/1694
f 1694/1694 1693/1693 1695/1695
f 1695/1695 1693/1693 1696/1696
f 1696/1696 1693/1693 1697/1697
f 1697/1697 1693/1693 1698/1698
f 1698/1698 1693/1693 1699/1699
f 1698/1698 1699/1699 1700/1700
f 1700/1700 1699/1699 1701/1701
f 1701/1701 1699/1699 1702/1702
f 1701/1701 1702/1702 1703/1703
f 1703/1703 1702/1702 1704/1704
f 1703/1703 1704/1704 1705/1705
f 1705/1705 1704/1704 1706/1706
f 1705/1705 1706/1706 1707/1707
f 1707/1707 1706/1706 1708/1708
f 1708/1708 1706/1706 1709/1709
f 1709/1709 1706/1706 1710/1710
f 1710/1710 1706/1706 1711/1711
f 1711/1711 1706/1706 1712/1712
f 1711/1711 1712/1712 1713/1713
f 1713/1713 1712/1712 1714/1714
f 1714/1714 1712/1712 1715/1715
f 1715/1715 1712/1712 1716/1716
f 1716/1716 1712/1712 1717/1717
f 1717/1717 1712/1712 1718/1718
f 1717/1717 1718/1718 1719/1719
f 1719/1719 1718/1718 1720/1720
f 1720/1720 1718/1718 1721/1721
f 1721/1721 1718/1718 1722/1722
f 1722/1722 1718/1718 1723/1723
f 1723/1723 1718/1718 1724/1724
f 1723/1723 1724/1724 1725/1725
f 1725/1725 1724/1724 1726/1726
f 1726/1726 1724/1724 1727/1727
f 1727/1727 1724/1724 1728/1728
f 1728/1728 1724/1724 1729/1729
f 1729/1729 1724/1724 1730/1730
f 1729/1729 1730/1730 1731/1731
f 1731/1731 1730/1730 1732/1732
f 1732/1732 1730/1730 1733/1733
f 1732/1732 1733/1733 1734/1734
f 1734/1734 1733/1733 1735/1735
f 1734/1734 1735/1735 1736/1736
f 1736/1736 1735/1735 1737/1737
f 1736/1736 1737/1737 1738/1738
f 1738/1738 1737/1737 1739/1739
f 1739/1739 1737/1737 1740/1740
f 1740/1740 1737/1737 1741/1741
f 1741/1741 1737/1737 1742/1742
f 1742/1742 1737/1737 1743/1743
f 1742/1742 1743/1743 1744/1744
f 1744/1744 1743/1743 1745/1745
f 1745/1745 1743/1743 1746/1746
f 1746/1746 1743/1743 1747/1747
f 1747/1747 1743/1743 1748/1748
f 1748/1748 1743/1743 1749/1749
f 1748/1748 1749/1749 1750/1750
f 1750/1750 1749/1749 1751/1751
f 1751/1751 1749/1749 1752/1752
f 1752/1752 1749/1749 1753/1753
f 1753/1753 1749/1749 1754/1754
f 1754/1754 1749/1749 1755/1755
f 1754/1754 1755/1755 1756/1756
f 1756/1756 1755/1755 1757/1757
f 1757/1757 1755/1755 1758/1758
f 1758/1758 1755/1755 1759/1759
f 1759/1759 1755/1755 1760/1760
f 1760/1760 1755/1755 1761/1761
f 1760/1760 1761/1761 1762/1762
f 1762/1762 1761/1761 1763/1763
f 1763/1763 1761/1761 1764/1764
f 1763/1763 1764/1764 1765/1765
f 1766/1766 1767/1767 1768/1768
f 1766/1766 1768/1768 1769/1769
f 1769/1769 1768/1768 1770/1770
f 1769/1769 1770/1770 1771/1771
f 1771/1771 1770/1770 1772/1772
f 1772/1772 1770/1770 1773/1773
f 1773/1773 1770/1770 1774/1774
f 1774/1774 1770/1770 1775/1775
f 1775/1775 1770/1770 1776/1776
f 1775/1775 1776/1776 1777/1777
f 1777/1777 1776/1776 1778/1778
f 1778/1778 1776/1776 1779/1779
f 1779/1779 1776/1776 1780/1780
f 1780/1780 1776/1776 1781/1781
f 1781/1781 1776/1776 1782/1782
f 1781/1781 1782/1782 1783/1783
f 1783/1783 1782/1782 1784/1784
f 1784/1784 1782/1782 1785/1785
f 1785/1785 1782/1782 1786/1786
f 1786/1786 1782/1782 1787/1787
f 1787/1787 1782/1782 1788/1788
f 1787/1787 1788/1788 1789/1789
f 1789/1789 1788/1788 1790/1790
f 1790/1790 1788/1788 1791/1791
f 1791/1791 1788/1788 1792/1792
f 1792/1792 1788/1788 1793/1793
f 1793/1793 1788/1788 1794/1794
f 1793/1793 1794/1794 1795/1795
f 1795/1795 1794/1794 1796/1796
f 1796/1796 1794/1794 1797/1797
f 1796/1796 1797/1797 1798/1798
f 1798/1798 1797/1797 1799/1799
f 1798/1798 1799/1799 1800/1800
f 1800/1800 1799/1799 1801/1801
f 1800/1800 1801/1801 1802/1802
f 1802/1802 1801/1801 1803/1803
f 1803/1803 1801/1801 1804/1804
f 1804/1804 1801/1801 1805/1805
f 1805/1805 1801/1801 1806/1806
f 1806/1806 1801/1801 1807/1807
f 1806/1806 1807/1807 1808/1808
f 1808/1808 1807/1807 1809/1809
f 1809/1809 1807/1807 1810/1810
f 1810/1810 1807/1807 1811/1811
f 1811/1811 1807/1807 1812/1812
f 1812/1812 1807/1807 1813/1813
f 1812/1812 1813/1813 1814/1814
f 1814/1814 1813/1813 1815/1815
f 1815/1815 1813/1813 1816/1816
f 1816/1816 1813/1813 1817/1817
f 1817/1817 1813/1813 1818/1818
f 1818/1818 1813/1813 1819/1819
f 1818/1818 1819/1819 1820/1820
f 1820/1820 1819/1819 1821/1821
f 1821/1821 1819/1819 1822/1822
f 1822/1822 1819/1819 1823/1823
f 1823/1823 1819/1819 1824/1824
f 1824/1824 1819/1819 1825/1825
f 1824/1824 1825/1825 1826/1826
f 1826/1826 1825/1825 1827/1827
f 1827/1827 1825/1825 1828/1828
f 1827/1827 1828/1828 1829/1829
f 1829/1829 1828/1828 1830/1830
f 1829/1829 1830/1830 1831/1831
f 1831/1831 1830/1830 1832/1832
f 1831/1831 1832/1832 1833/1833
f 1833/1833 1832/1832 1834/1834
f 1834/1834 1832/1832 1835/1835
f 1835/1835 1832/1832 1836/1836
f 1836/1836 1832/1832 1837/1837
f 1837/1837 1832/1832 1838/1838
f 1837/1837 1838/1838 1839/1839
f 1839/1839 1838/1838 1840/1840
f 1840/1840 1838/1838 1841/1841
f 1841/1841 1838/1838 1842/1842
f 1842/1842 1838/1838 1843/1843
f 1843/1843 1838/1838 1844/1844
f 1843/1843 1844/1844 1845/1845
f 1845/1845 1844/1844 1846/1846
f 1846/1846 1844/1844 1847/1847
f 1847/1847 1844/1844 1848/1848
f 1848/1848 1844/1844 1849/1849
f 1849/1849 1844/1844 1850/1850
f 1849/1849 1850/1850 1851/1851
f 1851/1851 1850/1850 1852/1852
f 1852/1852 1850/1850 1853/1853
f 1853/1853 1850/1850 1854/1854
f 1854/1854 1850/1850 1855/1855
f 1855/1855 1850/1850 1856/1856
f 1855/1855 1856/1856 1857/1857
f 1857/1857 1856/1856 1858/1858
f 1858/1858 1856/1856 1859/1859
f 1858/1858 1859/1859 1860/1860
f 1860/1860 1859/1859 1861/1861
f 1860/1860 1861/1861 1862/1862
f 1862/1862 1861/1861 1863/1863
f 1862/1862 1863/1863 1864/1864
f 1864/1864 1863/1863 1865/1865
f 1865/1865 1863/1863 1866/1866
f 1866/1866 1863/1863 1867/1867
f 1867/1867 1863/1863 1868/1868
f 1868/1868 1863/1863 1869/1869
f 1868/1868 1869/1869 1870/1870
f 1870/1870 1869/1869 1871/1871
f 1871/1871 1869/1869 1872/1872
f 1872/1872 1869/1869 1873/1873
f 1873/1873 1869/1869 1874/1874
f 1874/1874 1869/1869 1875/1875
f 1874/1874 1875/1875 1876/1876
f 1876/1876 1875/1875 1877/1877
f 1877/1877 1875/1875 1878/1878
f 1878/1878 1875/1875 1879/1879
f 1879/1879 1875/1875 1880/1880
f 1880/1880 1875/1875 1881/1881
f 1880/1880 1881/1881 1882/1882
f 1882/1882 1881/1881 1883/1883
f 1883/1883 1881/1881 1884/1884
f 1884/1884 1881/1881 1885/1885
f 1885/1885 1881/1881 1642/1642
f 1642/1642 1881/1881 1640/1640
f 1886/1886 1887/1887 1888/1888
f 1888/1888 1887/1887 1889/1889
f 1888/1888 1889/1889 1890/1890
f 1890/1890 1889/1889 1891/1891
f 1890/1890 1891/1891 1892/1892
f 1887/1887 1893/1893 1889/1889
f 1889/1889 1893/1893 1894/1894
f 1889/1889 1894/1894 1895/1895
f 1893/1893 1896/1896 1894/1894
f 1897/1897 1898/1898 1895/1895
f 1895/1895 1898/1898 1889/1889
f 1898/1898 1891/1891 1889/1889
f 1899/1899 1900/1900 1901/1901
f 1901/1901 1900/1900 1902/1902
f 1901/1901 1902/1902 1903/1903
f 1903/1903 1902/1902 1904/1904
f 1903/1903 1904/1904 1905/1905
f 1900/1900 1906/1906 1902/1902
f 1902/1902 1906/1906 1907/1907
f 1902/1902 1907/1907 1908/1908
f 1906/1906 1909/1909 1907/1907
f 1910/1910 1911/1911 1908/1908
f 1908/1908 1911/1911 1902/1902
f 1911/1911 1904/1904 1902/1902
f 1912/1912 1913/1913 1914/1914
f 1914/1914 1913/1913 1915/1915
f 1914/1914 1915/1915 1916/1916
f 1916/1916 1915/1915 1917/1917
f 1916/1916 1917/1917 1918/1918
f 1918/1918 1917/1917 1919/1919
f 1918/1918 1919/1919 1920/1920
f 1920/1920 1919/1919 1921/1921
f 1920/1920 1921/1921 1922/1922
f 1922/1922 1921/1921 1923/1923
f 1924/1924 1925/1925 1926/1926
f 1926/1926 1925/1925 1927/1927
f 1927/1927 1925/1925 1928/1928
f 1927/1927 1928/1928 1929/1929
f 1925/1925 1930/1930 1928/1928
f 1928/1928 1930/1930 1931/1931
f 1931/1931 1930/1930 1932/1932
f 1931/1931 1932/1932 1933/1933
f 1933/1933 1934/1934 1931/1931
f 1929/1929 1935/1935 1927/1927
f 1936/1936 1937/1937 1938/1938
f 1938/1938 1937/1937 1939/1939
f 1938/1938 1939/1939 1940/1940
f 1937/1937 1936/1936 1941/1941
f 1941/1941 1936/1936 1942/1942
f 1941/1941 1942/1942 1943/1943
f 1943/1943 1942/1942 1944/1944
f 1943/1943 1944/1944 1945/1945
f 1945/1945 1944/1944 1946/1946
f 1945/1945 1946/1946 1947/1947
f 1948/1948 1949/1949 1950/1950
f 1950/1950 1949/1949 1951/1951
f 1950/1950 1951/1951 1952/1952
f 1953/1953 1954/1954 1952/1952
f 1952/1952 1954/1954 1955/1955
f 1952/1952 1955/1955 1950/1950
f 1956/1956 1957/1957 1958/1958
f 1958/1958 1957/1957 1959/1959
f 1959/1959 1957/1957 1960/1960
f 1959/1959 1960/1960 1961/1961
f 1961/1961 1960/1960 1962/1962
f 1961/1961 1962/1962 1963/1963
f 1963/1963 1962/1962 1964/1964
f 1963/1963 1964/1964 1965/1965
f 1965/1965 1964/1964 1966/1966
f 1965/1965 1966/1966 1967/1967
f 1967/1967 1966/1966 1968/1968
f 1967/1967 1968/1968 1969/1969
f 1969/1969 1968/1968 1970/1970
f 1969/1969 1970/1970 1971/1971
f 1971/1971 1970/1970 1972/1972
f 1971/1971 1972/1972 1973/1973
f 1974/1974 1975/1975 1976/1976
f 1976/1976 1975/1975 1977/1977
f 1976/1976 1977/1977 1978/1978
f 1978/1978 1977/1977 1979/1979
f 1979/1979 1977/1977 1980/1980
f 1976/1976 1978/1978 1981/1981
f 1981/1981 1978/1978 1982/1982
f 1981/1981 1982/1982 1983/1983
f 1983/1983 1982/1982 1984/1984
f 1984/1984 1982/1982 1985/1985
f 1986/1986 1987/1987 1988/1988
f 1988/1988 1987/1987 1989/1989
f 1988/1988 1989/1989 1990/1990
f 1990/1990 1989/1989 1991/1991
f 1990/1990 1991/1991 1992/1992
f 1992/1992 1991/1991 1993/1993
f 1992/1992 1993/1993 1994/1994
f 1994/1994 1993/1993 1995/1995
f 1994/1994 1995/1995 1996/1996
f 1996/1996 1995/1995 1997/1997
f 1996/1996 1997/1997 1998/1998
f 1998/1998 1997/1997 1999/1999
f 1998/1998 1999/1999 2000/2000
f 2000/2000 1999/1999 2001/2001
f 2000/2000 2001/2001 2002/2002
f 2002/2002 2001/2001 2003/2003
f 2004/2004 2005/2005 2006/2006
f 2006/2006 2005/2005 2007/2007
f 2006/2006 2007/2007 2008/2008
f 2008/2008 2007/2007 2009/2009
f 2008/2008 2009/2009 2010/2010
f 2010/2010 2009/2009 2011/2011
f 2012/2012 2013/2013 2014/2014
f 2014/2014 2013/2013 2015/2015
f 2014/2014 2015/2015 2016/2016
f 2013/2013 2017/2017 2015/2015
f 2015/2015 2017/2017 2018/2018
f 2018/2018 2017/2017 2019/2019
f 2018/2018 2019/2019 2020/2020
f 2017/2017 2021/2021 2019/2019
f 2018/2018 2020/2020 2022/2022
f 2022/2022 2020/2020 2023/2023
f 2022/2022 2023/2023 2024/2024
f 2024/2024 2025/2025 2022/2022
f 2022/2022 2025/2025 2026/2026
f 2022/2022 2026/2026 2027/2027
f 2027/2027 2028/2028 2022/2022
f 2022/2022 2028/2028 2029/2029
f 2022/2022 2029/2029 2030/2030
f 2030/2030 2029/2029 2031/2031
f 2030/2030 2031/2031 2032/2032
f 2032/2032 2031/2031 2033/2033
f 2032/2032 2033/2033 2034/2034
f 2034/2034 2033/2033 2035/2035
f 2034/2034 2035/2035 2036/2036
f 2036/2036 2035/2035 2037/2037
f 2036/2036 2037/2037 2038/2038
f 2038/2038 2039/2039 2036/2036
f 2036/2036 2039/2039 2040/2040
f 2036/2036 2040/2040 2041/2041
f 2036/2036 2041/2041 2042/2042
f 2042/2042 2041/2041 2043/2043
f 2042/2042 2043/2043 2044/2044
f 2044/2044 2045/2045 2042/2042
f 2042/2042 2045/2045 2046/2046
f 2042/2042 2046/2046 2047/2047
f 2042/2042 2047/2047 2048/2048
f 2048/2048 2047/2047 2049/2049
f 2048/2048 2049/2049 2050/2050
f 2050/2050 2049/2049 2051/2051
f 2048/2048 2050/2050 2052/2052
f 2052/2052 2050/2050 2053/2053
f 2052/2052 2053/2053 2054/2054
f 2054/2054 2055/2055 2052/2052
f 2052/2052 2056/2056 2057/2057
f 2052/2052 2057/2057 2058/2058
f 2052/2052 2058/2058 2059/2059
f 2059/2059 2058/2058 2060/2060
f 2059/2059 2060/2060 2061/2061
f 2061/2061 2062/2062 2059/2059
f 2059/2059 2062/2062 2063/2063
f 2063/2063 2062/2062 2064/2064
f 2063/2063 2064/2064 2065/2065
f 2063/2063 2065/2065 2066/2066
f 2066/2066 2065/2065 2067/2067
f 2066/2066 2067/2067 2068/2068
f 2068/2068 2067/2067 2069/2069
f 2068/2068 2069/2069 2070/2070
f 2070/2070 2071/2071 2068/2068
f 2068/2068 2071/2071 2072/2072
f 2072/2072 2071/2071 2073/2073
f 2072/2072 2073/2073 2074/2074
f 2074/2074 2075/2075 2072/2072
f 2072/2072 2075/2075 2076/2076
f 2072/2072 2076/2076 2077/2077
f 2078/2078 2079/2079 2077/2077
f 2077/2077 2079/2079 2080/2080
f 2077/2077 2080/2080 2072/2072
f 2079/2079 2081/2081 2080/2080
f 2080/2080 2081/2081 2082/2082
f 2082/2082 2081/2081 2083/2083
f 2082/2082 2083/2083 2084/2084
f 2084/2084 2085/2085 2082/2082
f 2082/2082 2085/2085 2086/2086
f 2086/2086 2085/2085 2087/2087
f 2086/2086 2087/2087 2088/2088
f 2088/2088 2089/2089 2086/2086
f 2086/2086 2089/2089 2090/2090
f 2086/2086 2090/2090 2091/2091
f 2091/2091 2092/2092 2086/2086
f 2086/2086 2092/2092 2093/2093
f 2086/2086 2093/2093 2094/2094
f 2094/2094 2093/2093 2095/2095
f 2094/2094 2095/2095 2096/2096
f 2096/2096 2095/2095 2097/2097
f 2096/2096 2097/2097 2098/2098
f 2098/2098 2097/2097 2099/2099
f 2098/2098 2099/2099 2100/2100
f 2100/2100 2099/2099 2101/2101
f 2100/2100 2101/2101 2102/2102
f 2102/2102 2103/2103 2100/2100
f 2100/2100 2103/2103 2104/2104
f 2100/2100 2104/2104 2105/2105
f 2105/2105 2106/2106 2100/2100
f 2100/2100 2106/2106 2107/2107
f 2100/2100 2107/2107 2108/2108
f 2108/2108 2107/2107 2109/2109
f 2108/2108 2109/2109 2110/2110
f 2110/2110 2109/2109 2111/2111
f 2108/2108 2110/2110 2112/2112
f 2112/2112 2110/2110 2113/2113
f 2112/2112 2113/2113 2114/2114
f 2114/2114 2113/2113 2115/2115
f 2112/2112 2114/2114 2116/2116
f 2116/2116 2114/2114 2117/2117
f 2116/2116 2117/2117 2118/2118
f 2118/2118 2119/2119 2116/2116
f 2116/2116 2120/2120 2121/2121
f 2116/2116 2121/2121 2122/2122
f 2122/2122 2123/2123 2116/2116
f 2116/2116 2123/2123 2124/2124
f 2124/2124 2123/2123 2125/2125
f 2124/2124 2125/2125 2126/2126
f 2124/2124 2126/2126 2127/2127
f 2127/2127 2126/2126 2128/2128
f 2127/2127 2128/2128 2129/2129
f 2127/2127 2129/2129 2130/2130
f 2130/2130 2129/2129 2131/2131
f 2130/2130 2131/2131 2132/2132
f 2132/2132 2131/2131 2133/2133
f 2132/2132 2133/2133 2134/2134
f 2134/2134 2135/2135 2132/2132
f 2132/2132 2135/2135 2136/2136
f 2136/2136 2135/2135 2137/2137
f 2136/2136 2137/2137 2138/2138
f 2138/2138 2139/2139 2136/2136
f 2136/2136 2139/2139 2140/2140
f 2136/2136 2140/2140 2141/2141
f 2142/2142 2143/2143 2141/2141
f 2141/2141 2143/2143 2144/2144
f 2141/2141 2144/2144 2136/2136
f 2143/2143 2145/2145 2144/2144
f 2144/2144 2145/2145 2146/2146
f 2146/2146 2145/2145 2147/2147
f 2146/2146 2147/2147 2148/2148
f 2148/2148 2149/2149 2146/2146
f 2146/2146 2149/2149 2150/2150
f 2146/2146 2150/2150 2151/2151
f 2146/2146 2151/2151 2152/2152
f 2152/2152 2151/2151 2153/2153
f 2152/2152 2153/2153 2154/2154
f 2154/2154 2155/2155 2152/2152
f 2152/2152 2155/2155 2156/2156
f 2152/2152 2156/2156 2157/2157
f 2152/2152 2157/2157 2158/2158
f 2158/2158 2157/2157 2159/2159
f 2158/2158 2159/2159 2160/2160
f 2160/2160 2159/2159 2161/2161
f 2160/2160 2161/2161 2162/2162
f 2162/2162 2161/2161 2163/2163
f 2162/2162 2163/2163 2164/2164
f 2164/2164 2163/2163 2165/2165
f 2164/2164 2165/2165 2166/2166
f 2166/2166 2167/2167 2164/2164
f 2164/2164 2167/2167 2168/2168
f 2164/2164 2168/2168 2169/2169
f 2169/2169 2170/2170 2164/2164
f 2164/2164 2170/2170 2171/2171
f 2164/2164 2171/2171 2172/2172
f 2172/2172 2171/2171 2173/2173
f 2172/2172 2173/2173 2174/2174
f 2174/2174 2173/2173 2175/2175
f 2172/2172 2174/2174 2176/2176
f 2176/2176 2174/2174 2177/2177
f 2176/2176 2177/2177 2178/2178
f 2178/2178 2177/2177 2179/2179
f 2176/2176 2178/2178 2180/2180
f 2180/2180 2178/2178 2181/2181
f 2180/2180 2181/2181 2182/2182
f 2182/2182 2183/2183 2180/2180
f 2180/2180 2184/2184 2185/2185
f 2180/2180 2185/2185 2186/2186
f 2186/2186 2187/2187 2180/2180
f 2180/2180 2187/2187 2188/2188
f 2188/2188 2187/2187 2189/2189
f 2188/2188 2189/2189 2190/2190
f 2188/2188 2190/2190 2191/2191
f 2191/2191 2190/2190 2192/2192
f 2191/2191 2192/2192 2193/2193
f 2191/2191 2193/2193 2194/2194
f 2194/2194 2193/2193 2195/2195
f 2194/2194 2195/2195 2196/2196
f 2196/2196 2195/2195 2197/2197
f 2196/2196 2197/2197 2198/2198
f 2198/2198 2199/2199 2196/2196
f 2196/2196 2199/2199 2200/2200
f 2200/2200 2199/2199 2201/2201
f 2200/2200 2201/2201 2202/2202
f 2202/2202 2203/2203 2200/2200
f 2200/2200 2203/2203 2204/2204
f 2200/2200 2204/2204 2205/2205
f 2206/2206 2207/2207 2205/2205
f 2205/2205 2207/2207 2208/2208
f 2205/2205 2208/2208 2200/2200
f 2207/2207 2209/2209 2208/2208
f 2208/2208 2209/2209 2210/2210
f 2210/2210 2209/2209 2211/2211
f 2210/2210 2211/2211 2212/2212
f 2212/2212 2213/2213 2210/2210
f 2210/2210 2213/2213 2214/2214
f 2210/2210 2214/2214 2215/2215
f 2210/2210 2215/2215 2216/2216
f 2216/2216 2215/2215 2217/2217
f 2216/2216 2217/2217 2218/2218
f 2218/2218 2219/2219 2216/2216
f 2216/2216 2219/2219 2220/2220
f 2216/2216 2220/2220 2221/2221
f 2216/2216 2221/2221 2222/2222
f 2222/2222 2221/2221 2223/2223
f 2222/2222 2223/2223 2224/2224
f 2225/2225 2226/2226 2227/2227
f 2225/2225 2227/2227 2228/2228
f 2228/2228 2227/2227 2229/2229
f 2228/2228 2229/2229 2230/2230
f 2230/2230 2229/2229 2231/2231
f 2230/2230 2231/2231 2232/2232
f 2232/2232 2233/2233 2230/2230
f 2230/2230 2233/2233 2234/2234
f 2230/2230 2234/2234 2235/2235
f 2230/2230 2235/2235 2236/2236
f 2236/2236 2235/2235 2237/2237
f 2236/2236 2237/2237 2238/2238
f 2238/2238 2239/2239 2236/2236
f 2236/2236 2239/2239 2240/2240
f 2236/2236 2240/2240 2241/2241
f 2236/2236 2241/2241 2242/2242
f 2242/2242 2241/2241 2243/2243
f 2242/2242 2243/2243 2244/2244
f 2244/2244 2243/2243 2245/2245
f 2244/2244 2245/2245 2246/2246
f 2243/2243 2247/2247 2245/2245
f 2246/2246 2248/2248 2244/2244
f 2244/2244 2248/2248 2249/2249
f 2244/2244 2249/2249 2250/2250
f 2250/2250 2251/2251 2244/2244
f 2244/2244 2251/2251 2252/2252
f 2252/2252 2251/2251 2253/2253
f 2252/2252 2253/2253 2254/2254
f 2254/2254 2255/2255 2252/2252
f 2252/2252 2255/2255 2256/2256
f 2256/2256 2255/2255 2257/2257
f 2256/2256 2257/2257 2258/2258
f 2256/2256 2258/2258 2259/2259
f 2259/2259 2258/2258 2260/2260
f 2259/2259 2260/2260 2261/2261
f 2261/2261 2260/2260 2262/2262
f 2261/2261 2262/2262 2263/2263
f 2261/2261 2263/2263 2016/2016
f 2016/2016 2263/2263 2264/2264
f 2016/2016 2264/2264 2265/2265
f 2265/2265 2266/2266 2016/2016
f 2016/2016 2266/2266 2267/2267
f 2016/2016 2267/2267 2268/2268
f 2268/2268 2014/2014 2016/2016
f 2269/2269 2270/2270 2271/2271
f 2271/2271 2270/2270 2272/2272
f 2271/2271 2272/2272 2273/2273
f 2273/2273 2272/2272 2274/2274
f 2273/2273 2274/2274 2275/2275
f 2270/2270 2276/2276 2272/2272
f 2272/2272 2276/2276 2277/2277
f 2272/2272 2277/2277 2278/2278
f 2276/2276 2279/2279 2277/2277
f 2280/2280 2281/2281 2278/2278
f 2278/2278 2281/2281 2272/2272
f 2281/2281 2274/2274 2272/2272
f 2282/2282 2283/2283 2284/2284
f 2284/2284 2283/2283 2285/2285
f 2284/2284 2285/2285 2286/2286
f 2286/2286 2285/2285 2287/2287
f 2288/2288 2289/2289 2283/2283
f 2283/2283 2289/2289 2290/2290
f 2283/2283 2290/2290 2285/2285
f 2285/2285 2290/2290 2291/2291
f 2291/2291 2290/2290 2292/2292
f 2292/2292 2290/2290 2293/2293
f 2293/2293 2290/2290 2294/2294
f 2288/2288 2295/2295 2289/2289
f 2289/2289 2295/2295 2296/2296
f 2289/2289 2296/2296 2297/2297
f 2298/2298 2299/2299 2300/2300
f 2300/2300 2299/2299 2301/2301
f 2300/2300 2301/2301 2302/2302
f 2299/2299 2303/2303 2301/2301
f 2301/2301 2303/2303 2304/2304
f 2300/2300 2302/2302 2305/2305
f 2305/2305 2302/2302 2306/2306
f 2305/2305 2306/2306 2307/2307
f 2307/2307 2306/2306 2308/2308
f 2307/2307 2308/2308 2309/2309
f 2309/2309 2308/2308 2310/2310
f 2309/2309 2310/2310 2311/2311
f 2311/2311 2310/2310 2312/2312
f 2311/2311 2312/2312 2313/2313
f 2310/2310 2314/2314 2312/2312
f 2312/2312 2314/2314 2315/2315
f 2315/2315 2314/2314 2316/2316
f 2315/2315 2316/2316 2317/2317
f 2317/2317 2318/2318 2315/2315
f 2315/2315 2318/2318 2319/2319
f 2319/2319 2318/2318 2320/2320
f 2319/2319 2320/2320 2321/2321
f 2321/2321 2320/2320 2322/2322
f 2322/2322 2320/2320 2323/2323
f 2322/2322 2323/2323 2324/2324
f 2324/2324 2323/2323 2325/2325
f 2324/2324 2325/2325 2326/2326
f 2326/2326 2325/2325 2327/2327
f 2326/2326 2327/2327 2328/2328
f 2328/2328 2327/2327 2329/2329
f 2328/2328 2329/2329 2330/2330
f 2330/2330 2329/2329 2331/2331
f 2331/2331 2329/2329 2332/2332
f 2330/2330 2333/2333 2328/2328
f 2319/2319 2321/2321 2334/2334
f 2334/2334 2321/2321 2335/2335
f 2334/2334 2335/2335 2336/2336
f 2336/2336 2337/2337 2334/2334
f 2334/2334 2337/2337 2338/2338
f 2338/2338 2337/2337 2339/2339
f 2338/2338 2339/2339 2340/2340
f 2341/2341 2342/2342 2340/2340
f 2340/2340 2342/2342 2343/2343
f 2340/2340 2343/2343 2338/2338
f 2342/2342 2341/2341 2344/2344
f 2344/2344 2341/2341 2345/2345
f 2344/2344 2345/2345 2346/2346
f 2346/2346 2345/2345 2347/2347
f 2347/2347 2345/2345 2348/2348
f 2347/2347 2348/2348 2349/2349
f 2349/2349 2348/2348 2350/2350
f 2349/2349 2350/2350 2351/2351
f 2351/2351 2350/2350 2352/2352
f 2352/2352 2350/2350 2353/2353
f 2351/2351 2354/2354 2349/2349
f 2342/2342 2355/2355 2343/2343
f 2343/2343 2355/2355 2356/2356
f 2356/2356 2355/2355 2357/2357
f 2356/2356 2357/2357 2358/2358
f 2358/2358 2359/2359 2356/2356
f 2356/2356 2359/2359 2360/2360
f 2360/2360 2359/2359 2361/2361
f 2360/2360 2361/2361 2362/2362
f 2362/2362 2361/2361 2363/2363
f 2363/2363 2361/2361 2364/2364
f 2363/2363 2364/2364 2365/2365
f 2365/2365 2364/2364 2366/2366
f 2365/2365 2366/2366 2367/2367
f 2365/2365 2367/2367 2368/2368
f 2368/2368 2367/2367 2369/2369
f 2368/2368 2369/2369 2370/2370
f 2370/2370 2369/2369 2371/2371
f 2370/2370 2371/2371 2372/2372
f 2369/2369 2373/2373 2371/2371
f 2372/2372 2374/2374 2370/2370
f 2360/2360 2362/2362 2375/2375
f 2375/2375 2362/2362 2376/2376
f 2375/2375 2376/2376 2377/2377
f 2375/2375 2377/2377 2378/2378
f 2378/2378 2377/2377 2379/2379
f 2378/2378 2379/2379 2380/2380
f 2380/2380 2381/2381 2378/2378
f 2378/2378 2381/2381 2382/2382
f 2382/2382 2381/2381 2383/2383
f 2382/2382 2383/2383 2384/2384
f 2381/2381 2385/2385 2383/2383
f 2383/2383 2385/2385 2386/2386
f 2386/2386 2385/2385 2387/2387
f 2386/2386 2387/2387 2388/2388
f 2388/2388 2387/2387 2389/2389
f 2388/2388 2389/2389 2390/2390
f 2390/2390 2389/2389 2391/2391
f 2390/2390 2391/2391 2392/2392
f 2392/2392 2391/2391 2393/2393
f 2392/2392 2393/2393 2394/2394
f 2391/2391 2395/2395 2393/2393
f 2394/2394 2396/2396 2392/2392
f 2382/2382 2384/2384 2397/2397
f 2397/2397 2384/2384 2398/2398
f 2397/2397 2398/2398 2399/2399
f 2399/2399 2400/2400 2397/2397
f 2397/2397 2400/2400 2401/2401
f 2401/2401 2400/2400 2402/2402
f 2401/2401 2402/2402 2403/2403
f 2403/2403 2402/2402 2404/2404
f 2404/2404 2402/2402 2405/2405
f 2404/2404 2405/2405 2406/2406
f 2406/2406 2405/2405 2407/2407
f 2406/2406 2407/2407 2408/2408
f 2408/2408 2407/2407 2409/2409
f 2408/2408 2409/2409 2410/2410
f 2410/2410 2409/2409 2411/2411
f 2410/2410 2411/2411 2412/2412
f 2412/2412 2411/2411 2413/2413
f 2413/2413 2411/2411 2414/2414
f 2412/2412 2415/2415 2410/2410
f 2401/2401 2403/2403 2416/2416
f 2416/2416 2403/2403 2417/2417
f 2416/2416 2417/2417 2418/2418
f 2418/2418 2419/2419 2416/2416
f 2416/2416 2419/2419 2420/2420
f 2420/2420 2419/2419 2421/2421
f 2420/2420 2421/2421 2422/2422
f 2423/2423 2424/2424 2422/2422
f 2422/2422 2424/2424 2425/2425
f 2422/2422 2425/2425 2420/2420
f 2426/2426 2427/2427 2423/2423
f 2423/2423 2427/2427 2428/2428
f 2423/2423 2428/2428 2424/2424
f 2427/2427 2426/2426 2429/2429
f 2429/2429 2426/2426 2430/2430
f 2429/2429 2430/2430 2431/2431
f 2431/2431 2430/2430 2432/2432
f 2431/2431 2432/2432 2433/2433
f 2433/2433 2432/2432 2434/2434
f 2434/2434 2432/2432 2435/2435
f 2433/2433 2436/2436 2431/2431
f 2424/2424 2437/2437 2425/2425
f 2425/2425 2437/2437 2438/2438
f 2438/2438 2437/2437 2439/2439
f 2438/2438 2439/2439 2440/2440
f 2440/2440 2441/2441 2438/2438
f 2438/2438 2441/2441 2442/2442
f 2442/2442 2441/2441 2443/2443
f 2442/2442 2443/2443 2444/2444
f 2444/2444 2443/2443 2445/2445
f 2445/2445 2443/2443 2446/2446
f 2445/2445 2446/2446 2447/2447
f 2447/2447 2446/2446 2448/2448
f 2447/2447 2448/2448 2449/2449
f 2447/2447 2449/2449 2450/2450
f 2450/2450 2449/2449 2451/2451
f 2450/2450 2451/2451 2452/2452
f 2452/2452 2451/2451 2453/2453
f 2452/2452 2453/2453 2454/2454
f 2451/2451 2455/2455 2453/2453
f 2454/2454 2456/2456 2452/2452
f 2442/2442 2444/2444 2457/2457
f 2457/2457 2444/2444 2458/2458
f 2457/2457 2458/2458 2459/2459
f 2457/2457 2459/2459 2313/2313
f 2313/2313 2459/2459 2460/2460
f 2313/2313 2460/2460 2461/2461
f 2461/2461 2311/2311 2313/2313
f 2462/2462 2463/2463 2464/2464
f 2464/2464 2463/2463 2465/2465
f 2464/2464 2465/2465 2466/2466
f 2466/2466 2465/2465 2467/2467
f 2466/2466 2467/2467 2468/2468
f 2463/2463 2469/2469 2465/2465
f 2465/2465 2469/2469 2470/2470
f 2465/2465 2470/2470 2471/2471
f 2469/2469 2472/2472 2470/2470
f 2473/2473 2474/2474 2471/2471
f 2471/2471 2474/2474 2465/2465
f 2474/2474 2467/2467 2465/2465
f 2475/2475 2476/2476 2477/2477
f 2477/2477 2476/2476 2478/2478
f 2477/2477 2478/2478 2479/2479
f 2479/2479 2478/2478 2480/2480
f 2479/2479 2480/2480 2481/2481
f 2481/2481 2480/2480 2482/2482
f 2481/2481 2482/2482 2483/2483
f 2483/2483 2482/2482 2484/2484
f 2483/2483 2484/2484 2485/2485
f 2485/2485 2484/2484 2486/2486
f 2487/2487 2488/2488 2489/2489
f 2489/2489 2488/2488 2490/2490
f 2490/2490 2488/2488 2491/2491
f 2490/2490 2491/2491 2492/2492
f 2488/2488 2493/2493 2491/2491
f 2491/2491 2493/2493 2494/2494
f 2494/2494 2493/2493 2495/2495
f 2494/2494 2495/2495 2496/2496
f 2496/2496 2497/2497 2494/2494
f 2492/2492 2498/2498 2490/2490
f 2499/2499 2500/2500 2501/2501
f 2501/2501 2500/2500 2502/2502
f 2501/2501 2502/2502 2503/2503
f 2500/2500 2499/2499 2504/2504
f 2504/2504 2499/2499 2505/2505
f 2504/2504 2505/2505 2506/2506
f 2506/2506 2505/2505 2507/2507
f 2506/2506 2507/2507 2508/2508
f 2508/2508 2507/2507 2509/2509
f 2508/2508 2509/2509 2510/2510
f 2511/2511 2475/2475 2512/2512
f 2512/2512 2475/2475 2513/2513
f 2512/2512 2513/2513 2514/2514
f 2503/2503 2515/2515 2514/2514
f 2514/2514 2515/2515 2516/2516
f 2514/2514 2516/2516 2512/2512
f 2517/2517 2518/2518 2519/2519
f 2519/2519 2518/2518 2520/2520
f 2520/2520 2518/2518 2521/2521
f 2520/2520 2521/2521 2522/2522
f 2522/2522 2521/2521 2523/2523
f 2522/2522 2523/2523 2524/2524
f 2524/2524 2523/2523 2525/2525
f 2524/2524 2525/2525 2526/2526
f 2526/2526 2525/2525 2527/2527
f 2526/2526 2527/2527 2528/2528
f 2528/2528 2527/2527 2529/2529
f 2528/2528 2529/2529 2530/2530
f 2530/2530 2529/2529 2531/2531
f 2530/2530 2531/2531 2532/2532
f 2532/2532 2531/2531 2533/2533
f 2532/2532 2533/2533 2534/2534
f 2535/2535 2536/2536 2537/2537
f 2537/2537 2536/2536 2538/2538
f 2537/2537 2538/2538 2539/2539
f 2539/2539 2538/2538 2540/2540
f 2540/2540 2538/2538 2541/2541
f 2537/2537 2539/2539 2542/2542
f 2542/2542 2539/2539 2543/2543
f 2542/2542 2543/2543 2544/2544
f 2544/2544 2543/2543 2545/2545
f 2545/2545 2543/2543 2546/2546
f 2547/2547 2548/2548 2549/2549
f 2549/2549 2548/2548 2550/2550
f 2549/2549 2550/2550 2551/2551
f 2551/2551 2550/2550 2552/2552
f 2551/2551 2552/2552 2553/2553
f 2553/2553 2552/2552 2554/2554
f 2553/2553 2554/2554 2555/2555
f 2555/2555 2554/2554 2556/2556
f 2555/2555 2556/2556 2557/2557
f 2557/2557 2556/2556 2558/2558
f 2557/2557 2558/2558 2559/2559
f 2559/2559 2558/2558 2560/2560
f 2559/2559 2560/2560 2561/2561
f 2561/2561 2560/2560 2562/2562
f 2561/2561 2562/2562 2563/2563
f 2563/2563 2562/2562 2564/2564
f 2565/2565 2566/2566 2567/2567
f 2567/2567 2566/2566 2568/2568
f 2567/2567 2568/2568 2569/2569
f 2569/2569 2568/2568 2570/2570
f 2569/2569 2570/2570 2571/2571
f 2571/2571 2570/2570 2572/2572
f 2573/2573 2574/2574 2575/2575
f 2575/2575 2574/2574 2576/2576
f 2576/2576 2574/2574 2577/2577
f 2576/2576 2577/2577 2578/2578
f 2577/2577 2574/2574 2579/2579
f 2579/2579 2574/2574 2580/2580
f 2579/2579 2580/2580 2581/2581
f 2581/2581 2582/2582 2579/2579
f 2579/2579 2582/2582 2583/2583
f 2579/2579 2584/2584 2577/2577
f 2577/2577 2584/2584 2585/2585
f 2585/2585 2584/2584 2586/2586
f 2586/2586 2584/2584 2587/2587
f 2587/2587 2584/2584 2588/2588
f 2589/2589 2590/2590 2591/2591
f 2591/2591 2590/2590 2592/2592
f 2591/2591 2592/2592 2593/2593
f 2593/2593 2592/2592 2594/2594
f 2593/2593 2594/2594 2595/2595
f 2590/2590 2596/2596 2592/2592
f 2592/2592 2596/2596 2597/2597
f 2592/2592 2597/2597 2598/2598
f 2596/2596 2599/2599 2597/2597
f 2600/2600 2601/2601 2598/2598
f 2598/2598 2601/2601 2592/2592
f 2601/2601 2594/2594 2592/2592
f 2602/2602 2603/2603 2604/2604
f 2604/2604 2603/2603 2605/2605
f 2604/2604 2605/2605 2606/2606
f 2606/2606 2605/2605 2607/2607
f 2606/2606 2607/2607 2608/2608
f 2603/2603 2609/2609 2605/2605
f 2605/2605 2609/2609 2610/2610
f 2605/2605 2610/2610 2611/2611
f 2609/2609 2612/2612 2610/2610
f 2613/2613 2614/2614 2611/2611
f 2611/2611 2614/2614 2605/2605
f 2614/2614 2607/2607 2605/2605
f 2615/2615 2616/2616 2617/2617
f 2617/2617 2616/2616 2618/2618
f 2617/2617 2618/2618 2619/2619
f 2619/2619 2618/2618 2620/2620
f 2619/2619 2620/2620 2621/2621
f 2621/2621 2620/2620 2622/2622
f 2621/2621 2622/2622 2623/2623
f 2623/2623 2622/2622 2624/2624
f 2623/2623 2624/2624 2625/2625
f 2625/2625 2624/2624 2626/2626
f 2627/2627 2628/2628 2629/2629
f 2629/2629 2628/2628 2630/2630
f 2630/2630 2628/2628 2631/2631
f 2630/2630 2631/2631 2632/2632
f 2628/2628 2633/2633 2631/2631
f 2631/2631 2633/2633 2634/2634
f 2634/2634 2633/2633 2635/2635
f 2634/2634 2635/2635 2636/2636
f 2636/2636 2637/2637 2634/2634
f 2632/2632 2638/2638 2630/2630
f 2639/2639 2640/2640 2641/2641
f 2641/2641 2640/2640 2642/2642
f 2641/2641 2642/2642 2643/2643
f 2640/2640 2639/2639 2644/2644
f 2644/2644 2639/2639 2645/2645
f 2644/2644 2645/2645 2646/2646
f 2646/2646 2645/2645 2647/2647
f 2646/2646 2647/2647 2648/2648
f 2648/2648 2647/2647 2649/2649
f 2648/2648 2649/2649 2650/2650
f 2651/2651 2652/2652 2653/2653
f 2653/2653 2652/2652 2654/2654
f 2653/2653 2654/2654 2655/2655
f 2656/2656 2657/2657 2655/2655
f 2655/2655 2657/2657 2658/2658
f 2655/2655 2658/2658 2653/2653
f 2659/2659 2660/2660 2661/2661
f 2661/2661 2660/2660 2662/2662
f 2662/2662 2660/2660 2663/2663
f 2662/2662 2663/2663 2664/2664
f 2664/2664 2663/2663 2665/2665
f 2664/2664 2665/2665 2666/2666
f 2666/2666 2665/2665 2667/2667
f 2666/2666 2667/2667 2668/2668
f 2668/2668 2667/2667 2669/2669
f 2668/2668 2669/2669 2670/2670
f 2670/2670 2669/2669 2671/2671
f 2670/2670 2671/2671 2672/2672
f 2672/2672 2671/2671 2673/2673
f 2672/2672 2673/2673 2674/2674
f 2674/2674 2673/2673 2675/2675
f 2674/2674 2675/2675 2676/2676
f 2677/2677 2678/2678 2679/2679
f 2679/2679 2678/2678 2680/2680
f 2679/2679 2680/2680 2681/2681
f 2681/2681 2680/2680 2682/2682
f 2682/2682 2680/2680 2683/2683
f 2679/2679 2681/2681 2684/2684
f 2684/2684 2681/2681 2685/2685
f 2684/2684 2685/2685 2686/2686
f 2686/2686 2685/2685 2687/2687
f 2687/2687 2685/2685 2688/2688
f 2689/2689 2690/2690 2691/2691
f 2691/2691 2690/2690 2692/2692
f 2691/2691 2692/2692 2693/2693
f 2693/2693 2692/2692 2694/2694
f 2693/2693 2694/2694 2695/2695
f 2695/2695 2694/2694 2696/2696
f 2695/2695 2696/2696 2697/2697
f 2697/2697 2696/2696 2698/2698
f 2697/2697 2698/2698 2699/2699
f 2699/2699 2698/2698 2700/2700
f 2699/2699 2700/2700 2701/2701
f 2701/2701 2700/2700 2702/2702
f 2701/2701 2702/2702 2703/2703
f 2703/2703 2702/2702 2704/2704
f 2703/2703 2704/2704 2705/2705
f 2705/2705 2704/2704 2706/2706
f 2707/2707 2708/2708 2709/2709
f 2709/2709 2708/2708 2710/2710
f 2709/2709 2710/2710 2711/2711
f 2711/2711 2710/2710 2712/2712
f 2711/2711 2712/2712 2713/2713
f 2713/2713 2712/2712 2714/2714
f 2715/2715 2716/2716 2717/2717
f 2717/2717 2716/2716 2718/2718
f 2717/2717 2718/2718 2719/2719
f 2719/2719 2718/2718 2720/2720
f 2719/2719 2720/2720 2721/2721
f 2716/2716 2722/2722 2718/2718
f 2718/2718 2722/2722 2723/2723
f 2718/2718 2723/2723 2724/2724
f 2722/2722 2725/2725 2723/2723
f 2726/2726 2727/2727 2724/2724
f 2724/2724 2727/2727 2718/2718
f 2727/2727 2720/2720 2718/2718
f 2728/2728 2729/2729 2730/2730
f 2730/2730 2729/2729 2731/2731
f 2730/2730 2731/2731 2732/2732
f 2732/2732 2731/2731 2733/2733
f 2734/2734 2735/2735 2729/2729
f 2729/2729 2735/2735 2736/2736
f 2729/2729 2736/2736 2731/2731
f 2731/2731 2736/2736 2737/2737
f 2737/2737 2736/2736 2738/2738
f 2738/2738 2736/2736 2739/2739
f 2739/2739 2736/2736 2740/2740
f 2734/2734 2741/2741 2735/2735
f 2735/2735 2741/2741 2742/2742
f 2735/2735 2742/2742 2743/2743
f 2744/2744 2745/2745 2746/2746
f 2746/2746 2745/2745 2747/2747
f 2746/2746 2747/2747 2748/2748
f 2748/2748 2747/2747 2749/2749
f 2748/2748 2749/2749 2750/2750
f 2745/2745 2751/2751 2747/2747
f 2747/2747 2751/2751 2752/2752
f 2747/2747 2752/2752 2753/2753
f 2751/2751 2754/2754 2752/2752
f 2755/2755 2756/2756 2753/2753
f 2753/2753 2756/2756 2747/2747
f 2756/2756 2749/2749 2747/2747
f 2757/2757 2758/2758 2759/2759
f 2759/2759 2758/2758 2760/2760
f 2759/2759 2760/2760 2761/2761
f 2761/2761 2760/2760 2762/2762
f 2761/2761 2762/2762 2763/2763
f 2763/2763 2762/2762 2764/2764
f 2763/2763 2764/2764 2765/2765
f 2765/2765 2764/2764 2766/2766
f 2765/2765 2766/2766 2767/2767
f 2767/2767 2766/2766 2768/2768
f 2769/2769 2770/2770 2771/2771
f 2771/2771 2770/2770 2772/2772
f 2772/2772 2770/2770 2773/2773
f 2772/2772 2773/2773 2774/2774
f 2770/2770 2775/2775 2773/2773
f 2773/2773 2775/2775 2776/2776
f 2776/2776 2775/2775 2777/2777
f 2776/2776 2777/2777 2778/2778
f 2778/2778 2779/2779 2776/2776
f 2774/2774 2780/2780 2772/2772
f 2781/2781 2782/2782 2783/2783
f 2783/2783 2782/2782 2784/2784
f 2783/2783 2784/2784 2785/2785
f 2782/2782 2781/2781 2786/2786
f 2786/2786 2781/2781 2787/2787
f 2786/2786 2787/2787 2788/2788
f 2788/2788 2787/2787 2789/2789
f 2788/2788 2789/2789 2790/2790
f 2790/2790 2789/2789 2791/2791
f 2790/2790 2791/2791 2792/2792
f 2793/2793 2757/2757 2794/2794
f 2794/2794 2757/2757 2795/2795
f 2794/2794 2795/2795 2796/2796
f 2785/2785 2797/2797 2796/2796
f 2796/2796 2797/2797 2798/2798
f 2796/2796 2798/2798 2794/2794
f 2799/2799 2800/2800 2801/2801
f 2801/2801 2800/2800 2802/2802
f 2802/2802 2800/2800 2803/2803
f 2802/2802 2803/2803 2804/2804
f 2804/2804 2803/2803 2805/2805
f 2804/2804 2805/2805 2806/2806
f 2806/2806 2805/2805 2807/2807
f 2806/2806 2807/2807 2808/2808
f 2808/2808 2807/2807 2809/2809
f 2808/2808 2809/2809 2810/2810
f 2810/2810 2809/2809 2811/2811
f 2810/2810 2811/2811 2812/2812
f 2812/2812 2811/2811 2813/2813
f 2812/2812 2813/2813 2814/2814
f 2814/2814 2813/2813 2815/2815
f 2814/2814 2815/2815 2816/2816
f 2817/2817 2818/2818 2819/2819
f 2819/2819 2818/2818 2820/2820
f 2819/2819 2820/2820 2821/2821
f 2821/2821 2820/2820 2822/2822
f 2822/2822 2820/2820 2823/2823
f 2819/2819 2821/2821 2824/2824
f 2824/2824 2821/2821 2825/2825
f 2824/2824 2825/2825 2826/2826
f 2826/2826 2825/2825 2827/2827
f 2827/2827 2825/2825 2828/2828
f 2829/2829 2830/2830 2831/2831
f 2831/2831 2830/2830 2832/2832
f 2831/2831 2832/2832 2833/2833
f 2833/2833 2832/2832 2834/2834
f 2833/2833 2834/2834 2835/2835
f 2835/2835 2834/2834 2836/2836
f 2835/2835 2836/2836 2837/2837
f 2837/2837 2836/2836 2838/2838
f 2837/2837 2838/2838 2839/2839
f 2839/2839 2838/2838 2840/2840
f 2839/2839 2840/2840 2841/2841
f 2841/2841 2840/2840 2842/2842
f 2841/2841 2842/2842 2843/2843
f 2843/2843 2842/2842 2844/2844
f 2843/2843 2844/2844 2845/2845
f 2845/2845 2844/2844 2846/2846
f 2847/2847 2848/2848 2849/2849
f 2849/2849 2848/2848 2850/2850
f 2849/2849 2850/2850 2851/2851
f 2851/2851 2850/2850 2852/2852
f 2851/2851 2852/2852 2853/2853
f 2853/2853 2852/2852 2854/2854
f 2855/2855 2856/2856 2857/2857
f 2857/2857 2856/2856 2858/2858
f 2858/2858 2856/2856 2859/2859
f 2858/2858 2859/2859 2860/2860
f 2859/2859 2856/2856 2861/2861
f 2861/2861 2856/2856 2862/2862
f 2861/2861 2862/2862 2863/2863
f 2863/2863 2864/2864 2861/2861
f 2861/2861 2864/2864 2865/2865
f 2861/2861 2866/2866 2859/2859
f 2859/2859 2866/2866 2867/2867
f 2867/2867 2866/2866 2868/2868
f 2868/2868 2866/2866 2869/2869
f 2869/2869 2866/2866 2870/2870
f 2871/2871 2872/2872 2873/2873
f 2873/2873 2872/2872 2874/2874
f 2873/2873 2874/2874 2875/2875
f 2875/2875 2874/2874 2876/2876
f 2875/2875 2876/2876 2877/2877
f 2872/2872 2878/2878 2874/2874
f 2874/2874 2878/2878 2879/2879
f 2874/2874 2879/2879 2880/2880
f 2878/2878 2881/2881 2879/2879
f 2882/2882 2883/2883 2880/2880
f 2880/2880 2883/2883 2874/2874
f 2883/2883 2876/2876 2874/2874
f 2884/2884 2885/2885 2886/2886
f 2886/2886 2885/2885 2887/2887
f 2886/2886 2887/2887 2888/2888
f 2888/2888 2887/2887 2889/2889
f 2888/2888 2889/2889 2890/2890
f 2885/2885 2891/2891 2887/2887
f 2887/2887 2891/2891 2892/2892
f 2887/2887 2892/2892 2893/2893
f 2891/2891 2894/2894 2892/2892
f 2895/2895 2896/2896 2893/2893
f 2893/2893 2896/2896 2887/2887
f 2896/2896 2889/2889 2887/2887
f 2897/2897 2898/2898 2899/2899
f 2899/2899 2898/2898 2900/2900
f 2899/2899 2900/2900 2901/2901
f 2901/2901 2900/2900 2902/2902
f 2901/2901 2902/2902 2903/2903
f 2903/2903 2902/2902 2904/2904
f 2903/2903 2904/2904 2905/2905
f 2905/2905 2904/2904 2906/2906
f 2905/2905 2906/2906 2907/2907
f 2907/2907 2906/2906 2908/2908
f 2909/2909 2910/2910 2911/2911
f 2911/2911 2910/2910 2912/2912
f 2912/2912 2910/2910 2913/2913
f 2912/2912 2913/2913 2914/2914
f 2910/2910 2915/2915 2913/2913
f 2913/2913 2915/2915 2916/2916
f 2916/2916 2915/2915 2917/2917
f 2916/2916 2917/2917 2918/2918
f 2918/2918 2919/2919 2916/2916
f 2914/2914 2920/2920 2912/2912
f 2921/2921 2922/2922 2923/2923
f 2923/2923 2922/2922 2924/2924
f 2923/2923 2924/2924 2925/2925
f 2922/2922 2921/2921 2926/2926
f 2926/2926 2921/2921 2927/2927
f 2926/2926 2927/2927 2928/2928
f 2928/2928 2927/2927 2929/2929
f 2928/2928 2929/2929 2930/2930
f 2930/2930 2929/2929 2931/2931
f 2930/2930 2931/2931 2932/2932
f 2933/2933 2934/2934 2935/2935
f 2935/2935 2934/2934 2936/2936
f 2935/2935 2936/2936 2937/2937
f 2938/2938 2939/2939 2937/2937
f 2937/2937 2939/2939 2940/2940
f 2937/2937 2940/2940 2935/2935
f 2941/2941 2942/2942 2943/2943
f 2943/2943 2942/2942 2944/2944
f 2944/2944 2942/2942 2945/2945
f 2944/2944 2945/2945 2946/2946
f 2946/2946 2945/2945 2947/2947
f 2946/2946 2947/2947 2948/2948
f 2948/2948 2947/2947 2949/2949
f 2948/2948 2949/2949 2950/2950
f 2950/2950 2949/2949 2951/2951
f 2950/2950 2951/2951 2952/2952
f 2952/2952 2951/2951 2953/2953
f 2952/2952 2953/2953 2954/2954
f 2954/2954 2953/2953 2955/2955
f 2954/2954 2955/2955 2956/2956
f 2956/2956 2955/2955 2957/2957
f 2956/2956 2957/2957 2958/2958
f 2959/2959 2960/2960 2961/2961
f 2961/2961 2960/2960 2962/2962
f 2961/2961 2962/2962 2963/2963
f 2963/2963 2962/2962 2964/2964
f 2964/2964 2962/2962 2965/2965
f 2961/2961 2963/2963 2966/2966
f 2966/2966 2963/2963 2967/2967
f 2966/2966 2967/2967 2968/2968
f 2968/2968 2967/2967 2969/2969
f 2969/2969 2967/2967 2970/2970
f 2971/2971 2972/2972 2973/2973
f 2973/2973 2972/2972 2974/2974
f 2973/2973 2974/2974 2975/2975
f 2975/2975 2974/2974 2976/2976
f 2975/2975 2976/2976 2977/2977
f 2977/2977 2976/2976 2978/2978
f 2977/2977 2978/2978 2979/2979
f 2979/2979 2978/2978 2980/2980
f 2979/2979 2980/2980 2981/2981
f 2981/2981 2980/2980 2982/2982
f 2981/2981 2982/2982 2983/2983
f 2983/2983 2982/2982 2984/2984
f 2983/2983 2984/2984 2985/2985
f 2985/2985 2984/2984 2986/2986
f 2985/2985 2986/2986 2987/2987
f 2987/2987 2986/2986 2988/2988
f 2989/2989 2990/2990 2991/2991
f 2991/2991 2990/2990 2992/2992
f 2991/2991 2992/2992 2993/2993
f 2993/2993 2992/2992 2994/2994
f 2993/2993 2994/2994 2995/2995
f 2995/2995 2994/2994 2996/2996
f 2997/2997 2998/2998 2999/2999
f 2999/2999 2998/2998 3000/3000
f 2999/2999 3000/3000 3001/3001
f 3001/3001 3000/3000 3002/3002
f 3001/3001 3002/3002 3003/3003
f 2998/2998 3004/3004 3000/3000
f 3000/3000 3004/3004 3005/3005
f 3000/3000 3005/3005 3006/3006
f 3004/3004 3007/3007 3005/3005
f 3008/3008 3009/3009 3006/3006
f 3006/3006 3009/3009 3000/3000
f 3009/3009 3002/3002 3000/3000
f 3010/3010 3011/3011 3012/3012
f 3012/3012 3011/3011 3013/3013
f 3012/3012 3013/3013 3014/3014
f 3014/3014 3013/3013 3015/3015
f 3014/3014 3015/3015 3016/3016
f 3011/3011 3017/3017 3013/3013
f 3013/3013 3017/3017 3018/3018
f 3013/3013 3018/3018 3019/3019
f 3017/3017 3020/3020 3018/3018
f 3021/3021 3022/3022 3019/3019
f 3019/3019 3022/3022 3013/3013
f 3022/3022 3015/3015 3013/3013
f 3023/3023 3024/3024 3025/3025
f 3025/3025 3024/3024 3026/3026
f 3025/3025 3026/3026 3027/3027
f 3027/3027 3026/3026 3028/3028
f 3029/3029 3030/3030 3024/3024
f 3024/3024 3030/3030 3031/3031
f 3024/3024 3031/3031 3026/3026
f 3026/3026 3031/3031 3032/3032
f 3032/3032 3031/3031 3033/3033
f 3033/3033 3031/3031 3034/3034
f 3034/3034 3031/3031 3035/3035
f 3029/3029 3036/3036 3030/3030
f 3030/3030 3036/3036 3037/3037
f 3030/3030 3037/3037 3038/3038
f 3039/3039 3040/3040 3041/3041
f 3041/3041 3040/3040 3042/3042
f 3041/3041 3042/3042 3043/3043
f 3043/3043 3042/3042 3044/3044
f 3043/3043 3044/3044 3045/3045
f 3045/3045 3044/3044 3046/3046
f 3045/3045 3046/3046 3047/3047
f 3047/3047 3046/3046 3048/3048
f 3047/3047 3048/3048 3049/3049
f 3049/3049 3048/3048 3050/3050
f 3051/3051 3052/3052 3053/3053
f 3053/3053 3052/3052 3054/3054
f 3054/3054 3052/3052 3055/3055
f 3054/3054 3055/3055 3056/3056
f 3052/3052 3057/3057 3055/3055
f 3055/3055 3057/3057 3058/3058
f 3058/3058 3057/3057 3059/3059
f 3058/3058 3059/3059 3060/3060
f 3060/3060 3061/3061 3058/3058
f 3056/3056 3062/3062 3054/3054
f 3063/3063 3064/3064 3065/3065
f 3065/3065 3064/3064 3066/3066
f 3065/3065 3066/3066 3067/3067
f 3064/3064 3063/3063 3068/3068
f 3068/3068 3063/3063 3069/3069
f 3068/3068 3069/3069 3070/3070
f 3070/3070 3069/3069 3071/3071
f 3070/3070 3071/3071 3072/3072
f 3072/3072 3071/3071 3073/3073
f 3072/3072 3073/3073 3074/3074
f 3075/3075 3039/3039 3076/3076
f 3076/3076 3039/3039 3077/3077
f 3076/3076 3077/3077 3078/3078
f 3067/3067 3079/3079 3078/3078
f 3078/3078 3079/3079 3080/3080
f 3078/3078 3080/3080 3076/3076
f 3081/3081 3082/3082 3083/3083
f 3083/3083 3082/3082 3084/3084
f 3084/3084 3082/3082 3085/3085
f 3084/3084 3085/3085 3086/3086
f 3086/3086 3085/3085 3087/3087
f 3086/3086 3087/3087 3088/3088
f 3088/3088 3087/3087 3089/3089
f 3088/3088 3089/3089 3090/3090
f 3090/3090 3089/3089 3091/3091
f 3090/3090 3091/3091 3092/3092
f 3092/3092 3091/3091 3093/3093
f 3092/3092 3093/3093 3094/3094
f 3094/3094 3093/3093 3095/3095
f 3094/3094 3095/3095 3096/3096
f 3096/3096 3095/3095 3097/3097
f 3096/3096 3097/3097 3098/3098
f 3099/3099 3100/3100 3101/3101
f 3101/3101 3100/3100 3102/3102
f 3101/3101 3102/3102 3103/3103
f 3103/3103 3102/3102 3104/3104
f 3104/3104 3102/3102 3105/3105
f 3101/3101 3103/3103 3106/3106
f 3106/3106 3103/3103 3107/3107
f 3106/3106 3107/3107 3108/3108
f 3108/3108 3107/3107 3109/3109
f 3109/3109 3107/3107 3110/3110
f 3111/3111 3112/3112 3113/3113
f 3113/3113 3112/3112 3114/3114
f 3113/3113 3114/3114 3115/3115
f 3115/3115 3114/3114 3116/3116
f 3115/3115 3116/3116 3117/3117
f 3117/3117 3116/3116 3118/3118
f 3117/3117 3118/3118 3119/3119
f 3119/3119 3118/3118 3120/3120
f 3119/3119 3120/3120 3121/3121
f 3121/3121 3120/3120 3122/3122
f 3121/3121 3122/3122 3123/3123
f 3123/3123 3122/3122 3124/3124
f 3123/3123 3124/3124 3125/3125
f 3125/3125 3124/3124 3126/3126
f 3125/3125 3126/3126 3127/3127
f 3127/3127 3126/3126 3128/3128
f 3129/3129 3130/3130 3131/3131
f 3131/3131 3130/3130 3132/3132
f 3131/3131 3132/3132 3133/3133
f 3133/3133 3132/3132 3134/3134
f 3133/3133 3134/3134 3135/3135
f 3135/3135 3134/3134 3136/3136
f 3137/3137 3138/3138 3139/3139
f 3139/3139 3138/3138 3140/3140
f 3139/3139 3140/3140 3141/3141
f 3141/3141 3140/3140 3142/3142
f 3141/3141 3142/3142 3143/3143
f 3138/3138 3144/3144 3140/3140
f 3140/3140 3144/3144 3145/3145
f 3140/3140 3145/3145 3146/3146
f 3144/3144 3147/3147 3145/3145
f 3148/3148 3149/3149 3146/3146
f 3146/3146 3149/3149 3140/3140
f 3149/3149 3142/3142 3140/3140
f 3150/3150 3151/3151 3152/3152
f 3152/3152 3151/3151 3153/3153
f 3153/3153 3151/3151 3154/3154
f 3153/3153 3154/3154 3155/3155
f 3154/3154 3151/3151 3156/3156
f 3156/3156 3151/3151 3157/3157
f 3156/3156 3157/3157 3158/3158
f 3158/3158 3159/3159 3156/3156
f 3156/3156 3159/3159 3160/3160
f 3156/3156 3161/3161 3154/3154
f 3154/3154 3161/3161 3162/3162
f 3162/3162 3161/3161 3163/3163
f 3163/3163 3161/3161 3164/3164
f 3164/3164 3161/3161 3165/3165
f 3166/3166 3167/3167 3168/3168
f 3168/3168 3167/3167 3169/3169
f 3168/3168 3169/3169 3170/3170
f 3170/3170 3169/3169 3171/3171
f 3170/3170 3171/3171 3172/3172
f 3167/3167 3173/3173 3169/3169
f 3169/3169 3173/3173 3174/3174
f 3169/3169 3174/3174 3175/3175
f 3173/3173 3176/3176 3174/3174
f 3177/3177 3178/3178 3175/3175
f 3175/3175 3178/3178 3169/3169
f 3178/3178 3171/3171 3169/3169
f 3179/3179 3180/3180 3181/3181
f 3181/3181 3180/3180 3182/3182
f 3181/3181 3182/3182 3183/3183
f 3183/3183 3182/3182 3184/3184
f 3183/3183 3184/3184 3185/3185
f 3185/3185 3184/3184 3186/3186
f 3185/3185 3186/3186 3187/3187
f 3187/3187 3186/3186 3188/3188
f 3187/3187 3188/3188 3189/3189
f 3189/3189 3188/3188 3190/3190
f 3191/3191 3192/3192 3193/3193
f 3193/3193 3192/3192 3194/3194
f 3194/3194 3192/3192 3195/3195
f 3194/3194 3195/3195 3196/3196
f 3192/3192 3197/3197 3195/3195
f 3195/3195 3197/3197 3198/3198
f 3198/3198 3197/3197 3199/3199
f 3198/3198 3199/3199 3200/3200
f 3200/3200 3201/3201 3198/3198
f 3196/3196 3202/3202 3194/3194
f 3203/3203 3204/3204 3205/3205
f 3205/3205 3204/3204 3206/3206
f 3205/3205 3206/3206 3207/3207
f 3204/3204 3203/3203 3208/3208
f 3208/3208 3203/3203 3209/3209
f 3208/3208 3209/3209 3210/3210
f 3210/3210 3209/3209 3211/3211
f 3210/3210 3211/3211 3212/3212
f 3212/3212 3211/3211 3213/3213
f 3212/3212 3213/3213 3214/3214
f 3215/3215 3216/3216 3217/3217
f 3217/3217 3216/3216 3218/3218
f 3217/3217 3218/3218 3219/3219
f 3220/3220 3221/3221 3219/3219
f 3219/3219 3221/3221 3222/3222
f 3219/3219 3222/3222 3217/3217
f 3223/3223 3224/3224 3225/3225
f 3225/3225 3224/3224 3226/3226
f 3226/3226 3224/3224 3227/3227
f 3226/3226 3227/3227 3228/3228
f 3228/3228 3227/3227 3229/3229
f 3228/3228 3229/3229 3230/3230
f 3230/3230 3229/3229 3231/3231
f 3230/3230 3231/3231 3232/3232
f 3232/3232 3231/3231 3233/3233
f 3232/3232 3233/3233 3234/3234
f 3234/3234 3233/3233 3235/3235
f 3234/3234 3235/3235 3236/3236
f 3236/3236 3235/3235 3237/3237
f 3236/3236 3237/3237 3238/3238
f 3238/3238 3237/3237 3239/3239
f 3238/3238 3239/3239 3240/3240
f 3241/3241 3242/3242 3243/3243
f 3243/3243 3242/3242 3244/3244
f 3243/3243 3244/3244 3245/3245
f 3245/3245 3244/3244 3246/3246
f 3246/3246 3244/3244 3247/3247
f 3243/3243 3245/3245 3248/3248
f 3248/3248 3245/3245 3249/3249
f 3248/3248 3249/3249 3250/3250
f 3250/3250 3249/3249 3251/3251
f 3251/3251 3249/3249 3252/3252
f 3253/3253 3254/3254 3255/3255
f 3255/3255 3254/3254 3256/3256
f 3255/3255 3256/3256 3257/3257
f 3257/3257 3256/3256 3258/3258
f 3257/3257 3258/3258 3259/3259
f 3259/3259 3258/3258 3260/3260
f 3259/3259 3260/3260 3261/3261
f 3261/3261 3260/3260 3262/3262
f 3261/3261 3262/3262 3263/3263
f 3263/3263 3262/3262 3264/3264
f 3263/3263 3264/3264 3265/3265
f 3265/3265 3264/3264 3266/3266
f 3265/3265 3266/3266 3267/3267
f 3267/3267 3266/3266 3268/3268
f 3267/3267 3268/3268 3269/3269
f 3269/3269 3268/3268 3270/3270
f 3271/3271 3272/3272 3273/3273
f 3273/3273 3272/3272 3274/3274
f 3273/3273 3274/3274 3275/3275
f 3275/3275 3274/3274 3276/3276
f 3275/3275 3276/3276 3277/3277
f 3277/3277 3276/3276 3278/3278
f 3279/3279 3280/3280 3281/3281
f 3281/3281 3280/3280 3282/3282
f 3281/3281 3282/3282 3283/3283
f 3283/3283 3282/3282 3284/3284
f 3283/3283 3284/3284 3285/3285
f 3280/3280 3286/3286 3282/3282
f 3282/3282 3286/3286 3287/3287
f 3282/3282 3287/3287 3288/3288
f 3286/3286 3289/3289 3287/3287
f 3290/3290 3291/3291 3288/3288
f 3288/3288 3291/3291 3282/3282
f 3291/3291 3284/3284 3282/3282
f 3292/3292 3293/3293 3294/3294
f 3294/3294 3293/3293 3295/3295
f 3295/3295 3293/3293 3296/3296
f 3295/3295 3296/3296 3297/3297
f 3296/3296 3293/3293 3298/3298
f 3298/3298 3293/3293 3299/3299
f 3298/3298 3299/3299 3300/3300
f 3300/3300 3301/3301 3298/3298
f 3298/3298 3301/3301 3302/3302
f 3298/3298 3303/3303 3296/3296
f 3296/3296 3303/3303 3304/3304
f 3304/3304 3303/3303 3305/3305
f 3305/3305 3303/3303 3306/3306
f 3306/3306 3303/3303 3307/3307
f 3308/3308 3309/3309 3310/3310
f 3310/3310 3309/3309 3311/3311
f 3310/3310 3311/3311 3312/3312
f 3312/3312 3311/3311 3313/3313
f 3312/3312 3313/3313 3314/3314
f 3314/3314 3313/3313 3315/3315
f 3314/3314 3315/3315 3316/3316
f 3316/3316 3315/3315 3317/3317
f 3316/3316 3317/3317 3318/3318
f 3318/3318 3317/3317 3319/3319
f 3318/3318 3319/3319 3320/3320
f 3320/3320 3319/3319 3321/3321
f 3320/3320 3321/3321 3322/3322
f 3322/3322 3321/3321 3323/3323
f 3322/3322 3323/3323 3324/3324
f 3324/3324 3323/3323 3325/3325
f 3324/3324 3325/3325 3326/3326
f 3326/3326 3325/3325 3327/3327
f 3326/3326 3327/3327 3328/3328
f 3328/3328 3327/3327 3329/3329
f 3328/3328 3329/3329 3330/3330
f 3330/3330 3329/3329 3331/3331
f 3330/3330 3331/3331 3332/3332
f 3332/3332 3331/3331 3333/3333
f 3332/3332 3333/3333 3334/3334
f 3334/3334 3333/3333 3335/3335
f 3334/3334 3335/3335 3336/3336
f 3336/3336 3335/3335 3337/3337
f 3336/3336 3337/3337 3338/3338
f 3338/3338 3337/3337 3339/3339
f 3338/3338 3339/3339 3340/3340
f 3340/3340 3339/3339 3341/3341
f 3340/3340 3341/3341 3342/3342
f 3342/3342 3341/3341 3343/3343
f 3342/3342 3343/3343 3344/3344
f 3344/3344 3343/3343 3345/3345
f 3344/3344 3345/3345 3346/3346
f 3346/3346 3345/3345 3347/3347
f 3346/3346 3347/3347 3348/3348
f 3348/3348 3347/3347 3349/3349
f 3348/3348 3349/3349 3350/3350
f 3350/3350 3349/3349 3351/3351
f 3350/3350 3351/3351 3352/3352
f 3352/3352 3351/3351 3353/3353
f 3352/3352 3353/3353 3354/3354
f 3354/3354 3353/3353 3355/3355
f 3354/3354 3355/3355 3356/3356
f 3356/3356 3355/3355 3357/3357
f 3356/3356 3357/3357 3358/3358
f 3358/3358 3357/3357 3359/3359
f 3358/3358 3359/3359 3360/3360
f 3360/3360 3359/3359 3361/3361
f 3360/3360 3361/3361 3362/3362
f 3362/3362 3361/3361 3363/3363
f 3362/3362 3363/3363 3364/3364
f 3364/3364 3363/3363 3365/3365
f 3364/3364 3365/3365 3366/3366
f 3366/3366 3365/3365 3367/3367
f 3366/3366 3367/3367 3368/3368
f 3368/3368 3367/3367 3369/3369
f 3368/3368 3369/3369 3370/3370
f 3370/3370 3369/3369 3371/3371
f 3372/3372 3373/3373 3374/3374
f 3374/3374 3373/3373 3375/3375
f 3374/3374 3375/3375 3376/3376
f 3376/3376 3375/3375 3377/3377
f 3376/3376 3377/3377 3378/3378
f 3378/3378 3377/3377 3379/3379
f 3378/3378 3379/3379 3380/3380
f 3380/3380 3379/3379 3381/3381
f 3380/3380 3381/3381 3382/3382
f 3382/3382 3381/3381 3383/3383
f 3382/3382 3383/3383 3384/3384
f 3384/3384 3383/3383 3385/3385
f 3384/3384 3385/3385 3386/3386
f 3386/3386 3385/3385 3387/3387
f 3386/3386 3387/3387 3388/3388
f 3388/3388 3387/3387 3389/3389
f 3388/3388 3389/3389 3390/3390
f 3390/3390 3389/3389 3391/3391
f 3390/3390 3391/3391 3392/3392
f 3392/3392 3391/3391 3393/3393
f 3392/3392 3393/3393 3394/3394
f 3394/3394 3393/3393 3395/3395
f 3394/3394 3395/3395 3396/3396
f 3396/3396 3395/3395 3397/3397
f 3396/3396 3397/3397 3398/3398
f 3398/3398 3397/3397 3399/3399
f 3398/3398 3399/3399 3400/3400
f 3400/3400 3399/3399 3401/3401
f 3400/3400 3401/3401 3402/3402
f 3402/3402 3401/3401 3403/3403
f 3402/3402 3403/3403 3404/3404
f 3404/3404 3403/3403 3405/3405
f 3404/3404 3405/3405 3406/3406
f 3406/3406 3405/3405 3407/3407
f 3406/3406 3407/3407 3408/3408
f 3408/3408 3407/3407 3409/3409
f 3408/3408 3409/3409 3410/3410
f 3410/3410 3409/3409 3411/3411
f 3410/3410 3411/3411 3412/3412
f 3412/3412 3411/3411 3413/3413
f 3412/3412 3413/3413 3414/3414
f 3414/3414 3413/3413 3415/3415
f 3414/3414 3415/3415 3416/3416
f 3416/3416 3415/3415 3417/3417
f 3416/3416 3417/3417 3418/3418
f 3418/3418 3417/3417 3419/3419
f 3418/3418 3419/3419 3420/3420
f 3420/3420 3419/3419 3421/3421
f 3420/3420 3421/3421 3422/3422
f 3422/3422 3421/3421 3423/3423
f 3422/3422 3423/3423 3424/3424
f 3424/3424 3423/3423 3425/3425
f 3424/3424 3425/3425 3426/3426
f 3426/3426 3425/3425 3427/3427
f 3426/3426 3427/3427 3428/3428
f 3428/3428 3427/3427 3429/3429
f 3428/3428 3429/3429 3308/3308
f 3308/3308 3429/3429 3309/3309
f 3430/3430 3431/3431 3432/3432
f 3432/3432 3431/3431 3433/3433
f 3432/3432 3433/3433 3434/3434
f 3434/3434 3433/3433 3435/3435
f 3434/3434 3435/3435 3436/3436
f 3436/3436 3435/3435 3437/3437
f 3436/3436 3437/3437 3438/3438
f 3438/3438 3437/3437 3439/3439
f 3438/3438 3439/3439 3440/3440
f 3440/3440 3439/3439 3441/3441
f 3440/3440 3441/3441 3442/3442
f 3442/3442 3441/3441 3443/3443
f 3442/3442 3443/3443 3444/3444
f 3444/3444 3443/3443 3445/3445
f 3444/3444 3445/3445 3446/3446
f 3446/3446 3445/3445 3447/3447
f 3446/3446 3447/3447 3448/3448
f 3448/3448 3447/3447 3449/3449
f 3448/3448 3449/3449 3450/3450
f 3450/3450 3449/3449 3451/3451
f 3450/3450 3451/3451 3452/3452
f 3452/3452 3451/3451 3453/3453
f 3452/3452 3453/3453 3454/3454
f 3454/3454 3453/3453 3455/3455
f 3454/3454 3455/3455 3456/3456
f 3456/3456 3455/3455 3457/3457
f 3456/3456 3457/3457 3458/3458
f 3458/3458 3457/3457 3459/3459
f 3458/3458 3459/3459 3460/3460
f 3460/3460 3459/3459 3461/3461
f 3460/3460 3461/3461 3462/3462
f 3462/3462 3461/3461 3463/3463
f 3462/3462 3463/3463 3464/3464
f 3464/3464 3463/3463 3465/3465
f 3464/3464 3465/3465 3466/3466
f 3466/3466 3465/3465 3467/3467
f 3466/3466 3467/3467 3468/3468
f 3468/3468 3467/3467 3469/3469
f 3468/3468 3469/3469 3470/3470
f 3470/3470 3469/3469 3471/3471
f 3470/3470 3471/3471 3472/3472
f 3472/3472 3471/3471 3473/3473
f 3472/3472 3473/3473 3474/3474
f 3474/3474 3473/3473 3475/3475
f 3474/3474 3475/3475 3476/3476
f 3476/3476 3475/3475 3477/3477
f 3476/3476 3477/3477 3478/3478
f 3478/3478 3477/3477 3479/3479
f 3478/3478 3479/3479 3480/3480
f 3480/3480 3479/3479 3481/3481
f 3480/3480 3481/3481 3482/3482
f 3482/3482 3481/3481 3483/3483
f 3482/3482 3483/3483 3484/3484
f 3484/3484 3483/3483 3485/3485
f 3484/3484 3485/3485 3486/3486
f 3486/3486 3485/3485 3487/3487
f 3486/3486 3487/3487 3488/3488
f 3488/3488 3487/3487 3489/3489
f 3488/3488 3489/3489 3490/3490
f 3490/3490 3489/3489 3491/3491
f 3490/3490 3491/3491 3492/3492
f 3492/3492 3491/3491 3493/3493
f 3494/3494 3495/3495 3496/3496
f 3496/3496 3495/3495 3497/3497
f 3496/3496 3497/3497 3498/3498
f 3498/3498 3497/3497 3499/3499
f 3498/3498 3499/3499 3500/3500
f 3500/3500 3499/3499 3501/3501
f 3500/3500 3501/3501 3502/3502
f 3502/3502 3501/3501 3503/3503
f 3502/3502 3503/3503 3504/3504
f 3504/3504 3503/3503 3505/3505
f 3504/3504 3505/3505 3506/3506
f 3506/3506 3505/3505 3507/3507
f 3506/3506 3507/3507 3508/3508
f 3508/3508 3507/3507 3509/3509
f 3508/3508 3509/3509 3510/3510
f 3510/3510 3509/3509 3511/3511
f 3510/3510 3511/3511 3512/3512
f 3512/3512 3511/3511 3513/3513
f 3512/3512 3513/3513 3514/3514
f 3514/3514 3513/3513 3515/3515
f 3514/3514 3515/3515 3516/3516
f 3516/3516 3515/3515 3517/3517
f 3516/3516 3517/3517 3518/3518
f 3518/3518 3517/3517 3519/3519
f 3518/3518 3519/3519 3520/3520
f 3520/3520 3519/3519 3521/3521
f 3520/3520 3521/3521 3522/3522
f 3522/3522 3521/3521 3523/3523
f 3522/3522 3523/3523 3524/3524
f 3524/3524 3523/3523 3525/3525
f 3524/3524 3525/3525 3526/3526
f 3526/3526 3525/3525 3527/3527
f 3526/3526 3527/3527 3528/3528
f 3528/3528 3527/3527 3529/3529
f 3528/3528 3529/3529 3530/3530
f 3530/3530 3529/3529 3531/3531
f 3530/3530 3531/3531 3532/3532
f 3532/3532 3531/3531 3533/3533
f 3532/3532 3533/3533 3534/3534
f 3534/3534 3533/3533 3535/3535
f 3534/3534 3535/3535 3536/3536
f 3536/3536 3535/3535 3537/3537
f 3536/3536 3537/3537 3538/3538
f 3538/3538 3537/3537 3539/3539
f 3538/3538 3539/3539 3540/3540
f 3540/3540 3539/3539 3541/3541
f 3540/3540 3541/3541 3542/3542
f 3542/3542 3541/3541 3543/3543
f 3542/3542 3543/3543 3544/3544
f 3544/3544 3543/3543 3545/3545
f 3544/3544 3545/3545 3546/3546
f 3546/3546 3545/3545 3547/3547
f 3546/3546 3547/3547 3548/3548
f 3548/3548 3547/3547 3549/3549
f 3548/3548 3549/3549 3550/3550
f 3550/3550 3549/3549 3551/3551
f 3550/3550 3551/3551 3430/3430
f 3430/3430 3551/3551 3431/3431
f 3373/3373 3552/3552 3375/3375
f 3375/3375 3552/3552 3553/3553
f 3375/3375 3553/3553 3377/3377
f 3377/3377 3553/3553 3554/3554
f 3377/3377 3554/3554 3379/3379
f 3379/3379 3554/3554 3555/3555
f 3379/3379 3555/3555 3381/3381
f 3381/3381 3555/3555 3556/3556
f 3381/3381 3556/3556 3383/3383
f 3383/3383 3556/3556 3557/3557
f 3383/3383 3557/3557 3385/3385
f 3385/3385 3557/3557 3558/3558
f 3385/3385 3558/3558 3387/3387
f 3387/3387 3558/3558 3559/3559
f 3387/3387 3559/3559 3389/3389
f 3389/3389 3559/3559 3560/3560
f 3389/3389 3560/3560 3391/3391
f 3391/3391 3560/3560 3561/3561
f 3391/3391 3561/3561 3393/3393
f 3393/3393 3561/3561 3562/3562
f 3393/3393 3562/3562 3395/3395
f 3395/3395 3562/3562 3563/3563
f 3395/3395 3563/3563 3397/3397
f 3397/3397 3563/3563 3564/3564
f 3397/3397 3564/3564 3399/3399
f 3399/3399 3564/3564 3565/3565
f 3399/3399 3565/3565 3401/3401
f 3401/3401 3565/3565 3566/3566
f 3401/3401 3566/3566 3403/3403
f 3403/3403 3566/3566 3567/3567
f 3403/3403 3567/3567 3405/3405
f 3405/3405 3567/3567 3568/3568
f 3405/3405 3568/3568 3407/3407
f 3407/3407 3568/3568 3569/3569
f 3407/3407 3569/3569 3409/3409
f 3409/3409 3569/3569 3570/3570
f 3409/3409 3570/3570 3411/3411
f 3411/3411 3570/3570 3571/3571
f 3411/3411 3571/3571 3413/3413
f 3413/3413 3571/3571 3572/3572
f 3413/3413 3572/3572 3415/3415
f 3415/3415 3572/3572 3573/3573
f 3415/3415 3573/3573 3417/3417
f 3417/3417 3573/3573 3574/3574
f 3417/3417 3574/3574 3419/3419
f 3419/3419 3574/3574 3575/3575
f 3419/3419 3575/3575 3421/3421
f 3421/3421 3575/3575 3576/3576
f 3421/3421 3576/3576 3423/3423
f 3423/3423 3576/3576 3577/3577
f 3423/3423 3577/3577 3425/3425
f 3425/3425 3577/3577 3578/3578
f 3425/3425 3578/3578 3427/3427
f 3427/3427 3578/3578 3579/3579
f 3427/3427 3579/3579 3429/3429
f 3429/3429 3579/3579 3580/3580
f 3429/3429 3580/3580 3309/3309
f 3309/3309 3580/3580 3581/3581
f 3309/3309 3581/3581 3311/3311
f 3311/3311 3581/3581 3582/3582
f 3311/3311 3582/3582 3313/3313
f 3313/3313 3582/3582 3583/3583
f 3313/3313 3583/3583 3315/3315
f 3315/3315 3583/3583 3584/3584
f 3315/3315 3584/3584 3317/3317
f 3317/3317 3584/3584 3585/3585
f 3317/3317 3585/3585 3319/3319
f 3319/3319 3585/3585 3586/3586
f 3319/3319 3586/3586 3321/3321
f 3321/3321 3586/3586 3587/3587
f 3321/3321 3587/3587 3323/3323
f 3323/3323 3587/3587 3588/3588
f 3323/3323 3588/3588 3325/3325
f 3325/3325 3588/3588 3589/3589
f 3325/3325 3589/3589 3327/3327
f 3327/3327 3589/3589 3590/3590
f 3327/3327 3590/3590 3329/3329
f 3329/3329 3590/3590 3591/3591
f 3329/3329 3591/3591 3331/3331
f 3331/3331 3591/3591 3592/3592
f 3331/3331 3592/3592 3333/3333
f 3333/3333 3592/3592 3593/3593
f 3333/3333 3593/3593 3335/3335
f 3335/3335 3593/3593 3594/3594
f 3335/3335 3594/3594 3337/3337
f 3337/3337 3594/3594 3595/3595
f 3337/3337 3595/3595 3339/3339
f 3339/3339 3595/3595 3596/3596
f 3339/3339 3596/3596 3341/3341
f 3341/3341 3596/3596 3597/3597
f 3341/3341 3597/3597 3343/3343
f 3343/3343 3597/3597 3598/3598
f 3343/3343 3598/3598 3345/3345
f 3345/3345 3598/3598 3599/3599
f 3345/3345 3599/3599 3347/3347
f 3347/3347 3599/3599 3600/3600
f 3347/3347 3600/3600 3349/3349
f 3349/3349 3600/3600 3601/3601
f 3349/3349 3601/3601 3351/3351
f 3351/3351 3601/3601 3602/3602
f 3351/3351 3602/3602 3353/3353
f 3353/3353 3602/3602 3603/3603
f 3353/3353 3603/3603 3355/3355
f 3355/3355 3603/3603 3604/3604
f 3355/3355 3604/3604 3357/3357
f 3357/3357 3604/3604 3605/3605
f 3357/3357 3605/3605 3359/3359
f 3359/3359 3605/3605 3606/3606
f 3359/3359 3606/3606 3361/3361
f 3361/3361 3606/3606 3607/3607
f 3361/3361 3607/3607 3363/3363
f 3363/3363 3607/3607 3608/3608
f 3363/3363 3608/3608 3365/3365
f 3365/3365 3608/3608 3609/3609
f 3365/3365 3609/3609 3367/3367
f 3367/3367 3609/3609 3610/3610
f 3367/3367 3610/3610 3369/3369
f 3369/3369 3610/3610 3611/3611
f 3369/3369 3611/3611 3371/3371
f 3371/3371 3611/3611 3612/3612
f 3552/3552 3493/3493 3553/3553
f 3553/3553 3493/3493 3491/3491
f 3553/3553 3491/3491 3554/3554
f 3554/3554 3491/3491 3489/3489
f 3554/3554 3489/3489 3555/3555
f 3555/3555 3489/3489 3487/3487
f 3555/3555 3487/3487 3556/3556
f 3556/3556 3487/3487 3485/3485
f 3556/3556 3485/3485 3557/3557
f 3557/3557 3485/3485 3483/3483
f 3557/3557 3483/3483 3558/3558
f 3558/3558 3483/3483 3481/3481
f 3558/3558 3481/3481 3559/3559
f 3559/3559 3481/3481 3479/3479
f 3559/3559 3479/3479 3560/3560
f 3560/3560 3479/3479 3477/3477
f 3560/3560 3477/3477 3561/3561
f 3561/3561 3477/3477 3475/3475
f 3561/3561 3475/3475 3562/3562
f 3562/3562 3475/3475 3473/3473
f 3562/3562 3473/3473 3563/3563
f 3563/3563 3473/3473 3471/3471
f 3563/3563 3471/3471 3564/3564
f 3564/3564 3471/3471 3469/3469
f 3564/3564 3469/3469 3565/3565
f 3565/3565 3469/3469 3467/3467
f 3565/3565 3467/3467 3566/3566
f 3566/3566 3467/3467 3465/3465
f 3566/3566 3465/3465 3567/3567
f 3567/3567 3465/3465 3463/3463
f 3567/3567 3463/3463 3568/3568
f 3568/3568 3463/3463 3461/3461
f 3568/3568 3461/3461 3569/3569
f 3569/3569 3461/3461 3459/3459
f 3569/3569 3459/3459 3570/3570
f 3570/3570 3459/3459 3457/3457
f 3570/3570 3457/3457 3571/3571
f 3571/3571 3457/3457 3455/3455
f 3571/3571 3455/3455 3572/3572
f 3572/3572 3455/3455 3453/3453
f 3572/3572 3453/3453 3573/3573
f 3573/3573 3453/3453 3451/3451
f 3573/3573 3451/3451 3574/3574
f 3574/3574 3451/3451 3449/3449
f 3574/3574 3449/3449 3575/3575
f 3575/3575 3449/3449 3447/3447
f 3575/3575 3447/3447 3576/3576
f 3576/3576 3447/3447 3445/3445
f 3576/3576 3445/3445 3577/3577
f 3577/3577 3445/3445 3443/3443
f 3577/3577 3443/3443 3578/3578
f 3578/3578 3443/3443 3441/3441
f 3578/3578 3441/3441 3579/3579
f 3579/3579 3441/3441 3439/3439
f 3579/3579 3439/3439 3580/3580
f 3580/3580 3439/3439 3437/3437
f 3580/3580 3437/3437 3581/3581
f 3581/3581 3437/3437 3435/3435
f 3581/3581 3435/3435 3582/3582
f 3582/3582 3435/3435 3433/3433
f 3582/3582 3433/3433 3583/3583
f 3583/3583 3433/3433 3431/3431
f 3583/3583 3431/3431 3584/3584
f 3584/3584 3431/3431 3551/3551
f 3584/3584 3551/3551 3585/3585
f 3585/3585 3551/3551 3549/3549
f 3585/3585 3549/3549 3586/3586
f 3586/3586 3549/3549 3547/3547
f 3586/3586 3547/3547 3587/3587
f 3587/3587 3547/3547 3545/3545
f 3587/3587 3545/3545 3588/3588
f 3588/3588 3545/3545 3543/3543
f 3588/3588 3543/3543 3589/3589
f 3589/3589 3543/3543 3541/3541
f 3589/3589 3541/3541 3590/3590
f 3590/3590 3541/3541 3539/3539
f 3590/3590 3539/3539 3591/3591
f 3591/3591 3539/3539 3537/3537
f 3591/3591 3537/3537 3592/3592
f 3592/3592 3537/3537 3535/3535
f 3592/3592 3535/3535 3593/3593
f 3593/3593 3535/3535 3533/3533
f 3593/3593 3533/3533 3594/3594
f 3594/3594 3533/3533 3531/3531
f 3594/3594 3531/3531 3595/3595
f 3595/3595 3531/3531 3529/3529
f 3595/3595 3529/3529 3596/3596
f 3596/3596 3529/3529 3527/3527
f 3596/3596 3527/3527 3597/3597
f 3597/3597 3527/3527 3525/3525
f 3597/3597 3525/3525 3598/3598
f 3598/3598 3525/3525 3523/3523
f 3598/3598 3523/3523 3599/3599
f 3599/3599 3523/3523 3521/3521
f 3599/3599 3521/3521 3600/3600
f 3600/3600 3521/3521 3519/3519
f 3600/3600 3519/3519 3601/3601
f 3601/3601 3519/3519 3517/3517
f 3601/3601 3517/3517 3602/3602
f 3602/3602 3517/3517 3515/3515
f 3602/3602 3515/3515 3603/3603
f 3603/3603 3515/3515 3513/3513
f 3603/3603 3513/3513 3604/3604
f 3604/3604 3513/3513 3511/3511
f 3604/3604 3511/3511 3605/3605
f 3605/3605 3511/3511 3509/3509
f 3605/3605 3509/3509 3606/3606
f 3606/3606 3509/3509 3507/3507
f 3606/3606 3507/3507 3607/3607
f 3607/3607 3507/3507 3505/3505
f 3607/3607 3505/3505 3608/3608
f 3608/3608 3505/3505 3503/3503
f 3608/3608 3503/3503 3609/3609
f 3609/3609 3503/3503 3501/3501
f 3609/3609 3501/3501 3610/3610
f 3610/3610 3501/3501 3499/3499
f 3610/3610 3499/3499 3611/3611
f 3611/3611 3499/3499 3497/3497
f 3611/3611 3497/3497 3612/3612
f 3612/3612 3497/3497 3495/3495
f 3613/3613 3614/3614 3615/3615
f 3615/3615 3614/3614 3616/3616
f 3615/3615 3616/3616 3617/3617
f 3617/3617 3616/3616 3618/3618
f 3617/3617 3618/3618 3619/3619
f 3619/3619 3618/3618 3620/3620
f 3619/3619 3620/3620 3621/3621
f 3621/3621 3620/3620 3622/3622
f 3621/3621 3622/3622 3623/3623
f 3623/3623 3622/3622 3624/3624
f 3623/3623 3624/3624 3625/3625
f 3614/3614 3613/3613 3626/3626
f 3626/3626 3613/3613 3627/3627
f 3626/3626 3627/3627 3628/3628
f 3628/3628 3627/3627 3629/3629
f 3628/3628 3629/3629 3630/3630
f 3630/3630 3629/3629 3631/3631
f 3630/3630 3631/3631 3632/3632
f 3633/3633 3634/3634 3635/3635
f 3635/3635 3634/3634 3636/3636
f 3635/3635 3636/3636 3637/3637
f 3637/3637 3636/3636 3638/3638
f 3637/3637 3638/3638 3639/3639
f 3639/3639 3638/3638 3640/3640
f 3639/3639 3640/3640 3641/3641
f 3641/3641 3640/3640 3642/3642
f 3641/3641 3642/3642 3643/3643
f 3643/3643 3642/3642 3644/3644
f 3643/3643 3644/3644 3645/3645
f 3645/3645 3644/3644 3646/3646
f 3645/3645 3646/3646 3647/3647
f 3647/3647 3646/3646 3648/3648
f 3647/3647 3648/3648 3649/3649
f 3649/3649 3648/3648 3650/3650
f 3649/3649 3650/3650 3651/3651
f 3651/3651 3650/3650 3652/3652
f 3651/3651 3652/3652 3653/3653
f 3653/3653 3652/3652 3654/3654
f 3654/3654 3652/3652 3655/3655
f 3656/3656 3657/3657 3658/3658
f 3658/3658 3657/3657 3659/3659
f 3658/3658 3659/3659 3660/3660
f 3634/3634 3633/3633 3661/3661
f 3661/3661 3633/3633 3662/3662
f 3661/3661 3662/3662 3663/3663
f 3663/3663 3662/3662 3664/3664
f 3663/3663 3664/3664 3665/3665
f 3665/3665 3664/3664 3666/3666
f 3665/3665 3666/3666 3667/3667
f 3667/3667 3666/3666 3668/3668
f 3667/3667 3668/3668 3669/3669
f 3669/3669 3668/3668 3670/3670
f 3669/3669 3670/3670 3671/3671
f 3671/3671 3670/3670 3672/3672
f 3671/3671 3672/3672 3673/3673
f 3673/3673 3672/3672 3674/3674
f 3673/3673 3674/3674 3660/3660
f 3660/3660 3674/3674 3658/3658
f 3675/3675 3676/3676 3677/3677
f 3677/3677 3676/3676 3678/3678
f 3677/3677 3678/3678 3679/3679
f 3679/3679 3678/3678 3680/3680
f 3679/3679 3680/3680 3681/3681
f 3681/3681 3680/3680 3682/3682
f 3681/3681 3682/3682 3683/3683
f 3683/3683 3682/3682 3684/3684
f 3683/3683 3684/3684 3685/3685
f 3685/3685 3684/3684 3686/3686
f 3685/3685 3686/3686 3687/3687
f 3687/3687 3686/3686 3688/3688
f 3687/3687 3688/3688 3689/3689
f 3689/3689 3688/3688 3690/3690
f 3689/3689 3690/3690 3691/3691
f 3691/3691 3690/3690 3692/3692
f 3691/3691 3692/3692 3693/3693
f 3693/3693 3692/3692 3694/3694
f 3693/3693 3694/3694 3695/3695
f 3695/3695 3694/3694 3696/3696
f 3695/3695 3696/3696 3697/3697
f 3697/3697 3696/3696 3698/3698
f 3697/3697 3698/3698 3699/3699
f 3699/3699 3698/3698 3700/3700
f 3699/3699 3700/3700 3701/3701
f 3701/3701 3700/3700 3702/3702
f 3701/3701 3702/3702 3703/3703
f 3703/3703 3702/3702 3704/3704
f 3703/3703 3704/3704 3705/3705
f 3705/3705 3704/3704 3706/3706
f 3705/3705 3706/3706 3707/3707
f 3707/3707 3706/3706 3708/3708
f 3707/3707 3708/3708 3709/3709
f 3709/3709 3708/3708 3710/3710
f 3709/3709 3710/3710 3711/3711
f 3711/3711 3710/3710 3712/3712
f 3711/3711 3712/3712 3713/3713
f 3713/3713 3712/3712 3714/3714
f 3713/3713 3714/3714 3715/3715
f 3715/3715 3714/3714 3716/3716
f 3715/3715 3716/3716 3717/3717
f 3717/3717 3716/3716 3718/3718
f 3717/3717 3718/3718 3719/3719
f 3719/3719 3718/3718 3720/3720
f 3719/3719 3720/3720 3721/3721
f 3721/3721 3720/3720 3722/3722
f 3721/3721 3722/3722 3723/3723
f 3723/3723 3722/3722 3724/3724
f 3723/3723 3724/3724 3725/3725
f 3725/3725 3724/3724 3726/3726
f 3725/3725 3726/3726 3727/3727
f 3727/3727 3726/3726 3728/3728
f 3727/3727 3728/3728 3729/3729
f 3729/3729 3728/3728 3730/3730
f 3729/3729 3730/3730 3731/3731
f 3731/3731 3730/3730 3732/3732
f 3731/3731 3732/3732 3733/3733
f 3733/3733 3732/3732 3734/3734
f 3735/3735 3736/3736 3737/3737
f 3737/3737 3736/3736 3738/3738
f 3737/3737 3738/3738 3739/3739
f 3739/3739 3738/3738 3740/3740
f 3739/3739 3740/3740 3741/3741
f 3741/3741 3740/3740 3742/3742
f 3741/3741 3742/3742 3743/3743
f 3743/3743 3742/3742 3744/3744
f 3743/3743 3744/3744 3745/3745
f 3745/3745 3744/3744 3746/3746
f 3745/3745 3746/3746 3747/3747
f 3747/3747 3746/3746 3748/3748
f 3747/3747 3748/3748 3749/3749
f 3749/3749 3748/3748 3750/3750
f 3749/3749 3750/3750 3751/3751
f 3751/3751 3750/3750 3752/3752
f 3751/3751 3752/3752 3753/3753
f 3753/3753 3752/3752 3754/3754
f 3753/3753 3754/3754 3755/3755
f 3755/3755 3754/3754 3756/3756
f 3755/3755 3756/3756 3757/3757
f 3757/3757 3756/3756 3758/3758
f 3757/3757 3758/3758 3759/3759
f 3759/3759 3758/3758 3760/3760
f 3759/3759 3760/3760 3761/3761
f 3761/3761 3760/3760 3762/3762
f 3761/3761 3762/3762 3763/3763
f 3763/3763 3762/3762 3764/3764
f 3763/3763 3764/3764 3765/3765
f 3765/3765 3764/3764 3766/3766
f 3765/3765 3766/3766 3767/3767
f 3767/3767 3766/3766 3768/3768
f 3767/3767 3768/3768 3769/3769
f 3769/3769 3768/3768 3770/3770
f 3769/3769 3770/3770 3771/3771
f 3771/3771 3770/3770 3772/3772
f 3771/3771 3772/3772 3773/3773
f 3773/3773 3772/3772 3774/3774
f 3773/3773 3774/3774 3775/3775
f 3775/3775 3774/3774 3776/3776
f 3775/3775 3776/3776 3777/3777
f 3777/3777 3776/3776 3778/3778
f 3777/3777 3778/3778 3779/3779
f 3779/3779 3778/3778 3780/3780
f 3779/3779 3780/3780 3781/3781
f 3781/3781 3780/3780 3782/3782
f 3781/3781 3782/3782 3783/3783
f 3783/3783 3782/3782 3784/3784
f 3783/3783 3784/3784 3785/3785
f 3785/3785 3784/3784 3786/3786
f 3785/3785 3786/3786 3787/3787
f 3787/3787 3786/3786 3788/3788
f 3787/3787 3788/3788 3675/3675
f 3675/3675 3788/3788 3676/3676

